[create-meeting] 1:32:05 PM INIT_START Runtime Version: nodejs:18.v63	Runtime Version ARN: arn:aws:lambda:us-east-1::runtime:ad007b64e69135315cba0d95ed797867707d928d1128edf4fa17a926a71f1718
[create-meeting] 1:32:06 PM START RequestId: e361082b-70a7-4cb6-b703-dc95830d98b7 Version: $LATEST
[create-meeting] 1:32:06 PM 2025-04-11T06:32:06.897Z	e361082b-70a7-4cb6-b703-dc95830d98b7	INFO	Creating meeting with clientRequestToken:  0e7e07eb-482a-488a-8b2a-0dedc89345ef externalMeetingId:  5f9d0000-289a-4030-a0f5-b8a8e9ab7731
[create-meeting] 1:32:07 PM 2025-04-11T06:32:07.725Z	e361082b-70a7-4cb6-b703-dc95830d98b7	INFO	Created Meeting Response:  67a099bf-82be-4c5d-bc38-da115a2c4804
[create-meeting] 1:32:07 PM END RequestId: e361082b-70a7-4cb6-b703-dc95830d98b7
[create-meeting] 1:32:07 PM REPORT RequestId: e361082b-70a7-4cb6-b703-dc95830d98b7	Duration: 838.06 ms	Billed Duration: 839 ms	Memory Size: 512 MB	Max Memory Used: 316 MB	Init Duration: 907.23 ms
[create-meeting] 1:32:41 PM START RequestId: d93d065e-5cf5-41aa-b842-8e311b2becfb Version: $LATEST
[create-meeting] 1:32:41 PM 2025-04-11T06:32:41.089Z	d93d065e-5cf5-41aa-b842-8e311b2becfb	INFO	Creating meeting with clientRequestToken:  67907391-74a1-4e2b-9672-0c4f40cfeb14 externalMeetingId:  fc739d62-ba68-497a-b3e6-f6b8d286b0f0
[create-meeting] 1:32:41 PM 2025-04-11T06:32:41.818Z	d93d065e-5cf5-41aa-b842-8e311b2becfb	INFO	Created Meeting Response:  dbc41934-35b2-4bb7-868f-5e0985974804
[create-meeting] 1:32:41 PM END RequestId: d93d065e-5cf5-41aa-b842-8e311b2becfb
[create-meeting] 1:32:41 PM REPORT RequestId: d93d065e-5cf5-41aa-b842-8e311b2becfb	Duration: 776.33 ms	Billed Duration: 777 ms	Memory Size: 512 MB	Max Memory Used: 316 MB
[get-meeting] 1:31:59 PM INIT_START Runtime Version: nodejs:18.v63	Runtime Version ARN: arn:aws:lambda:us-east-1::runtime:ad007b64e69135315cba0d95ed797867707d928d1128edf4fa17a926a71f1718
[get-meeting] 1:32:00 PM START RequestId: 0c920cfc-b31c-41f2-8095-d68a0f3318c2 Version: $LATEST
[get-meeting] 1:32:00 PM 2025-04-11T06:32:00.218Z	0c920cfc-b31c-41f2-8095-d68a0f3318c2	INFO	Getting meeting with meetingId:  a31dd937-f031-423b-9e6c-b6df3abf4804
[get-meeting] 1:32:00 PM 2025-04-11T06:32:00.896Z	0c920cfc-b31c-41f2-8095-d68a0f3318c2	ERROR	Failed to Get Meeting:  {
  error: NotFound: Meeting <a31dd937-f031-423b-9e6c-b6df3abf4804> not found
      at Object.kJ [as extractError] (file:///var/task/index.mjs:2:5259)
      at constructor.YJ (file:///var/task/index.mjs:2:17862)
      at constructor.callListeners (file:///var/task/index.mjs:2:48795)
      at constructor.emit (file:///var/task/index.mjs:2:48503)
      at constructor.emitEvent (file:///var/task/index.mjs:3:28427)
      at constructor.t (file:///var/task/index.mjs:3:23986)
      at Rc.runTo (file:///var/task/index.mjs:3:1217)
      at file:///var/task/index.mjs:3:1429
      at constructor.<anonymous> (file:///var/task/index.mjs:3:24200)
      at constructor.<anonymous> (file:///var/task/index.mjs:3:28482) {
    code: 'NotFound',
    '[Code]': 'See error.Code for details.',
    '[Message]': 'See error.Message for details.',
    '[RequestId]': 'See error.RequestId for details.',
    time: 2025-04-11T06:32:00.895Z,
    requestId: '6a6c6eab-1f0f-48b2-9709-956af9bc044d',
    statusCode: 404,
    retryable: false,
    retryDelay: 98.14092070209108
  },
  event: {
    resource: '/meetings/{MeetingID}',
    path: '/meetings/a31dd937-f031-423b-9e6c-b6df3abf4804',
    httpMethod: 'GET',
    headers: {
      Accept: '*/*',
      'Accept-Encoding': 'gzip, deflate, br',
      'Accept-Language': 'vi-VN,vi;q=0.9',
      'CloudFront-Forwarded-Proto': 'https',
      'CloudFront-Is-Desktop-Viewer': 'false',
      'CloudFront-Is-Mobile-Viewer': 'true',
      'CloudFront-Is-SmartTV-Viewer': 'false',
      'CloudFront-Is-Tablet-Viewer': 'false',
      'CloudFront-Viewer-ASN': '45899',
      'CloudFront-Viewer-Country': 'VN',
      Host: 'zyilyi1dgj.execute-api.us-east-1.amazonaws.com',
      origin: 'http://192.168.201.34:3000',
      priority: 'u=3, i',
      Referer: 'http://192.168.201.34:3000/',
      'sec-fetch-dest': 'empty',
      'sec-fetch-mode': 'cors',
      'sec-fetch-site': 'cross-site',
      'User-Agent': 'Mozilla/5.0 (iPhone; CPU iPhone OS 18_3_2 like Mac OS X) AppleWebKit/605.1.15 (KHTML, like Gecko) Version/18.3.1 Mobile/15E148 Safari/604.1',
      Via: '2.0 1208a36fc3799178ec2b731bb1b41b06.cloudfront.net (CloudFront)',
      'X-Amz-Cf-Id': 'K6Qh7Y9abCmJ02tw-YhRYTIvpq86-GtNWSHGKC8si_Wv-I10FrcXpQ==',
      'X-Amzn-Trace-Id': 'Root=1-67f8b75e-7e59fc86019aef8c22b54ef5',
      'X-Forwarded-For': '14.161.12.17, 15.158.13.112',
      'X-Forwarded-Port': '443',
      'X-Forwarded-Proto': 'https'
    },
    multiValueHeaders: {
      Accept: [Array],
      'Accept-Encoding': [Array],
      'Accept-Language': [Array],
      'CloudFront-Forwarded-Proto': [Array],
      'CloudFront-Is-Desktop-Viewer': [Array],
      'CloudFront-Is-Mobile-Viewer': [Array],
      'CloudFront-Is-SmartTV-Viewer': [Array],
      'CloudFront-Is-Tablet-Viewer': [Array],
      'CloudFront-Viewer-ASN': [Array],
      'CloudFront-Viewer-Country': [Array],
      Host: [Array],
      origin: [Array],
      priority: [Array],
      Referer: [Array],
      'sec-fetch-dest': [Array],
      'sec-fetch-mode': [Array],
      'sec-fetch-site': [Array],
      'User-Agent': [Array],
      Via: [Array],
      'X-Amz-Cf-Id': [Array],
      'X-Amzn-Trace-Id': [Array],
      'X-Forwarded-For': [Array],
      'X-Forwarded-Port': [Array],
      'X-Forwarded-Proto': [Array]
    },
    queryStringParameters: null,
    multiValueQueryStringParameters: null,
    pathParameters: { MeetingID: 'a31dd937-f031-423b-9e6c-b6df3abf4804' },
    stageVariables: null,
    requestContext: {
      resourceId: 'hp5a4n',
      resourcePath: '/meetings/{MeetingID}',
      httpMethod: 'GET',
      extendedRequestId: 'I2GW4GU1IAMEdFg=',
      requestTime: '11/Apr/2025:06:31:58 +0000',
      path: '/prod/meetings/a31dd937-f031-423b-9e6c-b6df3abf4804',
      accountId: '647755634525',
      protocol: 'HTTP/1.1',
      stage: 'prod',
      domainPrefix: 'zyilyi1dgj',
      requestTimeEpoch: 1744353118864,
      requestId: '2b7add82-0e30-4985-b582-426a8264b495',
      identity: [Object],
      domainName: 'zyilyi1dgj.execute-api.us-east-1.amazonaws.com',
      deploymentId: '7rxnsl',
      apiId: 'zyilyi1dgj'
    },
    body: null,
    isBase64Encoded: false
  }
}
[get-meeting] 1:32:00 PM END RequestId: 0c920cfc-b31c-41f2-8095-d68a0f3318c2
[get-meeting] 1:32:00 PM REPORT RequestId: 0c920cfc-b31c-41f2-8095-d68a0f3318c2	Duration: 692.93 ms	Billed Duration: 693 ms	Memory Size: 512 MB	Max Memory Used: 316 MB	Init Duration: 897.62 ms
[get-meeting] 1:32:01 PM START RequestId: e4cdadfa-9e5a-4e71-8538-9c02b67ca455 Version: $LATEST
[get-meeting] 1:32:01 PM 2025-04-11T06:32:01.602Z	e4cdadfa-9e5a-4e71-8538-9c02b67ca455	INFO	Getting meeting with meetingId:  a31dd937-f031-423b-9e6c-b6df3abf4804
[get-meeting] 1:32:02 PM 2025-04-11T06:32:02.224Z	e4cdadfa-9e5a-4e71-8538-9c02b67ca455	ERROR	Failed to Get Meeting:  {
  error: NotFound: Meeting <a31dd937-f031-423b-9e6c-b6df3abf4804> not found
      at Object.kJ [as extractError] (file:///var/task/index.mjs:2:5259)
      at constructor.YJ (file:///var/task/index.mjs:2:17862)
      at constructor.callListeners (file:///var/task/index.mjs:2:48795)
      at constructor.emit (file:///var/task/index.mjs:2:48503)
      at constructor.emitEvent (file:///var/task/index.mjs:3:28427)
      at constructor.t (file:///var/task/index.mjs:3:23986)
      at Rc.runTo (file:///var/task/index.mjs:3:1217)
      at file:///var/task/index.mjs:3:1429
      at constructor.<anonymous> (file:///var/task/index.mjs:3:24200)
      at constructor.<anonymous> (file:///var/task/index.mjs:3:28482) {
    code: 'NotFound',
    '[Code]': 'See error.Code for details.',
    '[Message]': 'See error.Message for details.',
    '[RequestId]': 'See error.RequestId for details.',
    time: 2025-04-11T06:32:02.224Z,
    requestId: '913e7d21-e104-45c9-b971-e8f70291329c',
    statusCode: 404,
    retryable: false,
    retryDelay: 0.05902213696897807
  },
  event: {
    resource: '/meetings/{MeetingID}',
    path: '/meetings/a31dd937-f031-423b-9e6c-b6df3abf4804',
    httpMethod: 'GET',
    headers: {
      Accept: '*/*',
      'Accept-Encoding': 'gzip, deflate, br',
      'Accept-Language': 'vi-VN,vi;q=0.9',
      'CloudFront-Forwarded-Proto': 'https',
      'CloudFront-Is-Desktop-Viewer': 'false',
      'CloudFront-Is-Mobile-Viewer': 'true',
      'CloudFront-Is-SmartTV-Viewer': 'false',
      'CloudFront-Is-Tablet-Viewer': 'false',
      'CloudFront-Viewer-ASN': '45899',
      'CloudFront-Viewer-Country': 'VN',
      Host: 'zyilyi1dgj.execute-api.us-east-1.amazonaws.com',
      origin: 'http://192.168.201.34:3000',
      priority: 'u=3, i',
      Referer: 'http://192.168.201.34:3000/',
      'sec-fetch-dest': 'empty',
      'sec-fetch-mode': 'cors',
      'sec-fetch-site': 'cross-site',
      'User-Agent': 'Mozilla/5.0 (iPhone; CPU iPhone OS 18_3_2 like Mac OS X) AppleWebKit/605.1.15 (KHTML, like Gecko) Version/18.3.1 Mobile/15E148 Safari/604.1',
      Via: '2.0 1208a36fc3799178ec2b731bb1b41b06.cloudfront.net (CloudFront)',
      'X-Amz-Cf-Id': 'w7Ud95q2EW8_00zmzdEM2Pbuvan3XT-ZOnXtla3imUd_QhvMmHBD7w==',
      'X-Amzn-Trace-Id': 'Root=1-67f8b761-6ef9fe756383483233929fd5',
      'X-Forwarded-For': '14.161.12.17, 15.158.13.79',
      'X-Forwarded-Port': '443',
      'X-Forwarded-Proto': 'https'
    },
    multiValueHeaders: {
      Accept: [Array],
      'Accept-Encoding': [Array],
      'Accept-Language': [Array],
      'CloudFront-Forwarded-Proto': [Array],
      'CloudFront-Is-Desktop-Viewer': [Array],
      'CloudFront-Is-Mobile-Viewer': [Array],
      'CloudFront-Is-SmartTV-Viewer': [Array],
      'CloudFront-Is-Tablet-Viewer': [Array],
      'CloudFront-Viewer-ASN': [Array],
      'CloudFront-Viewer-Country': [Array],
      Host: [Array],
      origin: [Array],
      priority: [Array],
      Referer: [Array],
      'sec-fetch-dest': [Array],
      'sec-fetch-mode': [Array],
      'sec-fetch-site': [Array],
      'User-Agent': [Array],
      Via: [Array],
      'X-Amz-Cf-Id': [Array],
      'X-Amzn-Trace-Id': [Array],
      'X-Forwarded-For': [Array],
      'X-Forwarded-Port': [Array],
      'X-Forwarded-Proto': [Array]
    },
    queryStringParameters: null,
    multiValueQueryStringParameters: null,
    pathParameters: { MeetingID: 'a31dd937-f031-423b-9e6c-b6df3abf4804' },
    stageVariables: null,
    requestContext: {
      resourceId: 'hp5a4n',
      resourcePath: '/meetings/{MeetingID}',
      httpMethod: 'GET',
      extendedRequestId: 'I2GXTFceoAMEtew=',
      requestTime: '11/Apr/2025:06:32:01 +0000',
      path: '/prod/meetings/a31dd937-f031-423b-9e6c-b6df3abf4804',
      accountId: '647755634525',
      protocol: 'HTTP/1.1',
      stage: 'prod',
      domainPrefix: 'zyilyi1dgj',
      requestTimeEpoch: 1744353121584,
      requestId: '1883ea58-9288-43ba-9ee2-7c0dea211892',
      identity: [Object],
      domainName: 'zyilyi1dgj.execute-api.us-east-1.amazonaws.com',
      deploymentId: '7rxnsl',
      apiId: 'zyilyi1dgj'
    },
    body: null,
    isBase64Encoded: false
  }
}
[get-meeting] 1:32:02 PM END RequestId: e4cdadfa-9e5a-4e71-8538-9c02b67ca455
[get-meeting] 1:32:02 PM REPORT RequestId: e4cdadfa-9e5a-4e71-8538-9c02b67ca455	Duration: 627.19 ms	Billed Duration: 628 ms	Memory Size: 512 MB	Max Memory Used: 316 MB
[get-meeting] 1:32:03 PM START RequestId: 94c4ebf1-b3ae-4458-87c1-e088e92826c5 Version: $LATEST
[get-meeting] 1:32:03 PM 2025-04-11T06:32:03.420Z	94c4ebf1-b3ae-4458-87c1-e088e92826c5	INFO	Getting meeting with meetingId:  a31dd937-f031-423b-9e6c-b6df3abf4804
[get-meeting] 1:32:04 PM 2025-04-11T06:32:04.042Z	94c4ebf1-b3ae-4458-87c1-e088e92826c5	ERROR	Failed to Get Meeting:  {
  error: NotFound: Meeting <a31dd937-f031-423b-9e6c-b6df3abf4804> not found
      at Object.kJ [as extractError] (file:///var/task/index.mjs:2:5259)
      at constructor.YJ (file:///var/task/index.mjs:2:17862)
      at constructor.callListeners (file:///var/task/index.mjs:2:48795)
      at constructor.emit (file:///var/task/index.mjs:2:48503)
      at constructor.emitEvent (file:///var/task/index.mjs:3:28427)
      at constructor.t (file:///var/task/index.mjs:3:23986)
      at Rc.runTo (file:///var/task/index.mjs:3:1217)
      at file:///var/task/index.mjs:3:1429
      at constructor.<anonymous> (file:///var/task/index.mjs:3:24200)
      at constructor.<anonymous> (file:///var/task/index.mjs:3:28482) {
    code: 'NotFound',
    '[Code]': 'See error.Code for details.',
    '[Message]': 'See error.Message for details.',
    '[RequestId]': 'See error.RequestId for details.',
    time: 2025-04-11T06:32:04.042Z,
    requestId: 'f7fc8fdf-f9df-4937-9f9a-2def544b4669',
    statusCode: 404,
    retryable: false,
    retryDelay: 70.0054440730505
  },
  event: {
    resource: '/meetings/{MeetingID}',
    path: '/meetings/a31dd937-f031-423b-9e6c-b6df3abf4804',
    httpMethod: 'GET',
    headers: {
      Accept: '*/*',
      'Accept-Encoding': 'gzip, deflate, br',
      'Accept-Language': 'vi-VN,vi;q=0.9',
      'CloudFront-Forwarded-Proto': 'https',
      'CloudFront-Is-Desktop-Viewer': 'false',
      'CloudFront-Is-Mobile-Viewer': 'true',
      'CloudFront-Is-SmartTV-Viewer': 'false',
      'CloudFront-Is-Tablet-Viewer': 'false',
      'CloudFront-Viewer-ASN': '45899',
      'CloudFront-Viewer-Country': 'VN',
      Host: 'zyilyi1dgj.execute-api.us-east-1.amazonaws.com',
      origin: 'http://192.168.201.34:3000',
      priority: 'u=3, i',
      Referer: 'http://192.168.201.34:3000/',
      'sec-fetch-dest': 'empty',
      'sec-fetch-mode': 'cors',
      'sec-fetch-site': 'cross-site',
      'User-Agent': 'Mozilla/5.0 (iPhone; CPU iPhone OS 18_3_2 like Mac OS X) AppleWebKit/605.1.15 (KHTML, like Gecko) Version/18.3.1 Mobile/15E148 Safari/604.1',
      Via: '2.0 1208a36fc3799178ec2b731bb1b41b06.cloudfront.net (CloudFront)',
      'X-Amz-Cf-Id': 'HbyCHPWx-LZDO1SvY4s4s70YK5wDkVtpaSwQMSkOIakIW6f7uTh0EQ==',
      'X-Amzn-Trace-Id': 'Root=1-67f8b763-20d2160f63a9ef610d2dc974',
      'X-Forwarded-For': '14.161.12.17, 15.158.13.73',
      'X-Forwarded-Port': '443',
      'X-Forwarded-Proto': 'https'
    },
    multiValueHeaders: {
      Accept: [Array],
      'Accept-Encoding': [Array],
      'Accept-Language': [Array],
      'CloudFront-Forwarded-Proto': [Array],
      'CloudFront-Is-Desktop-Viewer': [Array],
      'CloudFront-Is-Mobile-Viewer': [Array],
      'CloudFront-Is-SmartTV-Viewer': [Array],
      'CloudFront-Is-Tablet-Viewer': [Array],
      'CloudFront-Viewer-ASN': [Array],
      'CloudFront-Viewer-Country': [Array],
      Host: [Array],
      origin: [Array],
      priority: [Array],
      Referer: [Array],
      'sec-fetch-dest': [Array],
      'sec-fetch-mode': [Array],
      'sec-fetch-site': [Array],
      'User-Agent': [Array],
      Via: [Array],
      'X-Amz-Cf-Id': [Array],
      'X-Amzn-Trace-Id': [Array],
      'X-Forwarded-For': [Array],
      'X-Forwarded-Port': [Array],
      'X-Forwarded-Proto': [Array]
    },
    queryStringParameters: null,
    multiValueQueryStringParameters: null,
    pathParameters: { MeetingID: 'a31dd937-f031-423b-9e6c-b6df3abf4804' },
    stageVariables: null,
    requestContext: {
      resourceId: 'hp5a4n',
      resourcePath: '/meetings/{MeetingID}',
      httpMethod: 'GET',
      extendedRequestId: 'I2GXlFm0oAMEf8w=',
      requestTime: '11/Apr/2025:06:32:03 +0000',
      path: '/prod/meetings/a31dd937-f031-423b-9e6c-b6df3abf4804',
      accountId: '647755634525',
      protocol: 'HTTP/1.1',
      stage: 'prod',
      domainPrefix: 'zyilyi1dgj',
      requestTimeEpoch: 1744353123391,
      requestId: 'bd0f7ac0-829a-49c7-b98b-0eda315c82eb',
      identity: [Object],
      domainName: 'zyilyi1dgj.execute-api.us-east-1.amazonaws.com',
      deploymentId: '7rxnsl',
      apiId: 'zyilyi1dgj'
    },
    body: null,
    isBase64Encoded: false
  }
}
[get-meeting] 1:32:04 PM END RequestId: 94c4ebf1-b3ae-4458-87c1-e088e92826c5
[get-meeting] 1:32:04 PM REPORT RequestId: 94c4ebf1-b3ae-4458-87c1-e088e92826c5	Duration: 626.83 ms	Billed Duration: 627 ms	Memory Size: 512 MB	Max Memory Used: 316 MB
[get-meeting] 1:32:38 PM START RequestId: 1d556577-d342-4e9f-a90d-1e13be754de1 Version: $LATEST
[get-meeting] 1:32:38 PM 2025-04-11T06:32:38.765Z	1d556577-d342-4e9f-a90d-1e13be754de1	INFO	Getting meeting with meetingId:  67a099bf-82be-4c5d-bc38-da115a2c4804
[get-meeting] 1:32:39 PM 2025-04-11T06:32:39.488Z	1d556577-d342-4e9f-a90d-1e13be754de1	INFO	Get Meeting Response:  67a099bf-82be-4c5d-bc38-da115a2c4804
[get-meeting] 1:32:39 PM END RequestId: 1d556577-d342-4e9f-a90d-1e13be754de1
[get-meeting] 1:32:39 PM REPORT RequestId: 1d556577-d342-4e9f-a90d-1e13be754de1	Duration: 754.42 ms	Billed Duration: 755 ms	Memory Size: 512 MB	Max Memory Used: 316 MB
[create-attendee] 1:32:09 PM INIT_START Runtime Version: nodejs:18.v63	Runtime Version ARN: arn:aws:lambda:us-east-1::runtime:ad007b64e69135315cba0d95ed797867707d928d1128edf4fa17a926a71f1718
[create-attendee] 1:32:10 PM START RequestId: 4cc719e5-56aa-43db-a94b-98b8faaa582e Version: $LATEST
[create-attendee] 1:32:10 PM 2025-04-11T06:32:10.525Z	4cc719e5-56aa-43db-a94b-98b8faaa582e	INFO	Creating attendee with meetingId:  67a099bf-82be-4c5d-bc38-da115a2c4804 externalUserId:  Guide|1744353127835
[create-attendee] 1:32:11 PM 2025-04-11T06:32:11.280Z	4cc719e5-56aa-43db-a94b-98b8faaa582e	INFO	Created Attendee Response:  0c4d944e-8422-343e-130d-52cbecbd2d88
[create-attendee] 1:32:11 PM END RequestId: 4cc719e5-56aa-43db-a94b-98b8faaa582e
[create-attendee] 1:32:11 PM REPORT RequestId: 4cc719e5-56aa-43db-a94b-98b8faaa582e	Duration: 778.14 ms	Billed Duration: 779 ms	Memory Size: 512 MB	Max Memory Used: 316 MB	Init Duration: 933.09 ms
[create-attendee] 1:32:44 PM START RequestId: 5031d824-6094-4e24-b862-e6a9de6de8c7 Version: $LATEST
[create-attendee] 1:32:44 PM 2025-04-11T06:32:44.505Z	5031d824-6094-4e24-b862-e6a9de6de8c7	INFO	Creating attendee with meetingId:  dbc41934-35b2-4bb7-868f-5e0985974804 externalUserId:  Guide|1744353163485
[create-attendee] 1:32:45 PM 2025-04-11T06:32:45.228Z	5031d824-6094-4e24-b862-e6a9de6de8c7	INFO	Created Attendee Response:  9b31223c-af94-4728-f42c-f1da50a47736
[create-attendee] 1:32:45 PM END RequestId: 5031d824-6094-4e24-b862-e6a9de6de8c7
[create-attendee] 1:32:45 PM REPORT RequestId: 5031d824-6094-4e24-b862-e6a9de6de8c7	Duration: 760.48 ms	Billed Duration: 761 ms	Memory Size: 512 MB	Max Memory Used: 316 MB
[create-app-instance-user] 1:32:13 PM INIT_START Runtime Version: nodejs:18.v63	Runtime Version ARN: arn:aws:lambda:us-east-1::runtime:ad007b64e69135315cba0d95ed797867707d928d1128edf4fa17a926a71f1718
[create-app-instance-user] 1:32:14 PM START RequestId: fed542fe-0abc-461e-9d18-1c9aedede169 Version: $LATEST
[create-app-instance-user] 1:32:14 PM 2025-04-11T06:32:14.297Z	fed542fe-0abc-461e-9d18-1c9aedede169	INFO	Creating App Instance User with appInstanceArn:  arn:aws:chime:us-east-1:647755634525:app-instance/1007fa5f-d281-43e6-ac7d-758a23201cc0 appInstanceUserId:  4f1dce30-f686-44a0-be12-712108d7efd5 clientRequestToken:  3fc9eadd-95b7-4eb0-805d-cb96a96333a3 name:  Guide expirationCriterion:  CREATED_TIMESTAMP expirationDays:  1
[create-app-instance-user] 1:32:14 PM 2025-04-11T06:32:14.463Z	fed542fe-0abc-461e-9d18-1c9aedede169	INFO	Created App Instance User Response:  arn:aws:chime:us-east-1:647755634525:app-instance/1007fa5f-d281-43e6-ac7d-758a23201cc0/user/4f1dce30-f686-44a0-be12-712108d7efd5
[create-app-instance-user] 1:32:14 PM END RequestId: fed542fe-0abc-461e-9d18-1c9aedede169
[create-app-instance-user] 1:32:14 PM REPORT RequestId: fed542fe-0abc-461e-9d18-1c9aedede169	Duration: 198.19 ms	Billed Duration: 199 ms	Memory Size: 512 MB	Max Memory Used: 316 MB	Init Duration: 923.48 ms
[create-app-instance-user] 1:32:46 PM START RequestId: 358d0163-5c9e-40bb-b6f4-ef266880c686 Version: $LATEST
[create-app-instance-user] 1:32:46 PM 2025-04-11T06:32:46.361Z	358d0163-5c9e-40bb-b6f4-ef266880c686	INFO	Creating App Instance User with appInstanceArn:  arn:aws:chime:us-east-1:647755634525:app-instance/1007fa5f-d281-43e6-ac7d-758a23201cc0 appInstanceUserId:  f283d946-b560-4bef-b6bd-9ddb6016c469 clientRequestToken:  92921542-bc29-4ab5-b13e-2be182c86ddf name:  Guide expirationCriterion:  CREATED_TIMESTAMP expirationDays:  1
[create-app-instance-user] 1:32:46 PM 2025-04-11T06:32:46.513Z	358d0163-5c9e-40bb-b6f4-ef266880c686	INFO	Created App Instance User Response:  arn:aws:chime:us-east-1:647755634525:app-instance/1007fa5f-d281-43e6-ac7d-758a23201cc0/user/f283d946-b560-4bef-b6bd-9ddb6016c469
[create-app-instance-user] 1:32:46 PM END RequestId: 358d0163-5c9e-40bb-b6f4-ef266880c686
[create-app-instance-user] 1:32:46 PM REPORT RequestId: 358d0163-5c9e-40bb-b6f4-ef266880c686	Duration: 156.93 ms	Billed Duration: 157 ms	Memory Size: 512 MB	Max Memory Used: 316 MB
[create-channel] 1:32:16 PM INIT_START Runtime Version: nodejs:18.v63	Runtime Version ARN: arn:aws:lambda:us-east-1::runtime:ad007b64e69135315cba0d95ed797867707d928d1128edf4fa17a926a71f1718
[create-channel] 1:32:17 PM START RequestId: 55718043-7fb5-419b-95d2-41d562d389f7 Version: $LATEST
[create-channel] 1:32:17 PM 2025-04-11T06:32:17.425Z	55718043-7fb5-419b-95d2-41d562d389f7	INFO	Creating channel with appInstanceArn:  arn:aws:chime:us-east-1:647755634525:app-instance/1007fa5f-d281-43e6-ac7d-758a23201cc0 name:  LiveSession mode: UNRESTRICTED privacy:  PUBLIC clientRequestToken:  65e17107-87ef-4d17-8694-4472ff6b6873 chimeBearer:  arn:aws:chime:us-east-1:647755634525:app-instance/1007fa5f-d281-43e6-ac7d-758a23201cc0/user/4f1dce30-f686-44a0-be12-712108d7efd5 expirationCriterion:  LAST_MESSAGE_TIMESTAMP expirationDays:  1
[create-channel] 1:32:17 PM 2025-04-11T06:32:17.645Z	55718043-7fb5-419b-95d2-41d562d389f7	INFO	Created Channel Response:  arn:aws:chime:us-east-1:647755634525:app-instance/1007fa5f-d281-43e6-ac7d-758a23201cc0/channel/ef2147e0-2c75-4dec-a364-cdca651dadab
[create-channel] 1:32:17 PM END RequestId: 55718043-7fb5-419b-95d2-41d562d389f7
[create-channel] 1:32:17 PM REPORT RequestId: 55718043-7fb5-419b-95d2-41d562d389f7	Duration: 259.28 ms	Billed Duration: 260 ms	Memory Size: 512 MB	Max Memory Used: 316 MB	Init Duration: 941.70 ms
[create-channel] 1:32:47 PM START RequestId: 6c68d938-3fb5-4ebf-b46e-ea5f43bfafa8 Version: $LATEST
[create-channel] 1:32:47 PM 2025-04-11T06:32:47.724Z	6c68d938-3fb5-4ebf-b46e-ea5f43bfafa8	INFO	Creating channel with appInstanceArn:  arn:aws:chime:us-east-1:647755634525:app-instance/1007fa5f-d281-43e6-ac7d-758a23201cc0 name:  LiveSession mode: UNRESTRICTED privacy:  PUBLIC clientRequestToken:  3a03605b-ba46-4d8d-a4a2-0cb03e8150c7 chimeBearer:  arn:aws:chime:us-east-1:647755634525:app-instance/1007fa5f-d281-43e6-ac7d-758a23201cc0/user/f283d946-b560-4bef-b6bd-9ddb6016c469 expirationCriterion:  LAST_MESSAGE_TIMESTAMP expirationDays:  1
[create-channel] 1:32:47 PM 2025-04-11T06:32:47.942Z	6c68d938-3fb5-4ebf-b46e-ea5f43bfafa8	INFO	Created Channel Response:  arn:aws:chime:us-east-1:647755634525:app-instance/1007fa5f-d281-43e6-ac7d-758a23201cc0/channel/0351e726-0f70-4cd8-b6ac-8ce1750ace09
[create-channel] 1:32:47 PM END RequestId: 6c68d938-3fb5-4ebf-b46e-ea5f43bfafa8
[create-channel] 1:32:47 PM REPORT RequestId: 6c68d938-3fb5-4ebf-b46e-ea5f43bfafa8	Duration: 255.45 ms	Billed Duration: 256 ms	Memory Size: 512 MB	Max Memory Used: 316 MB
[add-channel-membership] 1:32:19 PM INIT_START Runtime Version: nodejs:18.v63	Runtime Version ARN: arn:aws:lambda:us-east-1::runtime:ad007b64e69135315cba0d95ed797867707d928d1128edf4fa17a926a71f1718
[add-channel-membership] 1:32:20 PM START RequestId: dadb2e63-ab8d-4e31-8e69-65937cf05c31 Version: $LATEST
[add-channel-membership] 1:32:20 PM 2025-04-11T06:32:20.523Z	dadb2e63-ab8d-4e31-8e69-65937cf05c31	INFO	Creating Channel Membership with channelArn:  arn%3Aaws%3Achime%3Aus-east-1%3A647755634525%3Aapp-instance%2F1007fa5f-d281-43e6-ac7d-758a23201cc0%2Fchannel%2Fef2147e0-2c75-4dec-a364-cdca651dadab memberArn:  arn:aws:chime:us-east-1:647755634525:app-instance/1007fa5f-d281-43e6-ac7d-758a23201cc0/user/4f1dce30-f686-44a0-be12-712108d7efd5 type: DEFAULT chimeBearer:  arn:aws:chime:us-east-1:647755634525:app-instance/1007fa5f-d281-43e6-ac7d-758a23201cc0/user/4f1dce30-f686-44a0-be12-712108d7efd5
[add-channel-membership] 1:32:20 PM 2025-04-11T06:32:20.675Z	dadb2e63-ab8d-4e31-8e69-65937cf05c31	INFO	Created Channel Membership Response:  {
  ChannelArn: 'arn:aws:chime:us-east-1:647755634525:app-instance/1007fa5f-d281-43e6-ac7d-758a23201cc0/channel/ef2147e0-2c75-4dec-a364-cdca651dadab',
  Member: {
    Arn: 'arn:aws:chime:us-east-1:647755634525:app-instance/1007fa5f-d281-43e6-ac7d-758a23201cc0/user/4f1dce30-f686-44a0-be12-712108d7efd5',
    Name: 'Guide'
  },
  SubChannelId: null
}
[add-channel-membership] 1:32:20 PM END RequestId: dadb2e63-ab8d-4e31-8e69-65937cf05c31
[add-channel-membership] 1:32:20 PM REPORT RequestId: dadb2e63-ab8d-4e31-8e69-65937cf05c31	Duration: 186.34 ms	Billed Duration: 187 ms	Memory Size: 512 MB	Max Memory Used: 316 MB	Init Duration: 935.86 ms
[add-channel-membership] 1:32:49 PM START RequestId: 04141caa-7a83-4d52-8059-1f810e9793ee Version: $LATEST
[add-channel-membership] 1:32:49 PM 2025-04-11T06:32:49.563Z	04141caa-7a83-4d52-8059-1f810e9793ee	INFO	Creating Channel Membership with channelArn:  arn%3Aaws%3Achime%3Aus-east-1%3A647755634525%3Aapp-instance%2F1007fa5f-d281-43e6-ac7d-758a23201cc0%2Fchannel%2F0351e726-0f70-4cd8-b6ac-8ce1750ace09 memberArn:  arn:aws:chime:us-east-1:647755634525:app-instance/1007fa5f-d281-43e6-ac7d-758a23201cc0/user/f283d946-b560-4bef-b6bd-9ddb6016c469 type: DEFAULT chimeBearer:  arn:aws:chime:us-east-1:647755634525:app-instance/1007fa5f-d281-43e6-ac7d-758a23201cc0/user/f283d946-b560-4bef-b6bd-9ddb6016c469
[add-channel-membership] 1:32:49 PM 2025-04-11T06:32:49.665Z	04141caa-7a83-4d52-8059-1f810e9793ee	INFO	Created Channel Membership Response:  {
  ChannelArn: 'arn:aws:chime:us-east-1:647755634525:app-instance/1007fa5f-d281-43e6-ac7d-758a23201cc0/channel/0351e726-0f70-4cd8-b6ac-8ce1750ace09',
  Member: {
    Arn: 'arn:aws:chime:us-east-1:647755634525:app-instance/1007fa5f-d281-43e6-ac7d-758a23201cc0/user/f283d946-b560-4bef-b6bd-9ddb6016c469',
    Name: 'Guide'
  },
  SubChannelId: null
}
[add-channel-membership] 1:32:49 PM END RequestId: 04141caa-7a83-4d52-8059-1f810e9793ee
[add-channel-membership] 1:32:49 PM REPORT RequestId: 04141caa-7a83-4d52-8059-1f810e9793ee	Duration: 143.87 ms	Billed Duration: 144 ms	Memory Size: 512 MB	Max Memory Used: 316 MB
[start-meeting-transcription] 1:32:16 PM INIT_START Runtime Version: nodejs:18.v63	Runtime Version ARN: arn:aws:lambda:us-east-1::runtime:ad007b64e69135315cba0d95ed797867707d928d1128edf4fa17a926a71f1718
[start-meeting-transcription] 1:32:17 PM START RequestId: cfbf7631-dcf9-4cd1-91d7-78cd845062de Version: $LATEST
[start-meeting-transcription] 1:32:17 PM 2025-04-11T06:32:17.635Z	cfbf7631-dcf9-4cd1-91d7-78cd845062de	INFO	Start MeetingTranscription with meetingId:  67a099bf-82be-4c5d-bc38-da115a2c4804 languageCode:  ja-JP
[start-meeting-transcription] 1:32:18 PM 2025-04-11T06:32:18.374Z	cfbf7631-dcf9-4cd1-91d7-78cd845062de	INFO	Started Meeting Transcription Response:  {}
[start-meeting-transcription] 1:32:18 PM END RequestId: cfbf7631-dcf9-4cd1-91d7-78cd845062de
[start-meeting-transcription] 1:32:18 PM REPORT RequestId: cfbf7631-dcf9-4cd1-91d7-78cd845062de	Duration: 756.97 ms	Billed Duration: 757 ms	Memory Size: 512 MB	Max Memory Used: 316 MB	Init Duration: 939.50 ms
[start-meeting-transcription] 1:32:49 PM START RequestId: 533379ae-ffe8-4021-876f-5c2fdde447c6 Version: $LATEST
[start-meeting-transcription] 1:32:49 PM 2025-04-11T06:32:49.216Z	533379ae-ffe8-4021-876f-5c2fdde447c6	INFO	Start MeetingTranscription with meetingId:  dbc41934-35b2-4bb7-868f-5e0985974804 languageCode:  ja-JP
[start-meeting-transcription] 1:32:49 PM 2025-04-11T06:32:49.958Z	533379ae-ffe8-4021-876f-5c2fdde447c6	INFO	Started Meeting Transcription Response:  {}
[start-meeting-transcription] 1:32:49 PM END RequestId: 533379ae-ffe8-4021-876f-5c2fdde447c6
[start-meeting-transcription] 1:32:49 PM REPORT RequestId: 533379ae-ffe8-4021-876f-5c2fdde447c6	Duration: 795.29 ms	Billed Duration: 796 ms	Memory Size: 512 MB	Max Memory Used: 316 MB
[get-tour] 1:31:39 PM INIT_START Runtime Version: nodejs:18.v63	Runtime Version ARN: arn:aws:lambda:us-east-1::runtime:ad007b64e69135315cba0d95ed797867707d928d1128edf4fa17a926a71f1718
[get-tour] 1:31:40 PM START RequestId: 58be8061-110c-4fcd-b3ac-de7231627026 Version: $LATEST
[get-tour] 1:31:40 PM 2025-04-11T06:31:40.065Z	58be8061-110c-4fcd-b3ac-de7231627026	INFO	Auth Header:  Bearer undefined
[get-tour] 1:31:40 PM 2025-04-11T06:31:40.067Z	58be8061-110c-4fcd-b3ac-de7231627026	ERROR	Failed to retrieve tour:  {
  error: Error: Invalid or expired token
      at v$ (file:///var/task/index.mjs:37:51811)
      at Runtime.amt [as handler] (file:///var/task/index.mjs:37:52494)
      at Runtime.handleOnceNonStreaming (file:///var/runtime/index.mjs:1173:29) {
    statusCode: 401
  },
  event: {
    resource: '/tours/{TourID}',
    path: '/tours/17761f15-d360-44fc-93d3-cc3ff6787dff',
    httpMethod: 'GET',
    headers: {
      Accept: '*/*',
      'Accept-Encoding': 'gzip, deflate, br, zstd',
      'Accept-Language': 'en-US,en;q=0.9,vi;q=0.8,zh-CN;q=0.7,zh;q=0.6',
      Authorization: 'Bearer undefined',
      'CloudFront-Forwarded-Proto': 'https',
      'CloudFront-Is-Desktop-Viewer': 'true',
      'CloudFront-Is-Mobile-Viewer': 'false',
      'CloudFront-Is-SmartTV-Viewer': 'false',
      'CloudFront-Is-Tablet-Viewer': 'false',
      'CloudFront-Viewer-ASN': '45899',
      'CloudFront-Viewer-Country': 'VN',
      Host: 'zfs1gdum83.execute-api.us-east-1.amazonaws.com',
      origin: 'http://localhost:3000',
      priority: 'u=1, i',
      Referer: 'http://localhost:3000/',
      'sec-ch-ua': '"Google Chrome";v="135", "Not-A.Brand";v="8", "Chromium";v="135"',
      'sec-ch-ua-mobile': '?0',
      'sec-ch-ua-platform': '"Windows"',
      'sec-fetch-dest': 'empty',
      'sec-fetch-mode': 'cors',
      'sec-fetch-site': 'cross-site',
      'User-Agent': 'Mozilla/5.0 (Windows NT 10.0; Win64; x64) AppleWebKit/537.36 (KHTML, like Gecko) Chrome/135.0.0.0 Safari/537.36',
      Via: '2.0 13f1a1e5c68772b2506f66fcc08cf3fc.cloudfront.net (CloudFront)',
      'X-Amz-Cf-Id': 'pnbhNj2jP7aXty-CBHTLo-BY-s0Ltsx4rsl9T7-YHZTqllPTUs1ogA==',
      'X-Amzn-Trace-Id': 'Root=1-67f8b74a-0fd674a67db07c681a2eb153',
      'X-Forwarded-For': '14.161.12.17, 15.158.13.11',
      'X-Forwarded-Port': '443',
      'X-Forwarded-Proto': 'https'
    },
    multiValueHeaders: {
      Accept: [Array],
      'Accept-Encoding': [Array],
      'Accept-Language': [Array],
      Authorization: [Array],
      'CloudFront-Forwarded-Proto': [Array],
      'CloudFront-Is-Desktop-Viewer': [Array],
      'CloudFront-Is-Mobile-Viewer': [Array],
      'CloudFront-Is-SmartTV-Viewer': [Array],
      'CloudFront-Is-Tablet-Viewer': [Array],
      'CloudFront-Viewer-ASN': [Array],
      'CloudFront-Viewer-Country': [Array],
      Host: [Array],
      origin: [Array],
      priority: [Array],
      Referer: [Array],
      'sec-ch-ua': [Array],
      'sec-ch-ua-mobile': [Array],
      'sec-ch-ua-platform': [Array],
      'sec-fetch-dest': [Array],
      'sec-fetch-mode': [Array],
      'sec-fetch-site': [Array],
      'User-Agent': [Array],
      Via: [Array],
      'X-Amz-Cf-Id': [Array],
      'X-Amzn-Trace-Id': [Array],
      'X-Forwarded-For': [Array],
      'X-Forwarded-Port': [Array],
      'X-Forwarded-Proto': [Array]
    },
    queryStringParameters: null,
    multiValueQueryStringParameters: null,
    pathParameters: { TourID: '17761f15-d360-44fc-93d3-cc3ff6787dff' },
    stageVariables: null,
    requestContext: {
      resourceId: 'shsu1k',
      resourcePath: '/tours/{TourID}',
      httpMethod: 'GET',
      extendedRequestId: 'I2GTvG1NoAMEkjw=',
      requestTime: '11/Apr/2025:06:31:38 +0000',
      path: '/prod/tours/17761f15-d360-44fc-93d3-cc3ff6787dff',
      accountId: '647755634525',
      protocol: 'HTTP/1.1',
      stage: 'prod',
      domainPrefix: 'zfs1gdum83',
      requestTimeEpoch: 1744353098796,
      requestId: 'de8518d1-d56c-4b09-9a1a-d1a9665ca48e',
      identity: [Object],
      domainName: 'zfs1gdum83.execute-api.us-east-1.amazonaws.com',
      deploymentId: 'trt6ha',
      apiId: 'zfs1gdum83'
    },
    body: null,
    isBase64Encoded: false
  }
}
[get-tour] 1:31:40 PM END RequestId: 58be8061-110c-4fcd-b3ac-de7231627026
[get-tour] 1:31:40 PM REPORT RequestId: 58be8061-110c-4fcd-b3ac-de7231627026	Duration: 59.79 ms	Billed Duration: 60 ms	Memory Size: 512 MB	Max Memory Used: 317 MB	Init Duration: 936.09 ms
[get-tour] 1:31:44 PM START RequestId: 51c0e1d0-cc26-43c2-8dbe-e3c002f5e9e2 Version: $LATEST
[get-tour] 1:31:44 PM 2025-04-11T06:31:44.979Z	51c0e1d0-cc26-43c2-8dbe-e3c002f5e9e2	INFO	Auth Header:  Bearer eyJhbGciOiJIUzI1NiIsInR5cCI6IkpXVCJ9.eyJ1c2VySWQiOiI2NGNiNDNjNy1mYzU0LTQwNGUtODJhZi02NmIyZGFkMzE1ZGUiLCJpYXQiOjE3NDQzNTMxMDMsImV4cCI6MTc0NDM1NDAwM30.iFDXXwLJNEvTApGf_4PaZeAXZw4V_8eJ8bwdzip2ohU
[get-tour] 1:31:45 PM 2025-04-11T06:31:45.549Z	51c0e1d0-cc26-43c2-8dbe-e3c002f5e9e2	INFO	Authenticated User: {
  password: '$2b$10$Fk8hSSFK9yWlmyCSdMBkfuaPNnfBiNoeOxzJxnhMOkDbsyMq9v0JO',
  active: 0,
  deleteFlag: 0,
  role: 0,
  userId: '64cb43c7-fc54-404e-82af-66b2dad315de',
  updatedAt: '2025-03-28T07:24:56.336Z',
  userName: 'admin',
  createdAt: '2025-03-28T07:24:56.336Z',
  updatedBy: 'admin',
  email: 'info-admin@gmail.com',
  createdBy: 'admin'
}
[get-tour] 1:31:45 PM 2025-04-11T06:31:45.549Z	51c0e1d0-cc26-43c2-8dbe-e3c002f5e9e2	INFO	Retrieving tour with tourId:  17761f15-d360-44fc-93d3-cc3ff6787dff
[get-tour] 1:31:46 PM 2025-04-11T06:31:46.027Z	51c0e1d0-cc26-43c2-8dbe-e3c002f5e9e2	INFO	Tour successfully retrieved:  {
  planningSalesOfficeName: '',
  tourNumber: 'Tour003',
  otherRemarks: 'allChat',
  updatedBy: '',
  createdBy: '64cb43c7-fc54-404e-82af-66b2dad315de',
  planningSalesOfficeTeamName: '',
  qrCodeDestination: '',
  meetingId: 'a31dd937-f031-423b-9e6c-b6df3abf4804',
  departureDate: '2025-04-10',
  contactPersonName: '',
  numberOfTransmitters: '',
  phoneNumberCustomer: '',
  numberOfDevices: '',
  acceptanceDate: '',
  createdAt: '2025-04-10T04:27:01.641Z',
  planningOfficeName: '',
  contactPersonEmail: '',
  emailCustomer: '',
  returnDate: '2025-04-18',
  deleteFlag: 0,
  channelId: 'c8bf7afb-419f-4324-92aa-4ce29f9cabf6',
  chatRestriction: 'allChat',
  processingNumber: '0001',
  tourName: 'Tour001',
  updatedAt: '',
  tourId: '17761f15-d360-44fc-93d3-cc3ff6787dff'
}
[get-tour] 1:31:46 PM END RequestId: 51c0e1d0-cc26-43c2-8dbe-e3c002f5e9e2
[get-tour] 1:31:46 PM REPORT RequestId: 51c0e1d0-cc26-43c2-8dbe-e3c002f5e9e2	Duration: 1051.43 ms	Billed Duration: 1052 ms	Memory Size: 512 MB	Max Memory Used: 317 MB
[list-tour] 1:32:51 PM INIT_START Runtime Version: nodejs:18.v63	Runtime Version ARN: arn:aws:lambda:us-east-1::runtime:ad007b64e69135315cba0d95ed797867707d928d1128edf4fa17a926a71f1718
[list-tour] 1:32:52 PM START RequestId: ec5fac80-dd0b-4bc5-bc4a-277a612fcac4 Version: $LATEST
[list-tour] 1:32:52 PM 2025-04-11T06:32:52.109Z	ec5fac80-dd0b-4bc5-bc4a-277a612fcac4	INFO	pageSize: 10
[list-tour] 1:32:52 PM 2025-04-11T06:32:52.111Z	ec5fac80-dd0b-4bc5-bc4a-277a612fcac4	INFO	exclusiveStartKey: undefined
[list-tour] 1:32:52 PM 2025-04-11T06:32:52.111Z	ec5fac80-dd0b-4bc5-bc4a-277a612fcac4	INFO	query: undefined
[list-tour] 1:32:52 PM 2025-04-11T06:32:52.111Z	ec5fac80-dd0b-4bc5-bc4a-277a612fcac4	INFO	Retrieving list of tours
[list-tour] 1:32:52 PM 2025-04-11T06:32:52.111Z	ec5fac80-dd0b-4bc5-bc4a-277a612fcac4	INFO	Auth Header:  Bearer eyJhbGciOiJIUzI1NiIsInR5cCI6IkpXVCJ9.eyJ1c2VySWQiOiI2NGNiNDNjNy1mYzU0LTQwNGUtODJhZi02NmIyZGFkMzE1ZGUiLCJpYXQiOjE3NDQzNTI4MzksImV4cCI6MTc0NDM1MzEzOX0.BzTgWNJoWOTY1mmuSeMQEOIqiR47gi7X3At5OjxcM2U
[list-tour] 1:32:52 PM 2025-04-11T06:32:52.127Z	ec5fac80-dd0b-4bc5-bc4a-277a612fcac4	ERROR	Failed to retrieve tours:  {
  error: Error: Invalid or expired token
      at v$ (file:///var/task/index.mjs:37:51811)
      at Runtime.amt [as handler] (file:///var/task/index.mjs:37:52905)
      at Runtime.handleOnceNonStreaming (file:///var/runtime/index.mjs:1173:29) {
    statusCode: 401
  },
  event: {
    resource: '/tours',
    path: '/tours',
    httpMethod: 'GET',
    headers: {
      Accept: '*/*',
      'Accept-Encoding': 'gzip, deflate, br',
      Authorization: 'Bearer eyJhbGciOiJIUzI1NiIsInR5cCI6IkpXVCJ9.eyJ1c2VySWQiOiI2NGNiNDNjNy1mYzU0LTQwNGUtODJhZi02NmIyZGFkMzE1ZGUiLCJpYXQiOjE3NDQzNTI4MzksImV4cCI6MTc0NDM1MzEzOX0.BzTgWNJoWOTY1mmuSeMQEOIqiR47gi7X3At5OjxcM2U',
      'CloudFront-Forwarded-Proto': 'https',
      'CloudFront-Is-Desktop-Viewer': 'true',
      'CloudFront-Is-Mobile-Viewer': 'false',
      'CloudFront-Is-SmartTV-Viewer': 'false',
      'CloudFront-Is-Tablet-Viewer': 'false',
      'CloudFront-Viewer-ASN': '45899',
      'CloudFront-Viewer-Country': 'VN',
      Host: 'zfs1gdum83.execute-api.us-east-1.amazonaws.com',
      'Postman-Token': 'ba32b2d1-1fc2-472f-b572-f112312d4a84',
      'User-Agent': 'PostmanRuntime/7.37.3',
      Via: '1.1 cae6b38d471b6aa5867578087cfab048.cloudfront.net (CloudFront)',
      'X-Amz-Cf-Id': 'pYIQODGP3aR1R0S6hGc4k6h_SBCXW8-BJvXeR1liJlSzmFY1_TX8qw==',
      'X-Amzn-Trace-Id': 'Root=1-67f8b792-1f51a779702c572379de6a3b',
      'X-Forwarded-For': '14.161.12.17, 15.158.13.44',
      'X-Forwarded-Port': '443',
      'X-Forwarded-Proto': 'https'
    },
    multiValueHeaders: {
      Accept: [Array],
      'Accept-Encoding': [Array],
      Authorization: [Array],
      'CloudFront-Forwarded-Proto': [Array],
      'CloudFront-Is-Desktop-Viewer': [Array],
      'CloudFront-Is-Mobile-Viewer': [Array],
      'CloudFront-Is-SmartTV-Viewer': [Array],
      'CloudFront-Is-Tablet-Viewer': [Array],
      'CloudFront-Viewer-ASN': [Array],
      'CloudFront-Viewer-Country': [Array],
      Host: [Array],
      'Postman-Token': [Array],
      'User-Agent': [Array],
      Via: [Array],
      'X-Amz-Cf-Id': [Array],
      'X-Amzn-Trace-Id': [Array],
      'X-Forwarded-For': [Array],
      'X-Forwarded-Port': [Array],
      'X-Forwarded-Proto': [Array]
    },
    queryStringParameters: { page: '1', pageSize: '10' },
    multiValueQueryStringParameters: { page: [Array], pageSize: [Array] },
    pathParameters: null,
    stageVariables: null,
    requestContext: {
      resourceId: 'h6nwgo',
      resourcePath: '/tours',
      httpMethod: 'GET',
      extendedRequestId: 'I2GfBGpToAMEESw=',
      requestTime: '11/Apr/2025:06:32:50 +0000',
      path: '/prod/tours',
      accountId: '647755634525',
      protocol: 'HTTP/1.1',
      stage: 'prod',
      domainPrefix: 'zfs1gdum83',
      requestTimeEpoch: 1744353170923,
      requestId: 'abc86efb-3baf-4951-918e-0cb771e19372',
      identity: [Object],
      domainName: 'zfs1gdum83.execute-api.us-east-1.amazonaws.com',
      deploymentId: 'trt6ha',
      apiId: 'zfs1gdum83'
    },
    body: null,
    isBase64Encoded: false
  }
}
[list-tour] 1:32:52 PM END RequestId: ec5fac80-dd0b-4bc5-bc4a-277a612fcac4
[list-tour] 1:32:52 PM REPORT RequestId: ec5fac80-dd0b-4bc5-bc4a-277a612fcac4	Duration: 60.10 ms	Billed Duration: 61 ms	Memory Size: 512 MB	Max Memory Used: 317 MB	Init Duration: 956.72 ms
[list-tour] 1:33:22 PM START RequestId: 96e69ea3-0b2c-49a4-8621-c3d513b6569e Version: $LATEST
[list-tour] 1:33:22 PM 2025-04-11T06:33:22.949Z	96e69ea3-0b2c-49a4-8621-c3d513b6569e	INFO	pageSize: 10
[list-tour] 1:33:22 PM 2025-04-11T06:33:22.965Z	96e69ea3-0b2c-49a4-8621-c3d513b6569e	INFO	exclusiveStartKey: undefined
[list-tour] 1:33:22 PM 2025-04-11T06:33:22.965Z	96e69ea3-0b2c-49a4-8621-c3d513b6569e	INFO	query: undefined
[list-tour] 1:33:22 PM 2025-04-11T06:33:22.966Z	96e69ea3-0b2c-49a4-8621-c3d513b6569e	INFO	Retrieving list of tours
[list-tour] 1:33:22 PM 2025-04-11T06:33:22.966Z	96e69ea3-0b2c-49a4-8621-c3d513b6569e	INFO	Auth Header:  Bearer eyJhbGciOiJIUzI1NiIsInR5cCI6IkpXVCJ9.eyJ1c2VySWQiOiI2NGNiNDNjNy1mYzU0LTQwNGUtODJhZi02NmIyZGFkMzE1ZGUiLCJpYXQiOjE3NDQzNTMxOTIsImV4cCI6MTc0NDM1MzQ5Mn0.0f38p0yU4XSOBOOb6ROEBSJy-3IVvxVI3a2q4zzV1oQ
[list-tour] 1:33:23 PM 2025-04-11T06:33:23.552Z	96e69ea3-0b2c-49a4-8621-c3d513b6569e	INFO	Authenticated User: {
  password: '$2b$10$Fk8hSSFK9yWlmyCSdMBkfuaPNnfBiNoeOxzJxnhMOkDbsyMq9v0JO',
  active: 0,
  deleteFlag: 0,
  role: 0,
  userId: '64cb43c7-fc54-404e-82af-66b2dad315de',
  updatedAt: '2025-03-28T07:24:56.336Z',
  userName: 'admin',
  createdAt: '2025-03-28T07:24:56.336Z',
  updatedBy: 'admin',
  email: 'info-admin@gmail.com',
  createdBy: 'admin'
}
[list-tour] 1:33:24 PM 2025-04-11T06:33:24.561Z	96e69ea3-0b2c-49a4-8621-c3d513b6569e	INFO	Tours successfully retrieved:  [
  {
    planningSalesOfficeName: '',
    tourNumber: 'Tour003',
    otherRemarks: 'allChat',
    updatedBy: '',
    createdBy: '64cb43c7-fc54-404e-82af-66b2dad315de',
    planningSalesOfficeTeamName: '',
    qrCodeDestination: '',
    meetingId: 'dbc41934-35b2-4bb7-868f-5e0985974804',
    departureDate: '2025-04-10',
    contactPersonName: '',
    numberOfTransmitters: '',
    phoneNumberCustomer: '',
    numberOfDevices: '',
    acceptanceDate: '',
    createdAt: '2025-04-10T04:27:01.641Z',
    planningOfficeName: '',
    contactPersonEmail: '',
    emailCustomer: '',
    returnDate: '2025-04-18',
    deleteFlag: 0,
    channelId: '0351e726-0f70-4cd8-b6ac-8ce1750ace09',
    chatRestriction: 'allChat',
    processingNumber: '0001',
    tourName: 'Tour001',
    updatedAt: '',
    tourId: '17761f15-d360-44fc-93d3-cc3ff6787dff'
  },
  {
    planningSalesOfficeName: '',
    tourNumber: 'B793696',
    otherRemarks: '',
    updatedBy: '',
    createdBy: '64cb43c7-fc54-404e-82af-66b2dad315de',
    planningSalesOfficeTeamName: 'test444',
    qrCodeDestination: 'test444',
    meetingId: '',
    departureDate: '2025-04-15',
    contactPersonName: 'test444',
    numberOfTransmitters: '',
    phoneNumberCustomer: '',
    numberOfDevices: '20',
    tourTestStatus: 'test',
    acceptanceDate: '2025-04-11T11:43',
    createdAt: '2025-04-11T04:44:50.276Z',
    planningOfficeName: 'test444',
    contactPersonEmail: 'test444@gmail.com',
    emailCustomer: '',
    returnDate: '2025-04-18',
    deleteFlag: 0,
    channelId: '',
    chatRestriction: 'allChat',
    processingNumber: 'Z000444',
    updatedAt: '',
    tourName: 'test444',
    tourId: 'c0b80dd8-098f-45c5-9de2-e173ed7fc11d'
  },
  {
    planningSalesOfficeName: '',
    tourNumber: 'Tour004',
    otherRemarks: 'allChat',
    updatedBy: '',
    createdBy: '64cb43c7-fc54-404e-82af-66b2dad315de',
    planningSalesOfficeTeamName: '',
    qrCodeDestination: '',
    meetingId: '',
    departureDate: '2025-04-10',
    contactPersonName: '',
    numberOfTransmitters: '',
    phoneNumberCustomer: '',
    numberOfDevices: '',
    acceptanceDate: '',
    createdAt: '2025-04-10T04:27:01.641Z',
    planningOfficeName: '',
    contactPersonEmail: '',
    emailCustomer: '',
    returnDate: '2025-04-18',
    deleteFlag: 0,
    channelId: '',
    chatRestriction: 'allChat',
    processingNumber: '0001',
    updatedAt: '',
    tourName: 'Tour001',
    tourId: 'f2e625f7-d6ab-44ba-972a-c09bcef956a0'
  },
  {
    planningSalesOfficeName: '',
    tourNumber: 'Tour001',
    otherRemarks: '',
    updatedBy: '',
    createdBy: '64cb43c7-fc54-404e-82af-66b2dad315de',
    planningSalesOfficeTeamName: '',
    qrCodeDestination: '',
    meetingId: '321b70b6-8b4c-45b5-b6ec-0185c4a44804',
    departureDate: '2025-04-10',
    contactPersonName: '',
    numberOfTransmitters: '',
    phoneNumberCustomer: '',
    numberOfDevices: '',
    tourTestStatus: 'test',
    acceptanceDate: '',
    createdAt: '2025-04-10T04:06:04.086Z',
    planningOfficeName: '',
    contactPersonEmail: '',
    emailCustomer: '',
    returnDate: '2025-04-12',
    deleteFlag: 0,
    channelId: '38175947-1640-46c8-87bd-db6d4e6ed13a',
    chatRestriction: 'allChat',
    processingNumber: 'Tour001',
    tourName: 'Tour001',
    updatedAt: '',
    tourId: '8ee26865-df26-43ad-a8fc-2346690db9f8'
  },
  {
    planningSalesOfficeName: '',
    tourNumber: 'H53859',
    otherRemarks: '',
    updatedBy: '',
    createdBy: '64cb43c7-fc54-404e-82af-66b2dad315de',
    planningSalesOfficeTeamName: 'test333',
    qrCodeDestination: 'test3333',
    meetingId: '',
    departureDate: '2025-04-17',
    contactPersonName: 'test333',
    numberOfTransmitters: '2',
    phoneNumberCustomer: '',
    numberOfDevices: '34',
    tourTestStatus: 'test',
    acceptanceDate: '2025-04-11T11:42',
    createdAt: '2025-04-11T04:43:29.183Z',
    planningOfficeName: 'test3333',
    contactPersonEmail: '',
    emailCustomer: '',
    returnDate: '2025-04-22',
    deleteFlag: 0,
    channelId: '',
    chatRestriction: 'allChat',
    processingNumber: 'Z00033',
    updatedAt: '',
    tourName: 'test3333',
    tourId: '8139f61b-272d-4740-b3f9-f3fcf53f4783'
  },
  {
    planningSalesOfficeName: '',
    tourNumber: 'Tour999',
    otherRemarks: '',
    updatedBy: '',
    createdBy: '64cb43c7-fc54-404e-82af-66b2dad315de',
    planningSalesOfficeTeamName: '',
    qrCodeDestination: '',
    meetingId: '499c2bd1-9b87-498f-b6dc-6424360d4804',
    departureDate: '2025-04-10',
    contactPersonName: '',
    numberOfTransmitters: '',
    phoneNumberCustomer: '',
    numberOfDevices: '',
    tourTestStatus: 'test',
    acceptanceDate: '',
    createdAt: '2025-04-10T08:31:25.094Z',
    planningOfficeName: '',
    contactPersonEmail: '',
    emailCustomer: '',
    returnDate: '2025-04-18',
    deleteFlag: 0,
    channelId: '500041df-fe31-4619-a7cf-47d8080da6c0',
    chatRestriction: 'allChat',
    processingNumber: 'Tour999',
    tourName: 'Tour999',
    updatedAt: '',
    tourId: '619fad25-2d70-468e-b93a-791c6b4606bc'
  }
]
[list-tour] 1:33:24 PM END RequestId: 96e69ea3-0b2c-49a4-8621-c3d513b6569e
[list-tour] 1:33:24 PM REPORT RequestId: 96e69ea3-0b2c-49a4-8621-c3d513b6569e	Duration: 1670.21 ms	Billed Duration: 1671 ms	Memory Size: 512 MB	Max Memory Used: 317 MB
[login] 1:33:11 PM START RequestId: ea052f67-7098-4ac3-965b-d6509df4e440 Version: $LATEST
[login] 1:33:11 PM 2025-04-11T06:33:11.673Z	ea052f67-7098-4ac3-965b-d6509df4e440	INFO	Retrieving user with email:  info-admin@gmail.com
[login] 1:33:12 PM 2025-04-11T06:33:12.205Z	ea052f67-7098-4ac3-965b-d6509df4e440	INFO	User successfully retrieved:  {
  password: '$2b$10$Fk8hSSFK9yWlmyCSdMBkfuaPNnfBiNoeOxzJxnhMOkDbsyMq9v0JO',
  active: 0,
  deleteFlag: 0,
  role: 0,
  updatedAt: '2025-03-28T07:24:56.336Z',
  userId: '64cb43c7-fc54-404e-82af-66b2dad315de',
  userName: 'admin',
  createdAt: '2025-03-28T07:24:56.336Z',
  updatedBy: 'admin',
  email: 'info-admin@gmail.com',
  createdBy: 'admin'
}
[login] 1:33:12 PM END RequestId: ea052f67-7098-4ac3-965b-d6509df4e440
[login] 1:33:12 PM REPORT RequestId: ea052f67-7098-4ac3-965b-d6509df4e440	Duration: 960.17 ms	Billed Duration: 961 ms	Memory Size: 512 MB	Max Memory Used: 324 MB
[refresh-token] 1:31:42 PM INIT_START Runtime Version: nodejs:18.v63	Runtime Version ARN: arn:aws:lambda:us-east-1::runtime:ad007b64e69135315cba0d95ed797867707d928d1128edf4fa17a926a71f1718
[refresh-token] 1:31:43 PM START RequestId: bda26395-9223-400f-b8a3-1584662ea7ae Version: $LATEST
[refresh-token] 1:31:43 PM 2025-04-11T06:31:43.305Z	bda26395-9223-400f-b8a3-1584662ea7ae	INFO	Refresh Token (cleaned):  eyJhbGciOiJIUzI1NiIsInR5cCI6IkpXVCJ9.eyJ1c2VySWQiOiI2NGNiNDNjNy1mYzU0LTQwNGUtODJhZi02NmIyZGFkMzE1ZGUiLCJpYXQiOjE3NDQzNDc0NzUsImV4cCI6MTc0NDk1MjI3NX0.p62hNOiL3e0gpDr-R8PMqLek1-fVlm6B_fwZ5E4YcN8
[refresh-token] 1:31:43 PM 2025-04-11T06:31:43.321Z	bda26395-9223-400f-b8a3-1584662ea7ae	INFO	Decoded refresh token:  {
  userId: '64cb43c7-fc54-404e-82af-66b2dad315de',
  iat: 1744347475,
  exp: 1744952275
}
[refresh-token] 1:31:43 PM 2025-04-11T06:31:43.323Z	bda26395-9223-400f-b8a3-1584662ea7ae	INFO	Extracted userId:  64cb43c7-fc54-404e-82af-66b2dad315de
[refresh-token] 1:31:43 PM 2025-04-11T06:31:43.895Z	bda26395-9223-400f-b8a3-1584662ea7ae	INFO	DynamoDB query result:  {
  Items: [
    {
      password: '$2b$10$Fk8hSSFK9yWlmyCSdMBkfuaPNnfBiNoeOxzJxnhMOkDbsyMq9v0JO',
      active: 0,
      deleteFlag: 0,
      role: 0,
      userId: '64cb43c7-fc54-404e-82af-66b2dad315de',
      updatedAt: '2025-03-28T07:24:56.336Z',
      userName: 'admin',
      createdAt: '2025-03-28T07:24:56.336Z',
      updatedBy: 'admin',
      email: 'info-admin@gmail.com',
      createdBy: 'admin'
    }
  ],
  Count: 1,
  ScannedCount: 1
}
[refresh-token] 1:31:43 PM END RequestId: bda26395-9223-400f-b8a3-1584662ea7ae
[refresh-token] 1:31:43 PM REPORT RequestId: bda26395-9223-400f-b8a3-1584662ea7ae	Duration: 635.11 ms	Billed Duration: 636 ms	Memory Size: 512 MB	Max Memory Used: 317 MB	Init Duration: 909.87 ms
[get-meeting-by-tourid] 1:31:56 PM INIT_START Runtime Version: nodejs:18.v63	Runtime Version ARN: arn:aws:lambda:us-east-1::runtime:ad007b64e69135315cba0d95ed797867707d928d1128edf4fa17a926a71f1718
[get-meeting-by-tourid] 1:31:57 PM START RequestId: d8a8fc21-2e81-4dfe-9be3-549374a299a0 Version: $LATEST
[get-meeting-by-tourid] 1:31:57 PM 2025-04-11T06:31:57.382Z	d8a8fc21-2e81-4dfe-9be3-549374a299a0	INFO	Retrieving tour with tourId:  17761f15-d360-44fc-93d3-cc3ff6787dff
[get-meeting-by-tourid] 1:31:57 PM 2025-04-11T06:31:57.955Z	d8a8fc21-2e81-4dfe-9be3-549374a299a0	INFO	Tour successfully retrieved:  {
  planningSalesOfficeName: '',
  tourNumber: 'Tour003',
  otherRemarks: 'allChat',
  updatedBy: '',
  createdBy: '64cb43c7-fc54-404e-82af-66b2dad315de',
  planningSalesOfficeTeamName: '',
  qrCodeDestination: '',
  meetingId: 'a31dd937-f031-423b-9e6c-b6df3abf4804',
  departureDate: '2025-04-10',
  contactPersonName: '',
  numberOfTransmitters: '',
  phoneNumberCustomer: '',
  numberOfDevices: '',
  acceptanceDate: '',
  createdAt: '2025-04-10T04:27:01.641Z',
  planningOfficeName: '',
  contactPersonEmail: '',
  emailCustomer: '',
  returnDate: '2025-04-18',
  deleteFlag: 0,
  channelId: 'c8bf7afb-419f-4324-92aa-4ce29f9cabf6',
  chatRestriction: 'allChat',
  processingNumber: '0001',
  tourName: 'Tour001',
  updatedAt: '',
  tourId: '17761f15-d360-44fc-93d3-cc3ff6787dff'
}
[get-meeting-by-tourid] 1:31:57 PM END RequestId: d8a8fc21-2e81-4dfe-9be3-549374a299a0
[get-meeting-by-tourid] 1:31:57 PM REPORT RequestId: d8a8fc21-2e81-4dfe-9be3-549374a299a0	Duration: 598.25 ms	Billed Duration: 599 ms	Memory Size: 512 MB	Max Memory Used: 316 MB	Init Duration: 893.77 ms
[get-meeting-by-tourid] 1:32:37 PM START RequestId: 570247a4-0ed5-4f74-96da-c3f8562d4814 Version: $LATEST
[get-meeting-by-tourid] 1:32:37 PM 2025-04-11T06:32:37.843Z	570247a4-0ed5-4f74-96da-c3f8562d4814	INFO	Retrieving tour with tourId:  17761f15-d360-44fc-93d3-cc3ff6787dff
[get-meeting-by-tourid] 1:32:38 PM 2025-04-11T06:32:38.333Z	570247a4-0ed5-4f74-96da-c3f8562d4814	INFO	Tour successfully retrieved:  {
  planningSalesOfficeName: '',
  tourNumber: 'Tour003',
  otherRemarks: 'allChat',
  updatedBy: '',
  createdBy: '64cb43c7-fc54-404e-82af-66b2dad315de',
  planningSalesOfficeTeamName: '',
  qrCodeDestination: '',
  meetingId: '67a099bf-82be-4c5d-bc38-da115a2c4804',
  departureDate: '2025-04-10',
  contactPersonName: '',
  numberOfTransmitters: '',
  phoneNumberCustomer: '',
  numberOfDevices: '',
  acceptanceDate: '',
  createdAt: '2025-04-10T04:27:01.641Z',
  planningOfficeName: '',
  contactPersonEmail: '',
  emailCustomer: '',
  returnDate: '2025-04-18',
  deleteFlag: 0,
  channelId: 'ef2147e0-2c75-4dec-a364-cdca651dadab',
  chatRestriction: 'allChat',
  processingNumber: '0001',
  tourName: 'Tour001',
  updatedAt: '',
  tourId: '17761f15-d360-44fc-93d3-cc3ff6787dff'
}
[get-meeting-by-tourid] 1:32:38 PM END RequestId: 570247a4-0ed5-4f74-96da-c3f8562d4814
[get-meeting-by-tourid] 1:32:38 PM REPORT RequestId: 570247a4-0ed5-4f74-96da-c3f8562d4814	Duration: 524.43 ms	Billed Duration: 525 ms	Memory Size: 512 MB	Max Memory Used: 316 MB
[update-meeting-by-tourid] 1:32:22 PM INIT_START Runtime Version: nodejs:18.v63	Runtime Version ARN: arn:aws:lambda:us-east-1::runtime:ad007b64e69135315cba0d95ed797867707d928d1128edf4fa17a926a71f1718
[update-meeting-by-tourid] 1:32:23 PM START RequestId: 6a3c0c19-ea45-4271-a395-57fa8a7eb490 Version: $LATEST
[update-meeting-by-tourid] 1:32:23 PM 2025-04-11T06:32:23.360Z	6a3c0c19-ea45-4271-a395-57fa8a7eb490	INFO	Updating tour with tourId:  17761f15-d360-44fc-93d3-cc3ff6787dff meetingId:  67a099bf-82be-4c5d-bc38-da115a2c4804 channelId:  ef2147e0-2c75-4dec-a364-cdca651dadab
[update-meeting-by-tourid] 1:32:23 PM 2025-04-11T06:32:23.940Z	6a3c0c19-ea45-4271-a395-57fa8a7eb490	INFO	Tour successfully updated:  {
  tourId: '17761f15-d360-44fc-93d3-cc3ff6787dff',
  ':meetingId': '67a099bf-82be-4c5d-bc38-da115a2c4804',
  ':channelId': 'ef2147e0-2c75-4dec-a364-cdca651dadab'
}
[update-meeting-by-tourid] 1:32:23 PM END RequestId: 6a3c0c19-ea45-4271-a395-57fa8a7eb490
[update-meeting-by-tourid] 1:32:23 PM REPORT RequestId: 6a3c0c19-ea45-4271-a395-57fa8a7eb490	Duration: 618.22 ms	Billed Duration: 619 ms	Memory Size: 512 MB	Max Memory Used: 316 MB	Init Duration: 889.96 ms
[update-meeting-by-tourid] 1:32:50 PM START RequestId: 6fd222a2-9bac-4199-9ee9-b6f41536b583 Version: $LATEST
[update-meeting-by-tourid] 1:32:50 PM 2025-04-11T06:32:50.760Z	6fd222a2-9bac-4199-9ee9-b6f41536b583	INFO	Updating tour with tourId:  17761f15-d360-44fc-93d3-cc3ff6787dff meetingId:  dbc41934-35b2-4bb7-868f-5e0985974804 channelId:  0351e726-0f70-4cd8-b6ac-8ce1750ace09
[update-meeting-by-tourid] 1:32:51 PM 2025-04-11T06:32:51.271Z	6fd222a2-9bac-4199-9ee9-b6f41536b583	INFO	Tour successfully updated:  {
  tourId: '17761f15-d360-44fc-93d3-cc3ff6787dff',
  ':meetingId': 'dbc41934-35b2-4bb7-868f-5e0985974804',
  ':channelId': '0351e726-0f70-4cd8-b6ac-8ce1750ace09'
}
[update-meeting-by-tourid] 1:32:51 PM END RequestId: 6fd222a2-9bac-4199-9ee9-b6f41536b583
[update-meeting-by-tourid] 1:32:51 PM REPORT RequestId: 6fd222a2-9bac-4199-9ee9-b6f41536b583	Duration: 548.47 ms	Billed Duration: 549 ms	Memory Size: 512 MB	Max Memory Used: 316 MB
[list-tour] 1:36:22 PM INIT_START Runtime Version: nodejs:18.v63	Runtime Version ARN: arn:aws:lambda:us-east-1::runtime:ad007b64e69135315cba0d95ed797867707d928d1128edf4fa17a926a71f1718
[list-tour] 1:36:23 PM START RequestId: d2bab99c-2d4a-4005-a9d1-7e3d5ff76463 Version: $LATEST
[list-tour] 1:36:23 PM 2025-04-11T06:36:23.550Z	d2bab99c-2d4a-4005-a9d1-7e3d5ff76463	INFO	pageSize: 10
[list-tour] 1:36:23 PM 2025-04-11T06:36:23.568Z	d2bab99c-2d4a-4005-a9d1-7e3d5ff76463	INFO	exclusiveStartKey: undefined
[list-tour] 1:36:23 PM 2025-04-11T06:36:23.568Z	d2bab99c-2d4a-4005-a9d1-7e3d5ff76463	INFO	query: undefined
[list-tour] 1:36:23 PM 2025-04-11T06:36:23.568Z	d2bab99c-2d4a-4005-a9d1-7e3d5ff76463	INFO	Retrieving list of tours
[list-tour] 1:36:23 PM 2025-04-11T06:36:23.568Z	d2bab99c-2d4a-4005-a9d1-7e3d5ff76463	INFO	Auth Header:  Bearer eyJhbGciOiJIUzI1NiIsInR5cCI6IkpXVCJ9.eyJ1c2VySWQiOiI2NGNiNDNjNy1mYzU0LTQwNGUtODJhZi02NmIyZGFkMzE1ZGUiLCJpYXQiOjE3NDQzNTMxOTIsImV4cCI6MTc0NDM1MzQ5Mn0.0f38p0yU4XSOBOOb6ROEBSJy-3IVvxVI3a2q4zzV1oQ
[list-tour] 1:36:24 PM 2025-04-11T06:36:24.168Z	d2bab99c-2d4a-4005-a9d1-7e3d5ff76463	INFO	Authenticated User: {
  password: '$2b$10$Fk8hSSFK9yWlmyCSdMBkfuaPNnfBiNoeOxzJxnhMOkDbsyMq9v0JO',
  active: 0,
  deleteFlag: 0,
  role: 0,
  userId: '64cb43c7-fc54-404e-82af-66b2dad315de',
  updatedAt: '2025-03-28T07:24:56.336Z',
  userName: 'admin',
  createdAt: '2025-03-28T07:24:56.336Z',
  updatedBy: 'admin',
  email: 'info-admin@gmail.com',
  createdBy: 'admin'
}
[list-tour] 1:36:25 PM 2025-04-11T06:36:25.141Z	d2bab99c-2d4a-4005-a9d1-7e3d5ff76463	INFO	Tours successfully retrieved:  [
  {
    planningSalesOfficeName: '',
    tourNumber: 'Tour003',
    otherRemarks: 'allChat',
    updatedBy: '',
    createdBy: '64cb43c7-fc54-404e-82af-66b2dad315de',
    planningSalesOfficeTeamName: '',
    qrCodeDestination: '',
    meetingId: 'dbc41934-35b2-4bb7-868f-5e0985974804',
    departureDate: '2025-04-10',
    contactPersonName: '',
    numberOfTransmitters: '',
    phoneNumberCustomer: '',
    numberOfDevices: '',
    acceptanceDate: '',
    createdAt: '2025-04-10T04:27:01.641Z',
    planningOfficeName: '',
    contactPersonEmail: '',
    emailCustomer: '',
    returnDate: '2025-04-18',
    deleteFlag: 0,
    channelId: '0351e726-0f70-4cd8-b6ac-8ce1750ace09',
    chatRestriction: 'allChat',
    processingNumber: '0001',
    tourName: 'Tour001',
    updatedAt: '',
    tourId: '17761f15-d360-44fc-93d3-cc3ff6787dff'
  },
  {
    planningSalesOfficeName: '',
    tourNumber: 'B793696',
    otherRemarks: '',
    updatedBy: '',
    createdBy: '64cb43c7-fc54-404e-82af-66b2dad315de',
    planningSalesOfficeTeamName: 'test444',
    qrCodeDestination: 'test444',
    meetingId: '',
    departureDate: '2025-04-15',
    contactPersonName: 'test444',
    numberOfTransmitters: '',
    phoneNumberCustomer: '',
    numberOfDevices: '20',
    tourTestStatus: 'test',
    acceptanceDate: '2025-04-11T11:43',
    createdAt: '2025-04-11T04:44:50.276Z',
    planningOfficeName: 'test444',
    contactPersonEmail: 'test444@gmail.com',
    emailCustomer: '',
    returnDate: '2025-04-18',
    deleteFlag: 0,
    channelId: '',
    chatRestriction: 'allChat',
    processingNumber: 'Z000444',
    updatedAt: '',
    tourName: 'test444',
    tourId: 'c0b80dd8-098f-45c5-9de2-e173ed7fc11d'
  },
  {
    planningSalesOfficeName: '',
    tourNumber: 'Tour004',
    otherRemarks: 'allChat',
    updatedBy: '',
    createdBy: '64cb43c7-fc54-404e-82af-66b2dad315de',
    planningSalesOfficeTeamName: '',
    qrCodeDestination: '',
    meetingId: '',
    departureDate: '2025-04-10',
    contactPersonName: '',
    numberOfTransmitters: '',
    phoneNumberCustomer: '',
    numberOfDevices: '',
    acceptanceDate: '',
    createdAt: '2025-04-10T04:27:01.641Z',
    planningOfficeName: '',
    contactPersonEmail: '',
    emailCustomer: '',
    returnDate: '2025-04-18',
    deleteFlag: 0,
    channelId: '',
    chatRestriction: 'allChat',
    processingNumber: '0001',
    updatedAt: '',
    tourName: 'Tour001',
    tourId: 'f2e625f7-d6ab-44ba-972a-c09bcef956a0'
  },
  {
    planningSalesOfficeName: '',
    tourNumber: 'Tour001',
    otherRemarks: '',
    updatedBy: '',
    createdBy: '64cb43c7-fc54-404e-82af-66b2dad315de',
    planningSalesOfficeTeamName: '',
    qrCodeDestination: '',
    meetingId: '321b70b6-8b4c-45b5-b6ec-0185c4a44804',
    departureDate: '2025-04-10',
    contactPersonName: '',
    numberOfTransmitters: '',
    phoneNumberCustomer: '',
    numberOfDevices: '',
    tourTestStatus: 'test',
    acceptanceDate: '',
    createdAt: '2025-04-10T04:06:04.086Z',
    planningOfficeName: '',
    contactPersonEmail: '',
    emailCustomer: '',
    returnDate: '2025-04-12',
    deleteFlag: 0,
    channelId: '38175947-1640-46c8-87bd-db6d4e6ed13a',
    chatRestriction: 'allChat',
    processingNumber: 'Tour001',
    tourName: 'Tour001',
    updatedAt: '',
    tourId: '8ee26865-df26-43ad-a8fc-2346690db9f8'
  },
  {
    planningSalesOfficeName: '',
    tourNumber: 'H53859',
    otherRemarks: '',
    updatedBy: '',
    createdBy: '64cb43c7-fc54-404e-82af-66b2dad315de',
    planningSalesOfficeTeamName: 'test333',
    qrCodeDestination: 'test3333',
    meetingId: '',
    departureDate: '2025-04-17',
    contactPersonName: 'test333',
    numberOfTransmitters: '2',
    phoneNumberCustomer: '',
    numberOfDevices: '34',
    tourTestStatus: 'test',
    acceptanceDate: '2025-04-11T11:42',
    createdAt: '2025-04-11T04:43:29.183Z',
    planningOfficeName: 'test3333',
    contactPersonEmail: '',
    emailCustomer: '',
    returnDate: '2025-04-22',
    deleteFlag: 0,
    channelId: '',
    chatRestriction: 'allChat',
    processingNumber: 'Z00033',
    updatedAt: '',
    tourName: 'test3333',
    tourId: '8139f61b-272d-4740-b3f9-f3fcf53f4783'
  },
  {
    planningSalesOfficeName: '',
    tourNumber: 'Tour999',
    otherRemarks: '',
    updatedBy: '',
    createdBy: '64cb43c7-fc54-404e-82af-66b2dad315de',
    planningSalesOfficeTeamName: '',
    qrCodeDestination: '',
    meetingId: '499c2bd1-9b87-498f-b6dc-6424360d4804',
    departureDate: '2025-04-10',
    contactPersonName: '',
    numberOfTransmitters: '',
    phoneNumberCustomer: '',
    numberOfDevices: '',
    tourTestStatus: 'test',
    acceptanceDate: '',
    createdAt: '2025-04-10T08:31:25.094Z',
    planningOfficeName: '',
    contactPersonEmail: '',
    emailCustomer: '',
    returnDate: '2025-04-18',
    deleteFlag: 0,
    channelId: '500041df-fe31-4619-a7cf-47d8080da6c0',
    chatRestriction: 'allChat',
    processingNumber: 'Tour999',
    tourName: 'Tour999',
    updatedAt: '',
    tourId: '619fad25-2d70-468e-b93a-791c6b4606bc'
  }
]
[list-tour] 1:36:25 PM END RequestId: d2bab99c-2d4a-4005-a9d1-7e3d5ff76463
[list-tour] 1:36:25 PM REPORT RequestId: d2bab99c-2d4a-4005-a9d1-7e3d5ff76463	Duration: 1611.55 ms	Billed Duration: 1612 ms	Memory Size: 512 MB	Max Memory Used: 321 MB	Init Duration: 921.92 ms
[list-tour] 1:36:30 PM 2025-04-11T06:36:30.810Z	b9a02265-e3cb-426a-816d-9e0f87e15625	INFO	pageSize: 10
[list-tour] 1:36:30 PM START RequestId: b9a02265-e3cb-426a-816d-9e0f87e15625 Version: $LATEST
[list-tour] 1:36:30 PM 2025-04-11T06:36:30.811Z	b9a02265-e3cb-426a-816d-9e0f87e15625	INFO	exclusiveStartKey: undefined
[list-tour] 1:36:30 PM 2025-04-11T06:36:30.811Z	b9a02265-e3cb-426a-816d-9e0f87e15625	INFO	query: undefined
[list-tour] 1:36:30 PM 2025-04-11T06:36:30.811Z	b9a02265-e3cb-426a-816d-9e0f87e15625	INFO	Retrieving list of tours
[list-tour] 1:36:30 PM 2025-04-11T06:36:30.811Z	b9a02265-e3cb-426a-816d-9e0f87e15625	INFO	Auth Header:  Bearer eyJhbGciOiJIUzI1NiIsInR5cCI6IkpXVCJ9.eyJ1c2VySWQiOiI2NGNiNDNjNy1mYzU0LTQwNGUtODJhZi02NmIyZGFkMzE1ZGUiLCJpYXQiOjE3NDQzNTMxOTIsImV4cCI6MTc0NDM1MzQ5Mn0.0f38p0yU4XSOBOOb6ROEBSJy-3IVvxVI3a2q4zzV1oQ
[list-tour] 1:36:31 PM 2025-04-11T06:36:31.285Z	b9a02265-e3cb-426a-816d-9e0f87e15625	INFO	Authenticated User: {
  password: '$2b$10$Fk8hSSFK9yWlmyCSdMBkfuaPNnfBiNoeOxzJxnhMOkDbsyMq9v0JO',
  active: 0,
  deleteFlag: 0,
  role: 0,
  userId: '64cb43c7-fc54-404e-82af-66b2dad315de',
  updatedAt: '2025-03-28T07:24:56.336Z',
  userName: 'admin',
  createdAt: '2025-03-28T07:24:56.336Z',
  updatedBy: 'admin',
  email: 'info-admin@gmail.com',
  createdBy: 'admin'
}
[list-tour] 1:36:32 PM 2025-04-11T06:36:32.224Z	b9a02265-e3cb-426a-816d-9e0f87e15625	INFO	Tours successfully retrieved:  [
  {
    planningSalesOfficeName: '',
    tourNumber: 'Tour003',
    otherRemarks: 'allChat',
    updatedBy: '',
    createdBy: '64cb43c7-fc54-404e-82af-66b2dad315de',
    planningSalesOfficeTeamName: '',
    qrCodeDestination: '',
    meetingId: 'dbc41934-35b2-4bb7-868f-5e0985974804',
    departureDate: '2025-04-10',
    contactPersonName: '',
    numberOfTransmitters: '',
    phoneNumberCustomer: '',
    numberOfDevices: '',
    acceptanceDate: '',
    createdAt: '2025-04-10T04:27:01.641Z',
    planningOfficeName: '',
    contactPersonEmail: '',
    emailCustomer: '',
    returnDate: '2025-04-18',
    deleteFlag: 0,
    channelId: '0351e726-0f70-4cd8-b6ac-8ce1750ace09',
    chatRestriction: 'allChat',
    processingNumber: '0001',
    tourName: 'Tour001',
    updatedAt: '',
    tourId: '17761f15-d360-44fc-93d3-cc3ff6787dff'
  },
  {
    planningSalesOfficeName: '',
    tourNumber: 'B793696',
    otherRemarks: '',
    updatedBy: '',
    createdBy: '64cb43c7-fc54-404e-82af-66b2dad315de',
    planningSalesOfficeTeamName: 'test444',
    qrCodeDestination: 'test444',
    meetingId: '',
    departureDate: '2025-04-15',
    contactPersonName: 'test444',
    numberOfTransmitters: '',
    phoneNumberCustomer: '',
    numberOfDevices: '20',
    tourTestStatus: 'test',
    acceptanceDate: '2025-04-11T11:43',
    createdAt: '2025-04-11T04:44:50.276Z',
    planningOfficeName: 'test444',
    contactPersonEmail: 'test444@gmail.com',
    emailCustomer: '',
    returnDate: '2025-04-18',
    deleteFlag: 0,
    channelId: '',
    chatRestriction: 'allChat',
    processingNumber: 'Z000444',
    updatedAt: '',
    tourName: 'test444',
    tourId: 'c0b80dd8-098f-45c5-9de2-e173ed7fc11d'
  },
  {
    planningSalesOfficeName: '',
    tourNumber: 'Tour004',
    otherRemarks: 'allChat',
    updatedBy: '',
    createdBy: '64cb43c7-fc54-404e-82af-66b2dad315de',
    planningSalesOfficeTeamName: '',
    qrCodeDestination: '',
    meetingId: '',
    departureDate: '2025-04-10',
    contactPersonName: '',
    numberOfTransmitters: '',
    phoneNumberCustomer: '',
    numberOfDevices: '',
    acceptanceDate: '',
    createdAt: '2025-04-10T04:27:01.641Z',
    planningOfficeName: '',
    contactPersonEmail: '',
    emailCustomer: '',
    returnDate: '2025-04-18',
    deleteFlag: 0,
    channelId: '',
    chatRestriction: 'allChat',
    processingNumber: '0001',
    updatedAt: '',
    tourName: 'Tour001',
    tourId: 'f2e625f7-d6ab-44ba-972a-c09bcef956a0'
  },
  {
    planningSalesOfficeName: '',
    tourNumber: 'Tour001',
    otherRemarks: '',
    updatedBy: '',
    createdBy: '64cb43c7-fc54-404e-82af-66b2dad315de',
    planningSalesOfficeTeamName: '',
    qrCodeDestination: '',
    meetingId: '321b70b6-8b4c-45b5-b6ec-0185c4a44804',
    departureDate: '2025-04-10',
    contactPersonName: '',
    numberOfTransmitters: '',
    phoneNumberCustomer: '',
    numberOfDevices: '',
    tourTestStatus: 'test',
    acceptanceDate: '',
    createdAt: '2025-04-10T04:06:04.086Z',
    planningOfficeName: '',
    contactPersonEmail: '',
    emailCustomer: '',
    returnDate: '2025-04-12',
    deleteFlag: 0,
    channelId: '38175947-1640-46c8-87bd-db6d4e6ed13a',
    chatRestriction: 'allChat',
    processingNumber: 'Tour001',
    tourName: 'Tour001',
    updatedAt: '',
    tourId: '8ee26865-df26-43ad-a8fc-2346690db9f8'
  },
  {
    planningSalesOfficeName: '',
    tourNumber: 'H53859',
    otherRemarks: '',
    updatedBy: '',
    createdBy: '64cb43c7-fc54-404e-82af-66b2dad315de',
    planningSalesOfficeTeamName: 'test333',
    qrCodeDestination: 'test3333',
    meetingId: '',
    departureDate: '2025-04-17',
    contactPersonName: 'test333',
    numberOfTransmitters: '2',
    phoneNumberCustomer: '',
    numberOfDevices: '34',
    tourTestStatus: 'test',
    acceptanceDate: '2025-04-11T11:42',
    createdAt: '2025-04-11T04:43:29.183Z',
    planningOfficeName: 'test3333',
    contactPersonEmail: '',
    emailCustomer: '',
    returnDate: '2025-04-22',
    deleteFlag: 0,
    channelId: '',
    chatRestriction: 'allChat',
    processingNumber: 'Z00033',
    updatedAt: '',
    tourName: 'test3333',
    tourId: '8139f61b-272d-4740-b3f9-f3fcf53f4783'
  },
  {
    planningSalesOfficeName: '',
    tourNumber: 'Tour999',
    otherRemarks: '',
    updatedBy: '',
    createdBy: '64cb43c7-fc54-404e-82af-66b2dad315de',
    planningSalesOfficeTeamName: '',
    qrCodeDestination: '',
    meetingId: '499c2bd1-9b87-498f-b6dc-6424360d4804',
    departureDate: '2025-04-10',
    contactPersonName: '',
    numberOfTransmitters: '',
    phoneNumberCustomer: '',
    numberOfDevices: '',
    tourTestStatus: 'test',
    acceptanceDate: '',
    createdAt: '2025-04-10T08:31:25.094Z',
    planningOfficeName: '',
    contactPersonEmail: '',
    emailCustomer: '',
    returnDate: '2025-04-18',
    deleteFlag: 0,
    channelId: '500041df-fe31-4619-a7cf-47d8080da6c0',
    chatRestriction: 'allChat',
    processingNumber: 'Tour999',
    tourName: 'Tour999',
    updatedAt: '',
    tourId: '619fad25-2d70-468e-b93a-791c6b4606bc'
  }
]
[list-tour] 1:36:32 PM END RequestId: b9a02265-e3cb-426a-816d-9e0f87e15625
[list-tour] 1:36:32 PM REPORT RequestId: b9a02265-e3cb-426a-816d-9e0f87e15625	Duration: 1416.77 ms	Billed Duration: 1417 ms	Memory Size: 512 MB	Max Memory Used: 322 MB
[get-meeting] 1:38:01 PM INIT_START Runtime Version: nodejs:18.v63	Runtime Version ARN: arn:aws:lambda:us-east-1::runtime:ad007b64e69135315cba0d95ed797867707d928d1128edf4fa17a926a71f1718
[get-meeting] 1:38:02 PM START RequestId: 7723563a-d2a0-4dec-b82c-4279c6ad6d4b Version: $LATEST
[get-meeting] 1:38:02 PM 2025-04-11T06:38:02.732Z	7723563a-d2a0-4dec-b82c-4279c6ad6d4b	INFO	Getting meeting with meetingId:  dbc41934-35b2-4bb7-868f-5e0985974804
[get-meeting] 1:38:03 PM 2025-04-11T06:38:03.455Z	7723563a-d2a0-4dec-b82c-4279c6ad6d4b	INFO	Get Meeting Response:  dbc41934-35b2-4bb7-868f-5e0985974804
[get-meeting] 1:38:03 PM END RequestId: 7723563a-d2a0-4dec-b82c-4279c6ad6d4b
[get-meeting] 1:38:03 PM REPORT RequestId: 7723563a-d2a0-4dec-b82c-4279c6ad6d4b	Duration: 735.10 ms	Billed Duration: 736 ms	Memory Size: 512 MB	Max Memory Used: 316 MB	Init Duration: 940.36 ms
[get-meeting] 1:38:12 PM START RequestId: 9f153369-8279-47ec-8acd-9c3f1f26ac69 Version: $LATEST
[get-meeting] 1:38:12 PM 2025-04-11T06:38:12.522Z	9f153369-8279-47ec-8acd-9c3f1f26ac69	INFO	Getting meeting with meetingId:  dbc41934-35b2-4bb7-868f-5e0985974804
[get-meeting] 1:38:13 PM 2025-04-11T06:38:13.123Z	9f153369-8279-47ec-8acd-9c3f1f26ac69	INFO	Get Meeting Response:  dbc41934-35b2-4bb7-868f-5e0985974804
[get-meeting] 1:38:13 PM END RequestId: 9f153369-8279-47ec-8acd-9c3f1f26ac69
[get-meeting] 1:38:13 PM REPORT RequestId: 9f153369-8279-47ec-8acd-9c3f1f26ac69	Duration: 603.96 ms	Billed Duration: 604 ms	Memory Size: 512 MB	Max Memory Used: 316 MB
[get-meeting] 1:38:24 PM START RequestId: 9fe7bfa7-d2b5-45c4-b7b9-3a706238c629 Version: $LATEST
[get-meeting] 1:38:25 PM 2025-04-11T06:38:25.001Z	9fe7bfa7-d2b5-45c4-b7b9-3a706238c629	INFO	Getting meeting with meetingId:  dbc41934-35b2-4bb7-868f-5e0985974804
[get-meeting] 1:38:25 PM 2025-04-11T06:38:25.742Z	9fe7bfa7-d2b5-45c4-b7b9-3a706238c629	INFO	Get Meeting Response:  dbc41934-35b2-4bb7-868f-5e0985974804
[get-meeting] 1:38:25 PM END RequestId: 9fe7bfa7-d2b5-45c4-b7b9-3a706238c629
[get-meeting] 1:38:25 PM REPORT RequestId: 9fe7bfa7-d2b5-45c4-b7b9-3a706238c629	Duration: 785.77 ms	Billed Duration: 786 ms	Memory Size: 512 MB	Max Memory Used: 316 MB
[get-meeting] 1:38:26 PM START RequestId: 16713465-a7ec-4cbc-a0cb-6df8c708a25a Version: $LATEST
[get-meeting] 1:38:26 PM 2025-04-11T06:38:26.681Z	16713465-a7ec-4cbc-a0cb-6df8c708a25a	INFO	Getting meeting with meetingId:  dbc41934-35b2-4bb7-868f-5e0985974804
[get-meeting] 1:38:27 PM 2025-04-11T06:38:27.332Z	16713465-a7ec-4cbc-a0cb-6df8c708a25a	INFO	Get Meeting Response:  dbc41934-35b2-4bb7-868f-5e0985974804
[get-meeting] 1:38:27 PM END RequestId: 16713465-a7ec-4cbc-a0cb-6df8c708a25a
[get-meeting] 1:38:27 PM REPORT RequestId: 16713465-a7ec-4cbc-a0cb-6df8c708a25a	Duration: 681.37 ms	Billed Duration: 682 ms	Memory Size: 512 MB	Max Memory Used: 316 MB
[get-meeting] 1:39:15 PM START RequestId: 6895b773-e2f7-4449-9a8d-cdf4915de23f Version: $LATEST
[get-meeting] 1:39:15 PM 2025-04-11T06:39:15.832Z	6895b773-e2f7-4449-9a8d-cdf4915de23f	INFO	Getting meeting with meetingId:  dbc41934-35b2-4bb7-868f-5e0985974804
[get-meeting] 1:39:16 PM 2025-04-11T06:39:16.457Z	6895b773-e2f7-4449-9a8d-cdf4915de23f	INFO	Get Meeting Response:  dbc41934-35b2-4bb7-868f-5e0985974804
[get-meeting] 1:39:16 PM END RequestId: 6895b773-e2f7-4449-9a8d-cdf4915de23f
[get-meeting] 1:39:16 PM REPORT RequestId: 6895b773-e2f7-4449-9a8d-cdf4915de23f	Duration: 627.46 ms	Billed Duration: 628 ms	Memory Size: 512 MB	Max Memory Used: 316 MB
[get-meeting] 1:40:47 PM 2025-04-11T06:40:47.432Z	2719aa23-331f-4f80-9ab9-8f17c8da2b99	INFO	Getting meeting with meetingId:  dbc41934-35b2-4bb7-868f-5e0985974804
[get-meeting] 1:40:47 PM START RequestId: 2719aa23-331f-4f80-9ab9-8f17c8da2b99 Version: $LATEST
[get-meeting] 1:40:48 PM 2025-04-11T06:40:48.048Z	2719aa23-331f-4f80-9ab9-8f17c8da2b99	INFO	Get Meeting Response:  dbc41934-35b2-4bb7-868f-5e0985974804
[get-meeting] 1:40:48 PM END RequestId: 2719aa23-331f-4f80-9ab9-8f17c8da2b99
[get-meeting] 1:40:48 PM REPORT RequestId: 2719aa23-331f-4f80-9ab9-8f17c8da2b99	Duration: 617.82 ms	Billed Duration: 618 ms	Memory Size: 512 MB	Max Memory Used: 316 MB
[get-meeting] 1:40:48 PM START RequestId: c61cf186-8a6d-41a9-b595-047921942fc5 Version: $LATEST
[get-meeting] 1:40:48 PM 2025-04-11T06:40:48.951Z	c61cf186-8a6d-41a9-b595-047921942fc5	INFO	Getting meeting with meetingId:  dbc41934-35b2-4bb7-868f-5e0985974804
[get-meeting] 1:40:49 PM 2025-04-11T06:40:49.569Z	c61cf186-8a6d-41a9-b595-047921942fc5	INFO	Get Meeting Response:  dbc41934-35b2-4bb7-868f-5e0985974804
[get-meeting] 1:40:49 PM END RequestId: c61cf186-8a6d-41a9-b595-047921942fc5
[get-meeting] 1:40:49 PM REPORT RequestId: c61cf186-8a6d-41a9-b595-047921942fc5	Duration: 619.88 ms	Billed Duration: 620 ms	Memory Size: 512 MB	Max Memory Used: 316 MB
[get-meeting] 1:41:02 PM START RequestId: c0c96082-dc01-4497-adf9-52202114b632 Version: $LATEST
[get-meeting] 1:41:02 PM 2025-04-11T06:41:02.315Z	c0c96082-dc01-4497-adf9-52202114b632	INFO	Getting meeting with meetingId:  dbc41934-35b2-4bb7-868f-5e0985974804
[get-meeting] 1:41:02 PM 2025-04-11T06:41:02.956Z	c0c96082-dc01-4497-adf9-52202114b632	INFO	Get Meeting Response:  dbc41934-35b2-4bb7-868f-5e0985974804
[get-meeting] 1:41:02 PM END RequestId: c0c96082-dc01-4497-adf9-52202114b632
[get-meeting] 1:41:02 PM REPORT RequestId: c0c96082-dc01-4497-adf9-52202114b632	Duration: 642.73 ms	Billed Duration: 643 ms	Memory Size: 512 MB	Max Memory Used: 316 MB
[start-meeting-transcription] 1:37:59 PM INIT_START Runtime Version: nodejs:18.v63	Runtime Version ARN: arn:aws:lambda:us-east-1::runtime:ad007b64e69135315cba0d95ed797867707d928d1128edf4fa17a926a71f1718
[start-meeting-transcription] 1:38:00 PM START RequestId: ba950dc5-eb85-4b0e-bae4-603dd01136f7 Version: $LATEST
[start-meeting-transcription] 1:38:00 PM 2025-04-11T06:38:00.625Z	ba950dc5-eb85-4b0e-bae4-603dd01136f7	INFO	Start MeetingTranscription with meetingId:  dbc41934-35b2-4bb7-868f-5e0985974804 languageCode:  ja-JP
[start-meeting-transcription] 1:38:01 PM 2025-04-11T06:38:01.347Z	ba950dc5-eb85-4b0e-bae4-603dd01136f7	INFO	Started Meeting Transcription Response:  {}
[start-meeting-transcription] 1:38:01 PM END RequestId: ba950dc5-eb85-4b0e-bae4-603dd01136f7
[start-meeting-transcription] 1:38:01 PM REPORT RequestId: ba950dc5-eb85-4b0e-bae4-603dd01136f7	Duration: 747.23 ms	Billed Duration: 748 ms	Memory Size: 512 MB	Max Memory Used: 316 MB	Init Duration: 911.99 ms
[start-meeting-transcription] 1:38:06 PM START RequestId: 83dfe1bc-219c-4a07-bb42-d381788d312c Version: $LATEST
[start-meeting-transcription] 1:38:06 PM 2025-04-11T06:38:06.870Z	83dfe1bc-219c-4a07-bb42-d381788d312c	INFO	Start MeetingTranscription with meetingId:  dbc41934-35b2-4bb7-868f-5e0985974804 languageCode:  ja-JP
[start-meeting-transcription] 1:38:07 PM 2025-04-11T06:38:07.504Z	83dfe1bc-219c-4a07-bb42-d381788d312c	INFO	Started Meeting Transcription Response:  {}
[start-meeting-transcription] 1:38:07 PM END RequestId: 83dfe1bc-219c-4a07-bb42-d381788d312c
[start-meeting-transcription] 1:38:07 PM REPORT RequestId: 83dfe1bc-219c-4a07-bb42-d381788d312c	Duration: 637.55 ms	Billed Duration: 638 ms	Memory Size: 512 MB	Max Memory Used: 316 MB
[start-meeting-transcription] 1:38:12 PM START RequestId: 7b51ba31-a996-4fc8-a991-c5374ceada12 Version: $LATEST
[start-meeting-transcription] 1:38:12 PM 2025-04-11T06:38:12.066Z	7b51ba31-a996-4fc8-a991-c5374ceada12	INFO	Start MeetingTranscription with meetingId:  67a099bf-82be-4c5d-bc38-da115a2c4804 languageCode:  ja-JP
[start-meeting-transcription] 1:38:12 PM 2025-04-11T06:38:12.712Z	7b51ba31-a996-4fc8-a991-c5374ceada12	INFO	Started Meeting Transcription Response:  {}
[start-meeting-transcription] 1:38:12 PM END RequestId: 7b51ba31-a996-4fc8-a991-c5374ceada12
[start-meeting-transcription] 1:38:12 PM REPORT RequestId: 7b51ba31-a996-4fc8-a991-c5374ceada12	Duration: 693.19 ms	Billed Duration: 694 ms	Memory Size: 512 MB	Max Memory Used: 316 MB
[start-meeting-transcription] 1:38:28 PM START RequestId: 059dcbe0-b0e8-4cd7-a5ad-f876c3a16bd0 Version: $LATEST
[start-meeting-transcription] 1:38:28 PM 2025-04-11T06:38:28.901Z	059dcbe0-b0e8-4cd7-a5ad-f876c3a16bd0	INFO	Start MeetingTranscription with meetingId:  67a099bf-82be-4c5d-bc38-da115a2c4804 languageCode:  ja-JP
[start-meeting-transcription] 1:38:29 PM 2025-04-11T06:38:29.510Z	059dcbe0-b0e8-4cd7-a5ad-f876c3a16bd0	INFO	Started Meeting Transcription Response:  {}
[start-meeting-transcription] 1:38:29 PM END RequestId: 059dcbe0-b0e8-4cd7-a5ad-f876c3a16bd0
[start-meeting-transcription] 1:38:29 PM REPORT RequestId: 059dcbe0-b0e8-4cd7-a5ad-f876c3a16bd0	Duration: 611.73 ms	Billed Duration: 612 ms	Memory Size: 512 MB	Max Memory Used: 316 MB
[start-meeting-transcription] 1:38:30 PM START RequestId: fb11ce94-8913-4b7d-b105-c6fb9b2e293f Version: $LATEST
[start-meeting-transcription] 1:38:30 PM 2025-04-11T06:38:30.169Z	fb11ce94-8913-4b7d-b105-c6fb9b2e293f	INFO	Start MeetingTranscription with meetingId:  dbc41934-35b2-4bb7-868f-5e0985974804 languageCode:  ja-JP
[start-meeting-transcription] 1:38:30 PM 2025-04-11T06:38:30.819Z	fb11ce94-8913-4b7d-b105-c6fb9b2e293f	INFO	Started Meeting Transcription Response:  {}
[start-meeting-transcription] 1:38:30 PM END RequestId: fb11ce94-8913-4b7d-b105-c6fb9b2e293f
[start-meeting-transcription] 1:38:30 PM REPORT RequestId: fb11ce94-8913-4b7d-b105-c6fb9b2e293f	Duration: 652.05 ms	Billed Duration: 653 ms	Memory Size: 512 MB	Max Memory Used: 316 MB
[start-meeting-transcription] 1:39:19 PM START RequestId: 4b4bd6eb-8eb4-4cd9-bd33-17ba07091f4a Version: $LATEST
[start-meeting-transcription] 1:39:19 PM 2025-04-11T06:39:19.622Z	4b4bd6eb-8eb4-4cd9-bd33-17ba07091f4a	INFO	Start MeetingTranscription with meetingId:  dbc41934-35b2-4bb7-868f-5e0985974804 languageCode:  ja-JP
[start-meeting-transcription] 1:39:20 PM 2025-04-11T06:39:20.245Z	4b4bd6eb-8eb4-4cd9-bd33-17ba07091f4a	INFO	Started Meeting Transcription Response:  {}
[start-meeting-transcription] 1:39:20 PM END RequestId: 4b4bd6eb-8eb4-4cd9-bd33-17ba07091f4a
[start-meeting-transcription] 1:39:20 PM REPORT RequestId: 4b4bd6eb-8eb4-4cd9-bd33-17ba07091f4a	Duration: 625.22 ms	Billed Duration: 626 ms	Memory Size: 512 MB	Max Memory Used: 316 MB
[start-meeting-transcription] 1:40:46 PM START RequestId: 73d00205-7581-4f4e-90ad-26a44ad56d8e Version: $LATEST
[start-meeting-transcription] 1:40:46 PM 2025-04-11T06:40:46.446Z	73d00205-7581-4f4e-90ad-26a44ad56d8e	INFO	Start MeetingTranscription with meetingId:  67a099bf-82be-4c5d-bc38-da115a2c4804 languageCode:  ja-JP
[start-meeting-transcription] 1:40:47 PM 2025-04-11T06:40:47.080Z	73d00205-7581-4f4e-90ad-26a44ad56d8e	INFO	Started Meeting Transcription Response:  {}
[start-meeting-transcription] 1:40:47 PM END RequestId: 73d00205-7581-4f4e-90ad-26a44ad56d8e
[start-meeting-transcription] 1:40:47 PM REPORT RequestId: 73d00205-7581-4f4e-90ad-26a44ad56d8e	Duration: 637.86 ms	Billed Duration: 638 ms	Memory Size: 512 MB	Max Memory Used: 316 MB
[start-meeting-transcription] 1:40:47 PM START RequestId: 7f40945d-1789-45f0-9b6e-16e3066a6b15 Version: $LATEST
[start-meeting-transcription] 1:40:47 PM 2025-04-11T06:40:47.326Z	7f40945d-1789-45f0-9b6e-16e3066a6b15	INFO	Start MeetingTranscription with meetingId:  dbc41934-35b2-4bb7-868f-5e0985974804 languageCode:  ja-JP
[start-meeting-transcription] 1:40:48 PM 2025-04-11T06:40:48.006Z	7f40945d-1789-45f0-9b6e-16e3066a6b15	INFO	Started Meeting Transcription Response:  {}
[start-meeting-transcription] 1:40:48 PM END RequestId: 7f40945d-1789-45f0-9b6e-16e3066a6b15
[start-meeting-transcription] 1:40:48 PM REPORT RequestId: 7f40945d-1789-45f0-9b6e-16e3066a6b15	Duration: 696.41 ms	Billed Duration: 697 ms	Memory Size: 512 MB	Max Memory Used: 316 MB
[start-meeting-transcription] 1:40:50 PM START RequestId: 850e600e-87eb-49f1-8c9b-09cd5fe9c346 Version: $LATEST
[start-meeting-transcription] 1:40:50 PM 2025-04-11T06:40:50.257Z	850e600e-87eb-49f1-8c9b-09cd5fe9c346	INFO	Start MeetingTranscription with meetingId:  67a099bf-82be-4c5d-bc38-da115a2c4804 languageCode:  ja-JP
[start-meeting-transcription] 1:40:50 PM 2025-04-11T06:40:50.883Z	850e600e-87eb-49f1-8c9b-09cd5fe9c346	INFO	Started Meeting Transcription Response:  {}
[start-meeting-transcription] 1:40:50 PM END RequestId: 850e600e-87eb-49f1-8c9b-09cd5fe9c346
[start-meeting-transcription] 1:40:50 PM REPORT RequestId: 850e600e-87eb-49f1-8c9b-09cd5fe9c346	Duration: 629.13 ms	Billed Duration: 630 ms	Memory Size: 512 MB	Max Memory Used: 316 MB
[start-meeting-transcription] 1:40:52 PM 2025-04-11T06:40:52.157Z	cf79cae7-0707-4657-bd69-5b1567e97a85	INFO	Start MeetingTranscription with meetingId:  dbc41934-35b2-4bb7-868f-5e0985974804 languageCode:  ja-JP
[start-meeting-transcription] 1:40:52 PM START RequestId: cf79cae7-0707-4657-bd69-5b1567e97a85 Version: $LATEST
[start-meeting-transcription] 1:40:52 PM 2025-04-11T06:40:52.799Z	cf79cae7-0707-4657-bd69-5b1567e97a85	INFO	Started Meeting Transcription Response:  {}
[start-meeting-transcription] 1:40:52 PM END RequestId: cf79cae7-0707-4657-bd69-5b1567e97a85
[start-meeting-transcription] 1:40:52 PM REPORT RequestId: cf79cae7-0707-4657-bd69-5b1567e97a85	Duration: 643.99 ms	Billed Duration: 644 ms	Memory Size: 512 MB	Max Memory Used: 316 MB
[start-meeting-transcription] 1:41:06 PM START RequestId: bacf0a80-ca98-41a4-874f-e64dd5630f64 Version: $LATEST
[start-meeting-transcription] 1:41:06 PM 2025-04-11T06:41:06.533Z	bacf0a80-ca98-41a4-874f-e64dd5630f64	INFO	Start MeetingTranscription with meetingId:  dbc41934-35b2-4bb7-868f-5e0985974804 languageCode:  ja-JP
[start-meeting-transcription] 1:41:07 PM 2025-04-11T06:41:07.151Z	bacf0a80-ca98-41a4-874f-e64dd5630f64	INFO	Started Meeting Transcription Response:  {}
[start-meeting-transcription] 1:41:07 PM END RequestId: bacf0a80-ca98-41a4-874f-e64dd5630f64
[start-meeting-transcription] 1:41:07 PM REPORT RequestId: bacf0a80-ca98-41a4-874f-e64dd5630f64	Duration: 620.69 ms	Billed Duration: 621 ms	Memory Size: 512 MB	Max Memory Used: 316 MB
[get-meeting-by-tourid] 1:37:59 PM INIT_START Runtime Version: nodejs:18.v63	Runtime Version ARN: arn:aws:lambda:us-east-1::runtime:ad007b64e69135315cba0d95ed797867707d928d1128edf4fa17a926a71f1718
[get-meeting-by-tourid] 1:37:59 PM START RequestId: c9b228a2-2865-4176-91cd-fb7007875327 Version: $LATEST
[get-meeting-by-tourid] 1:38:00 PM 2025-04-11T06:38:00.017Z	c9b228a2-2865-4176-91cd-fb7007875327	INFO	Retrieving tour with tourId:  17761f15-d360-44fc-93d3-cc3ff6787dff
[get-meeting-by-tourid] 1:38:00 PM 2025-04-11T06:38:00.613Z	c9b228a2-2865-4176-91cd-fb7007875327	INFO	Tour successfully retrieved:  {
  planningSalesOfficeName: '',
  tourNumber: 'Tour003',
  otherRemarks: 'allChat',
  updatedBy: '',
  createdBy: '64cb43c7-fc54-404e-82af-66b2dad315de',
  planningSalesOfficeTeamName: '',
  qrCodeDestination: '',
  meetingId: 'dbc41934-35b2-4bb7-868f-5e0985974804',
  departureDate: '2025-04-10',
  contactPersonName: '',
  numberOfTransmitters: '',
  phoneNumberCustomer: '',
  numberOfDevices: '',
  acceptanceDate: '',
  createdAt: '2025-04-10T04:27:01.641Z',
  planningOfficeName: '',
  contactPersonEmail: '',
  emailCustomer: '',
  returnDate: '2025-04-18',
  deleteFlag: 0,
  channelId: '0351e726-0f70-4cd8-b6ac-8ce1750ace09',
  chatRestriction: 'allChat',
  processingNumber: '0001',
  tourName: 'Tour001',
  updatedAt: '',
  tourId: '17761f15-d360-44fc-93d3-cc3ff6787dff'
}
[get-meeting-by-tourid] 1:38:00 PM END RequestId: c9b228a2-2865-4176-91cd-fb7007875327
[get-meeting-by-tourid] 1:38:00 PM REPORT RequestId: c9b228a2-2865-4176-91cd-fb7007875327	Duration: 623.25 ms	Billed Duration: 624 ms	Memory Size: 512 MB	Max Memory Used: 316 MB	Init Duration: 917.74 ms
[get-meeting-by-tourid] 1:38:11 PM START RequestId: 34fbf723-4f4b-428b-a2f2-134d6ad3463f Version: $LATEST
[get-meeting-by-tourid] 1:38:11 PM 2025-04-11T06:38:11.256Z	34fbf723-4f4b-428b-a2f2-134d6ad3463f	INFO	Retrieving tour with tourId:  17761f15-d360-44fc-93d3-cc3ff6787dff
[get-meeting-by-tourid] 1:38:11 PM 2025-04-11T06:38:11.728Z	34fbf723-4f4b-428b-a2f2-134d6ad3463f	INFO	Tour successfully retrieved:  {
  planningSalesOfficeName: '',
  tourNumber: 'Tour003',
  otherRemarks: 'allChat',
  updatedBy: '',
  createdBy: '64cb43c7-fc54-404e-82af-66b2dad315de',
  planningSalesOfficeTeamName: '',
  qrCodeDestination: '',
  meetingId: 'dbc41934-35b2-4bb7-868f-5e0985974804',
  departureDate: '2025-04-10',
  contactPersonName: '',
  numberOfTransmitters: '',
  phoneNumberCustomer: '',
  numberOfDevices: '',
  acceptanceDate: '',
  createdAt: '2025-04-10T04:27:01.641Z',
  planningOfficeName: '',
  contactPersonEmail: '',
  emailCustomer: '',
  returnDate: '2025-04-18',
  deleteFlag: 0,
  channelId: '0351e726-0f70-4cd8-b6ac-8ce1750ace09',
  chatRestriction: 'allChat',
  processingNumber: '0001',
  tourName: 'Tour001',
  updatedAt: '',
  tourId: '17761f15-d360-44fc-93d3-cc3ff6787dff'
}
[get-meeting-by-tourid] 1:38:11 PM END RequestId: 34fbf723-4f4b-428b-a2f2-134d6ad3463f
[get-meeting-by-tourid] 1:38:11 PM REPORT RequestId: 34fbf723-4f4b-428b-a2f2-134d6ad3463f	Duration: 476.26 ms	Billed Duration: 477 ms	Memory Size: 512 MB	Max Memory Used: 316 MB
[get-meeting-by-tourid] 1:38:23 PM START RequestId: 6246d7ef-8029-444f-8374-508b2c52177e Version: $LATEST
[get-meeting-by-tourid] 1:38:23 PM 2025-04-11T06:38:23.614Z	6246d7ef-8029-444f-8374-508b2c52177e	INFO	Retrieving tour with tourId:  17761f15-d360-44fc-93d3-cc3ff6787dff
[get-meeting-by-tourid] 1:38:24 PM 2025-04-11T06:38:24.112Z	6246d7ef-8029-444f-8374-508b2c52177e	INFO	Tour successfully retrieved:  {
  planningSalesOfficeName: '',
  tourNumber: 'Tour003',
  otherRemarks: 'allChat',
  updatedBy: '',
  createdBy: '64cb43c7-fc54-404e-82af-66b2dad315de',
  planningSalesOfficeTeamName: '',
  qrCodeDestination: '',
  meetingId: 'dbc41934-35b2-4bb7-868f-5e0985974804',
  departureDate: '2025-04-10',
  contactPersonName: '',
  numberOfTransmitters: '',
  phoneNumberCustomer: '',
  numberOfDevices: '',
  acceptanceDate: '',
  createdAt: '2025-04-10T04:27:01.641Z',
  planningOfficeName: '',
  contactPersonEmail: '',
  emailCustomer: '',
  returnDate: '2025-04-18',
  deleteFlag: 0,
  channelId: '0351e726-0f70-4cd8-b6ac-8ce1750ace09',
  chatRestriction: 'allChat',
  processingNumber: '0001',
  tourName: 'Tour001',
  updatedAt: '',
  tourId: '17761f15-d360-44fc-93d3-cc3ff6787dff'
}
[get-meeting-by-tourid] 1:38:24 PM END RequestId: 6246d7ef-8029-444f-8374-508b2c52177e
[get-meeting-by-tourid] 1:38:24 PM REPORT RequestId: 6246d7ef-8029-444f-8374-508b2c52177e	Duration: 540.43 ms	Billed Duration: 541 ms	Memory Size: 512 MB	Max Memory Used: 316 MB
[get-meeting-by-tourid] 1:38:25 PM START RequestId: 1238efbd-3df6-45f4-9122-1c2f73a0950a Version: $LATEST
[get-meeting-by-tourid] 1:38:25 PM 2025-04-11T06:38:25.274Z	1238efbd-3df6-45f4-9122-1c2f73a0950a	INFO	Retrieving tour with tourId:  17761f15-d360-44fc-93d3-cc3ff6787dff
[get-meeting-by-tourid] 1:38:25 PM 2025-04-11T06:38:25.761Z	1238efbd-3df6-45f4-9122-1c2f73a0950a	INFO	Tour successfully retrieved:  {
  planningSalesOfficeName: '',
  tourNumber: 'Tour003',
  otherRemarks: 'allChat',
  updatedBy: '',
  createdBy: '64cb43c7-fc54-404e-82af-66b2dad315de',
  planningSalesOfficeTeamName: '',
  qrCodeDestination: '',
  meetingId: 'dbc41934-35b2-4bb7-868f-5e0985974804',
  departureDate: '2025-04-10',
  contactPersonName: '',
  numberOfTransmitters: '',
  phoneNumberCustomer: '',
  numberOfDevices: '',
  acceptanceDate: '',
  createdAt: '2025-04-10T04:27:01.641Z',
  planningOfficeName: '',
  contactPersonEmail: '',
  emailCustomer: '',
  returnDate: '2025-04-18',
  deleteFlag: 0,
  channelId: '0351e726-0f70-4cd8-b6ac-8ce1750ace09',
  chatRestriction: 'allChat',
  processingNumber: '0001',
  tourName: 'Tour001',
  updatedAt: '',
  tourId: '17761f15-d360-44fc-93d3-cc3ff6787dff'
}
[get-meeting-by-tourid] 1:38:25 PM END RequestId: 1238efbd-3df6-45f4-9122-1c2f73a0950a
[get-meeting-by-tourid] 1:38:25 PM REPORT RequestId: 1238efbd-3df6-45f4-9122-1c2f73a0950a	Duration: 502.98 ms	Billed Duration: 503 ms	Memory Size: 512 MB	Max Memory Used: 316 MB
[get-meeting-by-tourid] 1:39:14 PM 2025-04-11T06:39:14.397Z	a4670552-44c5-438d-b168-24978f02e864	INFO	Retrieving tour with tourId:  17761f15-d360-44fc-93d3-cc3ff6787dff
[get-meeting-by-tourid] 1:39:14 PM START RequestId: a4670552-44c5-438d-b168-24978f02e864 Version: $LATEST
[get-meeting-by-tourid] 1:39:14 PM 2025-04-11T06:39:14.863Z	a4670552-44c5-438d-b168-24978f02e864	INFO	Tour successfully retrieved:  {
  planningSalesOfficeName: '',
  tourNumber: 'Tour003',
  otherRemarks: 'allChat',
  updatedBy: '',
  createdBy: '64cb43c7-fc54-404e-82af-66b2dad315de',
  planningSalesOfficeTeamName: '',
  qrCodeDestination: '',
  meetingId: 'dbc41934-35b2-4bb7-868f-5e0985974804',
  departureDate: '2025-04-10',
  contactPersonName: '',
  numberOfTransmitters: '',
  phoneNumberCustomer: '',
  numberOfDevices: '',
  acceptanceDate: '',
  createdAt: '2025-04-10T04:27:01.641Z',
  planningOfficeName: '',
  contactPersonEmail: '',
  emailCustomer: '',
  returnDate: '2025-04-18',
  deleteFlag: 0,
  channelId: '0351e726-0f70-4cd8-b6ac-8ce1750ace09',
  chatRestriction: 'allChat',
  processingNumber: '0001',
  tourName: 'Tour001',
  updatedAt: '',
  tourId: '17761f15-d360-44fc-93d3-cc3ff6787dff'
}
[get-meeting-by-tourid] 1:39:14 PM END RequestId: a4670552-44c5-438d-b168-24978f02e864
[get-meeting-by-tourid] 1:39:14 PM REPORT RequestId: a4670552-44c5-438d-b168-24978f02e864	Duration: 467.96 ms	Billed Duration: 468 ms	Memory Size: 512 MB	Max Memory Used: 316 MB
[get-meeting-by-tourid] 1:40:46 PM START RequestId: 19aa9990-de62-4251-95a5-f101ad0d96a3 Version: $LATEST
[get-meeting-by-tourid] 1:40:46 PM 2025-04-11T06:40:46.180Z	19aa9990-de62-4251-95a5-f101ad0d96a3	INFO	Retrieving tour with tourId:  17761f15-d360-44fc-93d3-cc3ff6787dff
[get-meeting-by-tourid] 1:40:46 PM 2025-04-11T06:40:46.653Z	19aa9990-de62-4251-95a5-f101ad0d96a3	INFO	Tour successfully retrieved:  {
  planningSalesOfficeName: '',
  tourNumber: 'Tour003',
  otherRemarks: 'allChat',
  updatedBy: '',
  createdBy: '64cb43c7-fc54-404e-82af-66b2dad315de',
  planningSalesOfficeTeamName: '',
  qrCodeDestination: '',
  meetingId: 'dbc41934-35b2-4bb7-868f-5e0985974804',
  departureDate: '2025-04-10',
  contactPersonName: '',
  numberOfTransmitters: '',
  phoneNumberCustomer: '',
  numberOfDevices: '',
  acceptanceDate: '',
  createdAt: '2025-04-10T04:27:01.641Z',
  planningOfficeName: '',
  contactPersonEmail: '',
  emailCustomer: '',
  returnDate: '2025-04-18',
  deleteFlag: 0,
  channelId: '0351e726-0f70-4cd8-b6ac-8ce1750ace09',
  chatRestriction: 'allChat',
  processingNumber: '0001',
  tourName: 'Tour001',
  updatedAt: '',
  tourId: '17761f15-d360-44fc-93d3-cc3ff6787dff'
}
[get-meeting-by-tourid] 1:40:46 PM END RequestId: 19aa9990-de62-4251-95a5-f101ad0d96a3
[get-meeting-by-tourid] 1:40:46 PM REPORT RequestId: 19aa9990-de62-4251-95a5-f101ad0d96a3	Duration: 475.70 ms	Billed Duration: 476 ms	Memory Size: 512 MB	Max Memory Used: 316 MB
[get-meeting-by-tourid] 1:40:47 PM START RequestId: 13e9ba6b-e012-417e-a6db-2bb1f7b9f6b3 Version: $LATEST
[get-meeting-by-tourid] 1:40:47 PM 2025-04-11T06:40:47.496Z	13e9ba6b-e012-417e-a6db-2bb1f7b9f6b3	INFO	Retrieving tour with tourId:  17761f15-d360-44fc-93d3-cc3ff6787dff
[get-meeting-by-tourid] 1:40:47 PM 2025-04-11T06:40:47.966Z	13e9ba6b-e012-417e-a6db-2bb1f7b9f6b3	INFO	Tour successfully retrieved:  {
  planningSalesOfficeName: '',
  tourNumber: 'Tour003',
  otherRemarks: 'allChat',
  updatedBy: '',
  createdBy: '64cb43c7-fc54-404e-82af-66b2dad315de',
  planningSalesOfficeTeamName: '',
  qrCodeDestination: '',
  meetingId: 'dbc41934-35b2-4bb7-868f-5e0985974804',
  departureDate: '2025-04-10',
  contactPersonName: '',
  numberOfTransmitters: '',
  phoneNumberCustomer: '',
  numberOfDevices: '',
  acceptanceDate: '',
  createdAt: '2025-04-10T04:27:01.641Z',
  planningOfficeName: '',
  contactPersonEmail: '',
  emailCustomer: '',
  returnDate: '2025-04-18',
  deleteFlag: 0,
  channelId: '0351e726-0f70-4cd8-b6ac-8ce1750ace09',
  chatRestriction: 'allChat',
  processingNumber: '0001',
  tourName: 'Tour001',
  updatedAt: '',
  tourId: '17761f15-d360-44fc-93d3-cc3ff6787dff'
}
[get-meeting-by-tourid] 1:40:47 PM END RequestId: 13e9ba6b-e012-417e-a6db-2bb1f7b9f6b3
[get-meeting-by-tourid] 1:40:47 PM REPORT RequestId: 13e9ba6b-e012-417e-a6db-2bb1f7b9f6b3	Duration: 472.02 ms	Billed Duration: 473 ms	Memory Size: 512 MB	Max Memory Used: 316 MB
[get-meeting-by-tourid] 1:41:00 PM START RequestId: d5833c4d-ba02-4bb7-a56b-c421df760c3a Version: $LATEST
[get-meeting-by-tourid] 1:41:00 PM 2025-04-11T06:41:00.698Z	d5833c4d-ba02-4bb7-a56b-c421df760c3a	INFO	Retrieving tour with tourId:  17761f15-d360-44fc-93d3-cc3ff6787dff
[get-meeting-by-tourid] 1:41:01 PM 2025-04-11T06:41:01.180Z	d5833c4d-ba02-4bb7-a56b-c421df760c3a	INFO	Tour successfully retrieved:  {
  planningSalesOfficeName: '',
  tourNumber: 'Tour003',
  otherRemarks: 'allChat',
  updatedBy: '',
  createdBy: '64cb43c7-fc54-404e-82af-66b2dad315de',
  planningSalesOfficeTeamName: '',
  qrCodeDestination: '',
  meetingId: 'dbc41934-35b2-4bb7-868f-5e0985974804',
  departureDate: '2025-04-10',
  contactPersonName: '',
  numberOfTransmitters: '',
  phoneNumberCustomer: '',
  numberOfDevices: '',
  acceptanceDate: '',
  createdAt: '2025-04-10T04:27:01.641Z',
  planningOfficeName: '',
  contactPersonEmail: '',
  emailCustomer: '',
  returnDate: '2025-04-18',
  deleteFlag: 0,
  channelId: '0351e726-0f70-4cd8-b6ac-8ce1750ace09',
  chatRestriction: 'allChat',
  processingNumber: '0001',
  tourName: 'Tour001',
  updatedAt: '',
  tourId: '17761f15-d360-44fc-93d3-cc3ff6787dff'
}
[get-meeting-by-tourid] 1:41:01 PM END RequestId: d5833c4d-ba02-4bb7-a56b-c421df760c3a
[get-meeting-by-tourid] 1:41:01 PM REPORT RequestId: d5833c4d-ba02-4bb7-a56b-c421df760c3a	Duration: 485.15 ms	Billed Duration: 486 ms	Memory Size: 512 MB	Max Memory Used: 316 MB
[get-meeting] 1:45:07 PM START RequestId: 12903a96-02dd-4033-9043-5ca7d2a2b808 Version: $LATEST
[get-meeting] 1:45:07 PM 2025-04-11T06:45:07.126Z	12903a96-02dd-4033-9043-5ca7d2a2b808	INFO	Getting meeting with meetingId:  dbc41934-35b2-4bb7-868f-5e0985974804
[get-meeting] 1:45:07 PM 2025-04-11T06:45:07.747Z	12903a96-02dd-4033-9043-5ca7d2a2b808	INFO	Get Meeting Response:  dbc41934-35b2-4bb7-868f-5e0985974804
[get-meeting] 1:45:07 PM END RequestId: 12903a96-02dd-4033-9043-5ca7d2a2b808
[get-meeting] 1:45:07 PM REPORT RequestId: 12903a96-02dd-4033-9043-5ca7d2a2b808	Duration: 623.12 ms	Billed Duration: 624 ms	Memory Size: 512 MB	Max Memory Used: 316 MB
[start-meeting-transcription] 1:45:11 PM 2025-04-11T06:45:11.651Z	d790b1b9-8a33-41af-a815-dcb264da7468	INFO	Start MeetingTranscription with meetingId:  67a099bf-82be-4c5d-bc38-da115a2c4804 languageCode:  ja-JP
[start-meeting-transcription] 1:45:11 PM START RequestId: d790b1b9-8a33-41af-a815-dcb264da7468 Version: $LATEST
[start-meeting-transcription] 1:45:12 PM 2025-04-11T06:45:12.287Z	d790b1b9-8a33-41af-a815-dcb264da7468	INFO	Started Meeting Transcription Response:  {}
[start-meeting-transcription] 1:45:12 PM END RequestId: d790b1b9-8a33-41af-a815-dcb264da7468
[start-meeting-transcription] 1:45:12 PM REPORT RequestId: d790b1b9-8a33-41af-a815-dcb264da7468	Duration: 637.48 ms	Billed Duration: 638 ms	Memory Size: 512 MB	Max Memory Used: 316 MB
[get-meeting-by-tourid] 1:45:06 PM START RequestId: 149af06a-0f5f-4d9d-b416-333912cf0d53 Version: $LATEST
[get-meeting-by-tourid] 1:45:06 PM 2025-04-11T06:45:06.166Z	149af06a-0f5f-4d9d-b416-333912cf0d53	INFO	Retrieving tour with tourId:  17761f15-d360-44fc-93d3-cc3ff6787dff
[get-meeting-by-tourid] 1:45:06 PM 2025-04-11T06:45:06.641Z	149af06a-0f5f-4d9d-b416-333912cf0d53	INFO	Tour successfully retrieved:  {
  planningSalesOfficeName: '',
  tourNumber: 'Tour003',
  otherRemarks: 'allChat',
  updatedBy: '',
  createdBy: '64cb43c7-fc54-404e-82af-66b2dad315de',
  planningSalesOfficeTeamName: '',
  qrCodeDestination: '',
  meetingId: 'dbc41934-35b2-4bb7-868f-5e0985974804',
  departureDate: '2025-04-10',
  contactPersonName: '',
  numberOfTransmitters: '',
  phoneNumberCustomer: '',
  numberOfDevices: '',
  acceptanceDate: '',
  createdAt: '2025-04-10T04:27:01.641Z',
  planningOfficeName: '',
  contactPersonEmail: '',
  emailCustomer: '',
  returnDate: '2025-04-18',
  deleteFlag: 0,
  channelId: '0351e726-0f70-4cd8-b6ac-8ce1750ace09',
  chatRestriction: 'allChat',
  processingNumber: '0001',
  tourName: 'Tour001',
  updatedAt: '',
  tourId: '17761f15-d360-44fc-93d3-cc3ff6787dff'
}
[get-meeting-by-tourid] 1:45:06 PM END RequestId: 149af06a-0f5f-4d9d-b416-333912cf0d53
[get-meeting-by-tourid] 1:45:06 PM REPORT RequestId: 149af06a-0f5f-4d9d-b416-333912cf0d53	Duration: 476.96 ms	Billed Duration: 477 ms	Memory Size: 512 MB	Max Memory Used: 316 MB
[check-auth] 1:48:22 PM INIT_START Runtime Version: nodejs:18.v63	Runtime Version ARN: arn:aws:lambda:us-east-1::runtime:ad007b64e69135315cba0d95ed797867707d928d1128edf4fa17a926a71f1718
[check-auth] 1:48:23 PM START RequestId: 96669b34-58b8-40c3-a14a-9a96d58c9d39 Version: $LATEST
[check-auth] 1:48:23 PM 2025-04-11T06:48:23.817Z	96669b34-58b8-40c3-a14a-9a96d58c9d39	INFO	Token (cleaned):  eyJhbGciOiJIUzI1NiIsInR5cCI6IkpXVCJ9.eyJ1c2VySWQiOiI2NGNiNDNjNy1mYzU0LTQwNGUtODJhZi02NmIyZGFkMzE1ZGUiLCJpYXQiOjE3NDQzNTQxMDAsImV4cCI6MTc0NDM1NTAwMH0.mR8k67PFhZgpHzMlIId7d758qyu_GeGs2bH0ynn9uXk
[check-auth] 1:48:23 PM 2025-04-11T06:48:23.818Z	96669b34-58b8-40c3-a14a-9a96d58c9d39	INFO	Verifying token... a5e3696b23ce9b6e96af822f26b757d52c64b9a8e29351b9fee039dfb2d35600
[check-auth] 1:48:23 PM 2025-04-11T06:48:23.836Z	96669b34-58b8-40c3-a14a-9a96d58c9d39	INFO	userId:  64cb43c7-fc54-404e-82af-66b2dad315de
[check-auth] 1:48:24 PM 2025-04-11T06:48:24.406Z	96669b34-58b8-40c3-a14a-9a96d58c9d39	INFO	DynamoDB result:  {
  Items: [
    {
      password: '$2b$10$Fk8hSSFK9yWlmyCSdMBkfuaPNnfBiNoeOxzJxnhMOkDbsyMq9v0JO',
      active: 0,
      deleteFlag: 0,
      role: 0,
      userId: '64cb43c7-fc54-404e-82af-66b2dad315de',
      updatedAt: '2025-03-28T07:24:56.336Z',
      userName: 'admin',
      createdAt: '2025-03-28T07:24:56.336Z',
      updatedBy: 'admin',
      email: 'info-admin@gmail.com',
      createdBy: 'admin'
    }
  ],
  Count: 1,
  ScannedCount: 1
}
[check-auth] 1:48:24 PM END RequestId: 96669b34-58b8-40c3-a14a-9a96d58c9d39
[check-auth] 1:48:24 PM REPORT RequestId: 96669b34-58b8-40c3-a14a-9a96d58c9d39	Duration: 616.04 ms	Billed Duration: 617 ms	Memory Size: 512 MB	Max Memory Used: 317 MB	Init Duration: 984.76 ms
[refresh-token] 1:48:19 PM INIT_START Runtime Version: nodejs:18.v63	Runtime Version ARN: arn:aws:lambda:us-east-1::runtime:ad007b64e69135315cba0d95ed797867707d928d1128edf4fa17a926a71f1718
[refresh-token] 1:48:20 PM START RequestId: 0a1e6470-1074-4f9d-a34b-9ae25ee43205 Version: $LATEST
[refresh-token] 1:48:20 PM 2025-04-11T06:48:20.153Z	0a1e6470-1074-4f9d-a34b-9ae25ee43205	INFO	Refresh Token (cleaned):  eyJhbGciOiJIUzI1NiIsInR5cCI6IkpXVCJ9.eyJ1c2VySWQiOiI2NGNiNDNjNy1mYzU0LTQwNGUtODJhZi02NmIyZGFkMzE1ZGUiLCJpYXQiOjE3NDQzNDYyMTQsImV4cCI6MTc0NDk1MTAxNH0.H0Boa9fRjGzpYMqUYsxDAUHClpLGXjQN7CniK-Z4rr4
[refresh-token] 1:48:20 PM 2025-04-11T06:48:20.171Z	0a1e6470-1074-4f9d-a34b-9ae25ee43205	INFO	Decoded refresh token:  {
  userId: '64cb43c7-fc54-404e-82af-66b2dad315de',
  iat: 1744346214,
  exp: 1744951014
}
[refresh-token] 1:48:20 PM 2025-04-11T06:48:20.173Z	0a1e6470-1074-4f9d-a34b-9ae25ee43205	INFO	Extracted userId:  64cb43c7-fc54-404e-82af-66b2dad315de
[refresh-token] 1:48:20 PM 2025-04-11T06:48:20.788Z	0a1e6470-1074-4f9d-a34b-9ae25ee43205	INFO	DynamoDB query result:  {
  Items: [
    {
      password: '$2b$10$Fk8hSSFK9yWlmyCSdMBkfuaPNnfBiNoeOxzJxnhMOkDbsyMq9v0JO',
      active: 0,
      deleteFlag: 0,
      role: 0,
      userId: '64cb43c7-fc54-404e-82af-66b2dad315de',
      updatedAt: '2025-03-28T07:24:56.336Z',
      userName: 'admin',
      createdAt: '2025-03-28T07:24:56.336Z',
      updatedBy: 'admin',
      email: 'info-admin@gmail.com',
      createdBy: 'admin'
    }
  ],
  Count: 1,
  ScannedCount: 1
}
[refresh-token] 1:48:20 PM END RequestId: 0a1e6470-1074-4f9d-a34b-9ae25ee43205
[refresh-token] 1:48:20 PM REPORT RequestId: 0a1e6470-1074-4f9d-a34b-9ae25ee43205	Duration: 659.99 ms	Billed Duration: 660 ms	Memory Size: 512 MB	Max Memory Used: 317 MB	Init Duration: 970.53 ms
[get-meeting-by-tourid] 1:49:39 PM START RequestId: 01c5b484-1bbc-4f41-b3ad-770a50fb1efb Version: $LATEST
[get-meeting-by-tourid] 1:49:39 PM 2025-04-11T06:49:39.646Z	01c5b484-1bbc-4f41-b3ad-770a50fb1efb	INFO	Retrieving tour with tourId:  8ee26865-df26-43ad-a8fc-2346690db9f8
[get-meeting-by-tourid] 1:49:40 PM 2025-04-11T06:49:40.115Z	01c5b484-1bbc-4f41-b3ad-770a50fb1efb	INFO	Tour successfully retrieved:  {
  planningSalesOfficeName: '',
  tourNumber: 'Tour001',
  otherRemarks: '',
  updatedBy: '',
  createdBy: '64cb43c7-fc54-404e-82af-66b2dad315de',
  planningSalesOfficeTeamName: '',
  qrCodeDestination: '',
  meetingId: '321b70b6-8b4c-45b5-b6ec-0185c4a44804',
  departureDate: '2025-04-10',
  contactPersonName: '',
  numberOfTransmitters: '',
  phoneNumberCustomer: '',
  numberOfDevices: '',
  tourTestStatus: 'test',
  acceptanceDate: '',
  createdAt: '2025-04-10T04:06:04.086Z',
  planningOfficeName: '',
  contactPersonEmail: '',
  emailCustomer: '',
  returnDate: '2025-04-12',
  deleteFlag: 0,
  channelId: '38175947-1640-46c8-87bd-db6d4e6ed13a',
  chatRestriction: 'allChat',
  processingNumber: 'Tour001',
  tourName: 'Tour001',
  updatedAt: '',
  tourId: '8ee26865-df26-43ad-a8fc-2346690db9f8'
}
[get-meeting-by-tourid] 1:49:40 PM END RequestId: 01c5b484-1bbc-4f41-b3ad-770a50fb1efb
[get-meeting-by-tourid] 1:49:40 PM REPORT RequestId: 01c5b484-1bbc-4f41-b3ad-770a50fb1efb	Duration: 471.70 ms	Billed Duration: 472 ms	Memory Size: 512 MB	Max Memory Used: 316 MB
[get-meeting] 1:49:40 PM START RequestId: 032ec962-3f42-4dec-a4fd-cb0c29809e63 Version: $LATEST
[get-meeting] 1:49:40 PM 2025-04-11T06:49:40.987Z	032ec962-3f42-4dec-a4fd-cb0c29809e63	INFO	Getting meeting with meetingId:  321b70b6-8b4c-45b5-b6ec-0185c4a44804
[get-meeting] 1:49:41 PM 2025-04-11T06:49:41.609Z	032ec962-3f42-4dec-a4fd-cb0c29809e63	ERROR	Failed to Get Meeting:  {
  error: NotFound: Meeting <321b70b6-8b4c-45b5-b6ec-0185c4a44804> not found
      at Object.kJ [as extractError] (file:///var/task/index.mjs:2:5259)
      at constructor.YJ (file:///var/task/index.mjs:2:17862)
      at constructor.callListeners (file:///var/task/index.mjs:2:48795)
      at constructor.emit (file:///var/task/index.mjs:2:48503)
      at constructor.emitEvent (file:///var/task/index.mjs:3:28427)
      at constructor.t (file:///var/task/index.mjs:3:23986)
      at Rc.runTo (file:///var/task/index.mjs:3:1217)
      at file:///var/task/index.mjs:3:1429
      at constructor.<anonymous> (file:///var/task/index.mjs:3:24200)
      at constructor.<anonymous> (file:///var/task/index.mjs:3:28482) {
    code: 'NotFound',
    '[Code]': 'See error.Code for details.',
    '[Message]': 'See error.Message for details.',
    '[RequestId]': 'See error.RequestId for details.',
    time: 2025-04-11T06:49:41.608Z,
    requestId: 'f4f34431-2154-40d5-95a7-72f307f2efc7',
    statusCode: 404,
    retryable: false,
    retryDelay: 86.29511122911795
  },
  event: {
    resource: '/meetings/{MeetingID}',
    path: '/meetings/321b70b6-8b4c-45b5-b6ec-0185c4a44804',
    httpMethod: 'GET',
    headers: {
      Accept: '*/*',
      'Accept-Encoding': 'gzip, deflate, br, zstd',
      'Accept-Language': 'en,ja;q=0.9,vi;q=0.8,en-US;q=0.7',
      'CloudFront-Forwarded-Proto': 'https',
      'CloudFront-Is-Desktop-Viewer': 'true',
      'CloudFront-Is-Mobile-Viewer': 'false',
      'CloudFront-Is-SmartTV-Viewer': 'false',
      'CloudFront-Is-Tablet-Viewer': 'false',
      'CloudFront-Viewer-ASN': '45899',
      'CloudFront-Viewer-Country': 'VN',
      Host: 'zyilyi1dgj.execute-api.us-east-1.amazonaws.com',
      origin: 'http://192.168.201.23:3000',
      priority: 'u=1, i',
      Referer: 'http://192.168.201.23:3000/',
      'sec-ch-ua': '"Google Chrome";v="135", "Not-A.Brand";v="8", "Chromium";v="135"',
      'sec-ch-ua-mobile': '?0',
      'sec-ch-ua-platform': '"Windows"',
      'sec-fetch-dest': 'empty',
      'sec-fetch-mode': 'cors',
      'sec-fetch-site': 'cross-site',
      'User-Agent': 'Mozilla/5.0 (Windows NT 10.0; Win64; x64) AppleWebKit/537.36 (KHTML, like Gecko) Chrome/135.0.0.0 Safari/537.36',
      Via: '2.0 037938701d4913b72c21de3c89687750.cloudfront.net (CloudFront)',
      'X-Amz-Cf-Id': '65RqWfj7idB1IyheBFZxP6F-2zzWIXfZe0ujefZcRmvdrfCg9PQBag==',
      'X-Amzn-Trace-Id': 'Root=1-67f8bb84-375c12ce669e787333a56ab4',
      'X-Forwarded-For': '14.161.12.17, 15.158.13.115',
      'X-Forwarded-Port': '443',
      'X-Forwarded-Proto': 'https'
    },
    multiValueHeaders: {
      Accept: [Array],
      'Accept-Encoding': [Array],
      'Accept-Language': [Array],
      'CloudFront-Forwarded-Proto': [Array],
      'CloudFront-Is-Desktop-Viewer': [Array],
      'CloudFront-Is-Mobile-Viewer': [Array],
      'CloudFront-Is-SmartTV-Viewer': [Array],
      'CloudFront-Is-Tablet-Viewer': [Array],
      'CloudFront-Viewer-ASN': [Array],
      'CloudFront-Viewer-Country': [Array],
      Host: [Array],
      origin: [Array],
      priority: [Array],
      Referer: [Array],
      'sec-ch-ua': [Array],
      'sec-ch-ua-mobile': [Array],
      'sec-ch-ua-platform': [Array],
      'sec-fetch-dest': [Array],
      'sec-fetch-mode': [Array],
      'sec-fetch-site': [Array],
      'User-Agent': [Array],
      Via: [Array],
      'X-Amz-Cf-Id': [Array],
      'X-Amzn-Trace-Id': [Array],
      'X-Forwarded-For': [Array],
      'X-Forwarded-Port': [Array],
      'X-Forwarded-Proto': [Array]
    },
    queryStringParameters: null,
    multiValueQueryStringParameters: null,
    pathParameters: { MeetingID: '321b70b6-8b4c-45b5-b6ec-0185c4a44804' },
    stageVariables: null,
    requestContext: {
      resourceId: 'hp5a4n',
      resourcePath: '/meetings/{MeetingID}',
      httpMethod: 'GET',
      extendedRequestId: 'I2I81E5EoAMEBpA=',
      requestTime: '11/Apr/2025:06:49:40 +0000',
      path: '/prod/meetings/321b70b6-8b4c-45b5-b6ec-0185c4a44804',
      accountId: '647755634525',
      protocol: 'HTTP/1.1',
      stage: 'prod',
      domainPrefix: 'zyilyi1dgj',
      requestTimeEpoch: 1744354180964,
      requestId: '58c1abf9-e419-42d4-a369-d02a2dd58390',
      identity: [Object],
      domainName: 'zyilyi1dgj.execute-api.us-east-1.amazonaws.com',
      deploymentId: '7rxnsl',
      apiId: 'zyilyi1dgj'
    },
    body: null,
    isBase64Encoded: false
  }
}
[get-meeting] 1:49:41 PM END RequestId: 032ec962-3f42-4dec-a4fd-cb0c29809e63
[get-meeting] 1:49:41 PM REPORT RequestId: 032ec962-3f42-4dec-a4fd-cb0c29809e63	Duration: 632.15 ms	Billed Duration: 633 ms	Memory Size: 512 MB	Max Memory Used: 316 MB
[get-meeting] 1:49:42 PM START RequestId: 67b280e2-d55d-4adf-8e0f-80f289fbc311 Version: $LATEST
[get-meeting] 1:49:42 PM 2025-04-11T06:49:42.128Z	67b280e2-d55d-4adf-8e0f-80f289fbc311	INFO	Getting meeting with meetingId:  321b70b6-8b4c-45b5-b6ec-0185c4a44804
[get-meeting] 1:49:42 PM 2025-04-11T06:49:42.769Z	67b280e2-d55d-4adf-8e0f-80f289fbc311	ERROR	Failed to Get Meeting:  {
  error: NotFound: Meeting <321b70b6-8b4c-45b5-b6ec-0185c4a44804> not found
      at Object.kJ [as extractError] (file:///var/task/index.mjs:2:5259)
      at constructor.YJ (file:///var/task/index.mjs:2:17862)
      at constructor.callListeners (file:///var/task/index.mjs:2:48795)
      at constructor.emit (file:///var/task/index.mjs:2:48503)
      at constructor.emitEvent (file:///var/task/index.mjs:3:28427)
      at constructor.t (file:///var/task/index.mjs:3:23986)
      at Rc.runTo (file:///var/task/index.mjs:3:1217)
      at file:///var/task/index.mjs:3:1429
      at constructor.<anonymous> (file:///var/task/index.mjs:3:24200)
      at constructor.<anonymous> (file:///var/task/index.mjs:3:28482) {
    code: 'NotFound',
    '[Code]': 'See error.Code for details.',
    '[Message]': 'See error.Message for details.',
    '[RequestId]': 'See error.RequestId for details.',
    time: 2025-04-11T06:49:42.769Z,
    requestId: 'd205f432-5b9d-42a5-9119-675435c86f7c',
    statusCode: 404,
    retryable: false,
    retryDelay: 96.70409954657839
  },
  event: {
    resource: '/meetings/{MeetingID}',
    path: '/meetings/321b70b6-8b4c-45b5-b6ec-0185c4a44804',
    httpMethod: 'GET',
    headers: {
      Accept: '*/*',
      'Accept-Encoding': 'gzip, deflate, br, zstd',
      'Accept-Language': 'en,ja;q=0.9,vi;q=0.8,en-US;q=0.7',
      'CloudFront-Forwarded-Proto': 'https',
      'CloudFront-Is-Desktop-Viewer': 'true',
      'CloudFront-Is-Mobile-Viewer': 'false',
      'CloudFront-Is-SmartTV-Viewer': 'false',
      'CloudFront-Is-Tablet-Viewer': 'false',
      'CloudFront-Viewer-ASN': '45899',
      'CloudFront-Viewer-Country': 'VN',
      Host: 'zyilyi1dgj.execute-api.us-east-1.amazonaws.com',
      origin: 'http://192.168.201.23:3000',
      priority: 'u=1, i',
      Referer: 'http://192.168.201.23:3000/',
      'sec-ch-ua': '"Google Chrome";v="135", "Not-A.Brand";v="8", "Chromium";v="135"',
      'sec-ch-ua-mobile': '?0',
      'sec-ch-ua-platform': '"Windows"',
      'sec-fetch-dest': 'empty',
      'sec-fetch-mode': 'cors',
      'sec-fetch-site': 'cross-site',
      'User-Agent': 'Mozilla/5.0 (Windows NT 10.0; Win64; x64) AppleWebKit/537.36 (KHTML, like Gecko) Chrome/135.0.0.0 Safari/537.36',
      Via: '2.0 037938701d4913b72c21de3c89687750.cloudfront.net (CloudFront)',
      'X-Amz-Cf-Id': 'XGPWbhNK1q1sBjEDJ41515HrBW21jybdotLxP7XeezQqYme1aOu5Nw==',
      'X-Amzn-Trace-Id': 'Root=1-67f8bb86-43dfc0941e4a357f7c63ec6d',
      'X-Forwarded-For': '14.161.12.17, 15.158.13.118',
      'X-Forwarded-Port': '443',
      'X-Forwarded-Proto': 'https'
    },
    multiValueHeaders: {
      Accept: [Array],
      'Accept-Encoding': [Array],
      'Accept-Language': [Array],
      'CloudFront-Forwarded-Proto': [Array],
      'CloudFront-Is-Desktop-Viewer': [Array],
      'CloudFront-Is-Mobile-Viewer': [Array],
      'CloudFront-Is-SmartTV-Viewer': [Array],
      'CloudFront-Is-Tablet-Viewer': [Array],
      'CloudFront-Viewer-ASN': [Array],
      'CloudFront-Viewer-Country': [Array],
      Host: [Array],
      origin: [Array],
      priority: [Array],
      Referer: [Array],
      'sec-ch-ua': [Array],
      'sec-ch-ua-mobile': [Array],
      'sec-ch-ua-platform': [Array],
      'sec-fetch-dest': [Array],
      'sec-fetch-mode': [Array],
      'sec-fetch-site': [Array],
      'User-Agent': [Array],
      Via: [Array],
      'X-Amz-Cf-Id': [Array],
      'X-Amzn-Trace-Id': [Array],
      'X-Forwarded-For': [Array],
      'X-Forwarded-Port': [Array],
      'X-Forwarded-Proto': [Array]
    },
    queryStringParameters: null,
    multiValueQueryStringParameters: null,
    pathParameters: { MeetingID: '321b70b6-8b4c-45b5-b6ec-0185c4a44804' },
    stageVariables: null,
    requestContext: {
      resourceId: 'hp5a4n',
      resourcePath: '/meetings/{MeetingID}',
      httpMethod: 'GET',
      extendedRequestId: 'I2I9BHvEIAMEOmA=',
      requestTime: '11/Apr/2025:06:49:42 +0000',
      path: '/prod/meetings/321b70b6-8b4c-45b5-b6ec-0185c4a44804',
      accountId: '647755634525',
      protocol: 'HTTP/1.1',
      stage: 'prod',
      domainPrefix: 'zyilyi1dgj',
      requestTimeEpoch: 1744354182109,
      requestId: 'fd8a84ae-debb-4816-b130-c6005ef40718',
      identity: [Object],
      domainName: 'zyilyi1dgj.execute-api.us-east-1.amazonaws.com',
      deploymentId: '7rxnsl',
      apiId: 'zyilyi1dgj'
    },
    body: null,
    isBase64Encoded: false
  }
}
[get-meeting] 1:49:42 PM END RequestId: 67b280e2-d55d-4adf-8e0f-80f289fbc311
[get-meeting] 1:49:42 PM REPORT RequestId: 67b280e2-d55d-4adf-8e0f-80f289fbc311	Duration: 643.95 ms	Billed Duration: 644 ms	Memory Size: 512 MB	Max Memory Used: 316 MB
[get-meeting] 1:49:44 PM START RequestId: cf5d94ff-1b73-4875-82b9-4542bb05b24e Version: $LATEST
[get-meeting] 1:49:44 PM 2025-04-11T06:49:44.046Z	cf5d94ff-1b73-4875-82b9-4542bb05b24e	INFO	Getting meeting with meetingId:  321b70b6-8b4c-45b5-b6ec-0185c4a44804
[get-meeting] 1:49:44 PM 2025-04-11T06:49:44.670Z	cf5d94ff-1b73-4875-82b9-4542bb05b24e	ERROR	Failed to Get Meeting:  {
  error: NotFound: Meeting <321b70b6-8b4c-45b5-b6ec-0185c4a44804> not found
      at Object.kJ [as extractError] (file:///var/task/index.mjs:2:5259)
      at constructor.YJ (file:///var/task/index.mjs:2:17862)
      at constructor.callListeners (file:///var/task/index.mjs:2:48795)
      at constructor.emit (file:///var/task/index.mjs:2:48503)
      at constructor.emitEvent (file:///var/task/index.mjs:3:28427)
      at constructor.t (file:///var/task/index.mjs:3:23986)
      at Rc.runTo (file:///var/task/index.mjs:3:1217)
      at file:///var/task/index.mjs:3:1429
      at constructor.<anonymous> (file:///var/task/index.mjs:3:24200)
      at constructor.<anonymous> (file:///var/task/index.mjs:3:28482) {
    code: 'NotFound',
    '[Code]': 'See error.Code for details.',
    '[Message]': 'See error.Message for details.',
    '[RequestId]': 'See error.RequestId for details.',
    time: 2025-04-11T06:49:44.669Z,
    requestId: 'a9927188-e758-4b37-9f12-26e21d9e78d4',
    statusCode: 404,
    retryable: false,
    retryDelay: 92.88887710682772
  },
  event: {
    resource: '/meetings/{MeetingID}',
    path: '/meetings/321b70b6-8b4c-45b5-b6ec-0185c4a44804',
    httpMethod: 'GET',
    headers: {
      Accept: '*/*',
      'Accept-Encoding': 'gzip, deflate, br, zstd',
      'Accept-Language': 'en,ja;q=0.9,vi;q=0.8,en-US;q=0.7',
      'CloudFront-Forwarded-Proto': 'https',
      'CloudFront-Is-Desktop-Viewer': 'true',
      'CloudFront-Is-Mobile-Viewer': 'false',
      'CloudFront-Is-SmartTV-Viewer': 'false',
      'CloudFront-Is-Tablet-Viewer': 'false',
      'CloudFront-Viewer-ASN': '45899',
      'CloudFront-Viewer-Country': 'VN',
      Host: 'zyilyi1dgj.execute-api.us-east-1.amazonaws.com',
      origin: 'http://192.168.201.23:3000',
      priority: 'u=1, i',
      Referer: 'http://192.168.201.23:3000/',
      'sec-ch-ua': '"Google Chrome";v="135", "Not-A.Brand";v="8", "Chromium";v="135"',
      'sec-ch-ua-mobile': '?0',
      'sec-ch-ua-platform': '"Windows"',
      'sec-fetch-dest': 'empty',
      'sec-fetch-mode': 'cors',
      'sec-fetch-site': 'cross-site',
      'User-Agent': 'Mozilla/5.0 (Windows NT 10.0; Win64; x64) AppleWebKit/537.36 (KHTML, like Gecko) Chrome/135.0.0.0 Safari/537.36',
      Via: '2.0 037938701d4913b72c21de3c89687750.cloudfront.net (CloudFront)',
      'X-Amz-Cf-Id': 'A1m3YlExEa4e83fmmiUTTIrThLuZRqQ9dcWm7-VG75TLTClaOx92_g==',
      'X-Amzn-Trace-Id': 'Root=1-67f8bb88-3a365d0a334e260175785da1',
      'X-Forwarded-For': '14.161.12.17, 15.158.13.114',
      'X-Forwarded-Port': '443',
      'X-Forwarded-Proto': 'https'
    },
    multiValueHeaders: {
      Accept: [Array],
      'Accept-Encoding': [Array],
      'Accept-Language': [Array],
      'CloudFront-Forwarded-Proto': [Array],
      'CloudFront-Is-Desktop-Viewer': [Array],
      'CloudFront-Is-Mobile-Viewer': [Array],
      'CloudFront-Is-SmartTV-Viewer': [Array],
      'CloudFront-Is-Tablet-Viewer': [Array],
      'CloudFront-Viewer-ASN': [Array],
      'CloudFront-Viewer-Country': [Array],
      Host: [Array],
      origin: [Array],
      priority: [Array],
      Referer: [Array],
      'sec-ch-ua': [Array],
      'sec-ch-ua-mobile': [Array],
      'sec-ch-ua-platform': [Array],
      'sec-fetch-dest': [Array],
      'sec-fetch-mode': [Array],
      'sec-fetch-site': [Array],
      'User-Agent': [Array],
      Via: [Array],
      'X-Amz-Cf-Id': [Array],
      'X-Amzn-Trace-Id': [Array],
      'X-Forwarded-For': [Array],
      'X-Forwarded-Port': [Array],
      'X-Forwarded-Proto': [Array]
    },
    queryStringParameters: null,
    multiValueQueryStringParameters: null,
    pathParameters: { MeetingID: '321b70b6-8b4c-45b5-b6ec-0185c4a44804' },
    stageVariables: null,
    requestContext: {
      resourceId: 'hp5a4n',
      resourcePath: '/meetings/{MeetingID}',
      httpMethod: 'GET',
      extendedRequestId: 'I2I9UGNjoAMEFZg=',
      requestTime: '11/Apr/2025:06:49:44 +0000',
      path: '/prod/meetings/321b70b6-8b4c-45b5-b6ec-0185c4a44804',
      accountId: '647755634525',
      protocol: 'HTTP/1.1',
      stage: 'prod',
      domainPrefix: 'zyilyi1dgj',
      requestTimeEpoch: 1744354184005,
      requestId: '64c1eac2-3fa2-40f3-a4ed-ddf4d3fd3500',
      identity: [Object],
      domainName: 'zyilyi1dgj.execute-api.us-east-1.amazonaws.com',
      deploymentId: '7rxnsl',
      apiId: 'zyilyi1dgj'
    },
    body: null,
    isBase64Encoded: false
  }
}
[get-meeting] 1:49:44 PM END RequestId: cf5d94ff-1b73-4875-82b9-4542bb05b24e
[get-meeting] 1:49:44 PM REPORT RequestId: cf5d94ff-1b73-4875-82b9-4542bb05b24e	Duration: 626.13 ms	Billed Duration: 627 ms	Memory Size: 512 MB	Max Memory Used: 316 MB
[create-meeting] 1:49:46 PM INIT_START Runtime Version: nodejs:18.v63	Runtime Version ARN: arn:aws:lambda:us-east-1::runtime:ad007b64e69135315cba0d95ed797867707d928d1128edf4fa17a926a71f1718
[create-meeting] 1:49:47 PM START RequestId: de53f548-2507-4a38-9e2b-bc425a9f8546 Version: $LATEST
[create-meeting] 1:49:47 PM 2025-04-11T06:49:47.428Z	de53f548-2507-4a38-9e2b-bc425a9f8546	INFO	Creating meeting with clientRequestToken:  40650145-dbe4-40ad-b664-dd26b85caa41 externalMeetingId:  86e3fbe8-b762-4c66-9f68-b0c068f1c15a
[create-meeting] 1:49:48 PM 2025-04-11T06:49:48.248Z	de53f548-2507-4a38-9e2b-bc425a9f8546	INFO	Created Meeting Response:  84fcd023-f122-4124-8bac-782e0f644804
[create-meeting] 1:49:48 PM END RequestId: de53f548-2507-4a38-9e2b-bc425a9f8546
[create-meeting] 1:49:48 PM REPORT RequestId: de53f548-2507-4a38-9e2b-bc425a9f8546	Duration: 847.79 ms	Billed Duration: 848 ms	Memory Size: 512 MB	Max Memory Used: 316 MB	Init Duration: 885.63 ms
[create-app-instance-user] 1:49:53 PM INIT_START Runtime Version: nodejs:18.v63	Runtime Version ARN: arn:aws:lambda:us-east-1::runtime:ad007b64e69135315cba0d95ed797867707d928d1128edf4fa17a926a71f1718
[create-app-instance-user] 1:49:54 PM START RequestId: b201ee5b-5b11-4e76-99e1-6f84d4875530 Version: $LATEST
[create-app-instance-user] 1:49:54 PM 2025-04-11T06:49:54.635Z	b201ee5b-5b11-4e76-99e1-6f84d4875530	INFO	Creating App Instance User with appInstanceArn:  arn:aws:chime:us-east-1:647755634525:app-instance/1007fa5f-d281-43e6-ac7d-758a23201cc0 appInstanceUserId:  f343181e-9d78-49e3-afdf-e4870b70e5d2 clientRequestToken:  93b70b49-61a6-4dbf-b8f4-859bb67ae63b name:  Guide expirationCriterion:  CREATED_TIMESTAMP expirationDays:  1
[create-app-instance-user] 1:49:54 PM 2025-04-11T06:49:54.799Z	b201ee5b-5b11-4e76-99e1-6f84d4875530	INFO	Created App Instance User Response:  arn:aws:chime:us-east-1:647755634525:app-instance/1007fa5f-d281-43e6-ac7d-758a23201cc0/user/f343181e-9d78-49e3-afdf-e4870b70e5d2
[create-app-instance-user] 1:49:54 PM END RequestId: b201ee5b-5b11-4e76-99e1-6f84d4875530
[create-app-instance-user] 1:49:54 PM REPORT RequestId: b201ee5b-5b11-4e76-99e1-6f84d4875530	Duration: 185.06 ms	Billed Duration: 186 ms	Memory Size: 512 MB	Max Memory Used: 316 MB	Init Duration: 912.49 ms
[create-attendee] 1:49:49 PM INIT_START Runtime Version: nodejs:18.v63	Runtime Version ARN: arn:aws:lambda:us-east-1::runtime:ad007b64e69135315cba0d95ed797867707d928d1128edf4fa17a926a71f1718
[create-attendee] 1:49:50 PM START RequestId: e05ebe01-fce6-4085-8cf5-9ee0f79511fa Version: $LATEST
[create-attendee] 1:49:50 PM 2025-04-11T06:49:50.518Z	e05ebe01-fce6-4085-8cf5-9ee0f79511fa	INFO	Creating attendee with meetingId:  84fcd023-f122-4124-8bac-782e0f644804 externalUserId:  Guide|1744354187472
[create-attendee] 1:49:51 PM 2025-04-11T06:49:51.251Z	e05ebe01-fce6-4085-8cf5-9ee0f79511fa	INFO	Created Attendee Response:  243df920-535b-40a1-f962-ba993b821e44
[create-attendee] 1:49:51 PM END RequestId: e05ebe01-fce6-4085-8cf5-9ee0f79511fa
[create-attendee] 1:49:51 PM REPORT RequestId: e05ebe01-fce6-4085-8cf5-9ee0f79511fa	Duration: 740.85 ms	Billed Duration: 741 ms	Memory Size: 512 MB	Max Memory Used: 316 MB	Init Duration: 904.94 ms
[add-channel-membership] 1:49:59 PM INIT_START Runtime Version: nodejs:18.v63	Runtime Version ARN: arn:aws:lambda:us-east-1::runtime:ad007b64e69135315cba0d95ed797867707d928d1128edf4fa17a926a71f1718
[add-channel-membership] 1:50:00 PM START RequestId: d5ba3c36-4ab1-49a9-a483-180db7f9c063 Version: $LATEST
[add-channel-membership] 1:50:00 PM 2025-04-11T06:50:00.150Z	d5ba3c36-4ab1-49a9-a483-180db7f9c063	INFO	Creating Channel Membership with channelArn:  arn%3Aaws%3Achime%3Aus-east-1%3A647755634525%3Aapp-instance%2F1007fa5f-d281-43e6-ac7d-758a23201cc0%2Fchannel%2F47618e97-fb0c-468b-b402-58eb7dcf392a memberArn:  arn:aws:chime:us-east-1:647755634525:app-instance/1007fa5f-d281-43e6-ac7d-758a23201cc0/user/f343181e-9d78-49e3-afdf-e4870b70e5d2 type: DEFAULT chimeBearer:  arn:aws:chime:us-east-1:647755634525:app-instance/1007fa5f-d281-43e6-ac7d-758a23201cc0/user/f343181e-9d78-49e3-afdf-e4870b70e5d2
[add-channel-membership] 1:50:00 PM 2025-04-11T06:50:00.319Z	d5ba3c36-4ab1-49a9-a483-180db7f9c063	INFO	Created Channel Membership Response:  {
  ChannelArn: 'arn:aws:chime:us-east-1:647755634525:app-instance/1007fa5f-d281-43e6-ac7d-758a23201cc0/channel/47618e97-fb0c-468b-b402-58eb7dcf392a',
  Member: {
    Arn: 'arn:aws:chime:us-east-1:647755634525:app-instance/1007fa5f-d281-43e6-ac7d-758a23201cc0/user/f343181e-9d78-49e3-afdf-e4870b70e5d2',
    Name: 'Guide'
  },
  SubChannelId: null
}
[add-channel-membership] 1:50:00 PM END RequestId: d5ba3c36-4ab1-49a9-a483-180db7f9c063
[add-channel-membership] 1:50:00 PM REPORT RequestId: d5ba3c36-4ab1-49a9-a483-180db7f9c063	Duration: 186.50 ms	Billed Duration: 187 ms	Memory Size: 512 MB	Max Memory Used: 316 MB	Init Duration: 736.45 ms
[create-channel] 1:49:56 PM INIT_START Runtime Version: nodejs:18.v63	Runtime Version ARN: arn:aws:lambda:us-east-1::runtime:ad007b64e69135315cba0d95ed797867707d928d1128edf4fa17a926a71f1718
[create-channel] 1:49:57 PM START RequestId: 2df8a4e8-ab06-4a11-a578-82b0bd288450 Version: $LATEST
[create-channel] 1:49:57 PM 2025-04-11T06:49:57.791Z	2df8a4e8-ab06-4a11-a578-82b0bd288450	INFO	Creating channel with appInstanceArn:  arn:aws:chime:us-east-1:647755634525:app-instance/1007fa5f-d281-43e6-ac7d-758a23201cc0 name:  LiveSession mode: UNRESTRICTED privacy:  PUBLIC clientRequestToken:  8e2f3a2d-4188-4fb9-852d-bd0b62df504c chimeBearer:  arn:aws:chime:us-east-1:647755634525:app-instance/1007fa5f-d281-43e6-ac7d-758a23201cc0/user/f343181e-9d78-49e3-afdf-e4870b70e5d2 expirationCriterion:  LAST_MESSAGE_TIMESTAMP expirationDays:  1
[create-channel] 1:49:57 PM 2025-04-11T06:49:57.971Z	2df8a4e8-ab06-4a11-a578-82b0bd288450	INFO	Created Channel Response:  arn:aws:chime:us-east-1:647755634525:app-instance/1007fa5f-d281-43e6-ac7d-758a23201cc0/channel/47618e97-fb0c-468b-b402-58eb7dcf392a
[create-channel] 1:49:57 PM END RequestId: 2df8a4e8-ab06-4a11-a578-82b0bd288450
[create-channel] 1:49:57 PM REPORT RequestId: 2df8a4e8-ab06-4a11-a578-82b0bd288450	Duration: 218.97 ms	Billed Duration: 219 ms	Memory Size: 512 MB	Max Memory Used: 316 MB	Init Duration: 928.96 ms
[start-meeting-transcription] 1:49:57 PM 2025-04-11T06:49:57.392Z	7ea62401-dee2-4d70-8ea4-16d872bdf6bb	INFO	Start MeetingTranscription with meetingId:  84fcd023-f122-4124-8bac-782e0f644804 languageCode:  ja-JP
[start-meeting-transcription] 1:49:57 PM START RequestId: 7ea62401-dee2-4d70-8ea4-16d872bdf6bb Version: $LATEST
[start-meeting-transcription] 1:49:58 PM 2025-04-11T06:49:58.037Z	7ea62401-dee2-4d70-8ea4-16d872bdf6bb	INFO	Started Meeting Transcription Response:  {}
[start-meeting-transcription] 1:49:58 PM END RequestId: 7ea62401-dee2-4d70-8ea4-16d872bdf6bb
[start-meeting-transcription] 1:49:58 PM REPORT RequestId: 7ea62401-dee2-4d70-8ea4-16d872bdf6bb	Duration: 646.13 ms	Billed Duration: 647 ms	Memory Size: 512 MB	Max Memory Used: 316 MB
[update-meeting-by-tourid] 1:50:01 PM INIT_START Runtime Version: nodejs:18.v63	Runtime Version ARN: arn:aws:lambda:us-east-1::runtime:ad007b64e69135315cba0d95ed797867707d928d1128edf4fa17a926a71f1718
[update-meeting-by-tourid] 1:50:02 PM START RequestId: 6aea5839-27f6-49e1-a344-38483da41550 Version: $LATEST
[update-meeting-by-tourid] 1:50:02 PM 2025-04-11T06:50:02.482Z	6aea5839-27f6-49e1-a344-38483da41550	INFO	Updating tour with tourId:  8ee26865-df26-43ad-a8fc-2346690db9f8 meetingId:  84fcd023-f122-4124-8bac-782e0f644804 channelId:  47618e97-fb0c-468b-b402-58eb7dcf392a
[update-meeting-by-tourid] 1:50:03 PM 2025-04-11T06:50:03.084Z	6aea5839-27f6-49e1-a344-38483da41550	INFO	Tour successfully updated:  {
  tourId: '8ee26865-df26-43ad-a8fc-2346690db9f8',
  ':meetingId': '84fcd023-f122-4124-8bac-782e0f644804',
  ':channelId': '47618e97-fb0c-468b-b402-58eb7dcf392a'
}
[update-meeting-by-tourid] 1:50:03 PM END RequestId: 6aea5839-27f6-49e1-a344-38483da41550
[update-meeting-by-tourid] 1:50:03 PM REPORT RequestId: 6aea5839-27f6-49e1-a344-38483da41550	Duration: 628.89 ms	Billed Duration: 629 ms	Memory Size: 512 MB	Max Memory Used: 316 MB	Init Duration: 910.15 ms
[get-meeting-by-tourid] 1:52:46 PM START RequestId: 29d28b7b-140d-4847-96bc-b25d8cfb0cda Version: $LATEST
[get-meeting-by-tourid] 1:52:46 PM 2025-04-11T06:52:46.734Z	29d28b7b-140d-4847-96bc-b25d8cfb0cda	INFO	Retrieving tour with tourId:  17761f15-d360-44fc-93d3-cc3ff6787dff
[get-meeting-by-tourid] 1:52:47 PM 2025-04-11T06:52:47.214Z	29d28b7b-140d-4847-96bc-b25d8cfb0cda	INFO	Tour successfully retrieved:  {
  planningSalesOfficeName: '',
  tourNumber: 'Tour003',
  otherRemarks: 'allChat',
  updatedBy: '',
  createdBy: '64cb43c7-fc54-404e-82af-66b2dad315de',
  planningSalesOfficeTeamName: '',
  qrCodeDestination: '',
  meetingId: 'dbc41934-35b2-4bb7-868f-5e0985974804',
  departureDate: '2025-04-10',
  contactPersonName: '',
  numberOfTransmitters: '',
  phoneNumberCustomer: '',
  numberOfDevices: '',
  acceptanceDate: '',
  createdAt: '2025-04-10T04:27:01.641Z',
  planningOfficeName: '',
  contactPersonEmail: '',
  emailCustomer: '',
  returnDate: '2025-04-18',
  deleteFlag: 0,
  channelId: '0351e726-0f70-4cd8-b6ac-8ce1750ace09',
  chatRestriction: 'allChat',
  processingNumber: '0001',
  tourName: 'Tour001',
  updatedAt: '',
  tourId: '17761f15-d360-44fc-93d3-cc3ff6787dff'
}
[get-meeting-by-tourid] 1:52:47 PM END RequestId: 29d28b7b-140d-4847-96bc-b25d8cfb0cda
[get-meeting-by-tourid] 1:52:47 PM REPORT RequestId: 29d28b7b-140d-4847-96bc-b25d8cfb0cda	Duration: 482.52 ms	Billed Duration: 483 ms	Memory Size: 512 MB	Max Memory Used: 316 MB
[get-meeting] 1:52:48 PM START RequestId: 8aafe672-e396-414a-b9be-40dd21938493 Version: $LATEST
[get-meeting] 1:52:48 PM 2025-04-11T06:52:48.076Z	8aafe672-e396-414a-b9be-40dd21938493	INFO	Getting meeting with meetingId:  dbc41934-35b2-4bb7-868f-5e0985974804
[get-meeting] 1:52:48 PM 2025-04-11T06:52:48.703Z	8aafe672-e396-414a-b9be-40dd21938493	INFO	Get Meeting Response:  dbc41934-35b2-4bb7-868f-5e0985974804
[get-meeting] 1:52:48 PM END RequestId: 8aafe672-e396-414a-b9be-40dd21938493
[get-meeting] 1:52:48 PM REPORT RequestId: 8aafe672-e396-414a-b9be-40dd21938493	Duration: 630.10 ms	Billed Duration: 631 ms	Memory Size: 512 MB	Max Memory Used: 316 MB
[start-meeting-transcription] 1:52:51 PM 2025-04-11T06:52:51.282Z	a426e537-7f31-4ea7-b926-90472f3e2764	INFO	Start MeetingTranscription with meetingId:  dbc41934-35b2-4bb7-868f-5e0985974804 languageCode:  ja-JP
[start-meeting-transcription] 1:52:51 PM START RequestId: a426e537-7f31-4ea7-b926-90472f3e2764 Version: $LATEST
[start-meeting-transcription] 1:52:51 PM 2025-04-11T06:52:51.929Z	a426e537-7f31-4ea7-b926-90472f3e2764	INFO	Started Meeting Transcription Response:  {}
[start-meeting-transcription] 1:52:51 PM END RequestId: a426e537-7f31-4ea7-b926-90472f3e2764
[start-meeting-transcription] 1:52:51 PM REPORT RequestId: a426e537-7f31-4ea7-b926-90472f3e2764	Duration: 648.17 ms	Billed Duration: 649 ms	Memory Size: 512 MB	Max Memory Used: 316 MB
[get-meeting-by-tourid] 1:53:05 PM START RequestId: 03470d60-88e1-44a1-9d9e-b8264b7cad88 Version: $LATEST
[get-meeting-by-tourid] 1:53:05 PM 2025-04-11T06:53:05.572Z	03470d60-88e1-44a1-9d9e-b8264b7cad88	INFO	Retrieving tour with tourId:  17761f15-d360-44fc-93d3-cc3ff6787dff
[get-meeting-by-tourid] 1:53:06 PM 2025-04-11T06:53:06.049Z	03470d60-88e1-44a1-9d9e-b8264b7cad88	INFO	Tour successfully retrieved:  {
  planningSalesOfficeName: '',
  tourNumber: 'Tour003',
  otherRemarks: 'allChat',
  updatedBy: '',
  createdBy: '64cb43c7-fc54-404e-82af-66b2dad315de',
  planningSalesOfficeTeamName: '',
  qrCodeDestination: '',
  meetingId: 'dbc41934-35b2-4bb7-868f-5e0985974804',
  departureDate: '2025-04-10',
  contactPersonName: '',
  numberOfTransmitters: '',
  phoneNumberCustomer: '',
  numberOfDevices: '',
  acceptanceDate: '',
  createdAt: '2025-04-10T04:27:01.641Z',
  planningOfficeName: '',
  contactPersonEmail: '',
  emailCustomer: '',
  returnDate: '2025-04-18',
  deleteFlag: 0,
  channelId: '0351e726-0f70-4cd8-b6ac-8ce1750ace09',
  chatRestriction: 'allChat',
  processingNumber: '0001',
  tourName: 'Tour001',
  updatedAt: '',
  tourId: '17761f15-d360-44fc-93d3-cc3ff6787dff'
}
[get-meeting-by-tourid] 1:53:06 PM END RequestId: 03470d60-88e1-44a1-9d9e-b8264b7cad88
[get-meeting-by-tourid] 1:53:06 PM REPORT RequestId: 03470d60-88e1-44a1-9d9e-b8264b7cad88	Duration: 479.35 ms	Billed Duration: 480 ms	Memory Size: 512 MB	Max Memory Used: 316 MB
[get-meeting] 1:53:07 PM START RequestId: 2c3a7592-6a22-45d7-bae6-370ba664cfbd Version: $LATEST
[get-meeting] 1:53:07 PM 2025-04-11T06:53:07.038Z	2c3a7592-6a22-45d7-bae6-370ba664cfbd	INFO	Getting meeting with meetingId:  dbc41934-35b2-4bb7-868f-5e0985974804
[get-meeting] 1:53:07 PM 2025-04-11T06:53:07.670Z	2c3a7592-6a22-45d7-bae6-370ba664cfbd	INFO	Get Meeting Response:  dbc41934-35b2-4bb7-868f-5e0985974804
[get-meeting] 1:53:07 PM END RequestId: 2c3a7592-6a22-45d7-bae6-370ba664cfbd
[get-meeting] 1:53:07 PM REPORT RequestId: 2c3a7592-6a22-45d7-bae6-370ba664cfbd	Duration: 634.20 ms	Billed Duration: 635 ms	Memory Size: 512 MB	Max Memory Used: 316 MB
[list-tour] 1:53:12 PM INIT_START Runtime Version: nodejs:18.v63	Runtime Version ARN: arn:aws:lambda:us-east-1::runtime:ad007b64e69135315cba0d95ed797867707d928d1128edf4fa17a926a71f1718
[list-tour] 1:53:13 PM START RequestId: fbb11ed7-27f6-41a8-a8c0-6dbff65db78e Version: $LATEST
[list-tour] 1:53:13 PM 2025-04-11T06:53:13.031Z	fbb11ed7-27f6-41a8-a8c0-6dbff65db78e	INFO	Retrieving list of tours
[list-tour] 1:53:13 PM 2025-04-11T06:53:13.051Z	fbb11ed7-27f6-41a8-a8c0-6dbff65db78e	ERROR	Failed to retrieve tours:  {
  error: Error: Invalid or expired token
      at v$ (file:///var/task/index.mjs:37:51811)
      at Runtime.amt [as handler] (file:///var/task/index.mjs:37:52825)
      at Runtime.handleOnceNonStreaming (file:///var/runtime/index.mjs:1173:29) {
    statusCode: 401
  },
  event: {
    resource: '/tours',
    path: '/tours',
    httpMethod: 'GET',
    headers: {
      Accept: '*/*',
      'Accept-Encoding': 'gzip, deflate, br',
      Authorization: 'Bearer eyJhbGciOiJIUzI1NiIsInR5cCI6IkpXVCJ9.eyJ1c2VySWQiOiI2NGNiNDNjNy1mYzU0LTQwNGUtODJhZi02NmIyZGFkMzE1ZGUiLCJpYXQiOjE3NDQzNTMxOTIsImV4cCI6MTc0NDM1MzQ5Mn0.0f38p0yU4XSOBOOb6ROEBSJy-3IVvxVI3a2q4zzV1oQ',
      'CloudFront-Forwarded-Proto': 'https',
      'CloudFront-Is-Desktop-Viewer': 'true',
      'CloudFront-Is-Mobile-Viewer': 'false',
      'CloudFront-Is-SmartTV-Viewer': 'false',
      'CloudFront-Is-Tablet-Viewer': 'false',
      'CloudFront-Viewer-ASN': '45899',
      'CloudFront-Viewer-Country': 'VN',
      Host: 'zfs1gdum83.execute-api.us-east-1.amazonaws.com',
      'Postman-Token': '9efc5ea3-d565-483e-900b-78a46fda8f1f',
      'User-Agent': 'PostmanRuntime/7.37.3',
      Via: '1.1 e4bd72cd64e52b976fc20244050944f6.cloudfront.net (CloudFront)',
      'X-Amz-Cf-Id': 'h4Z7s3AmBwyDWqAVlk73rONUW3WCDtlLvgd8Gv4aQBy3tsK6H6Xpow==',
      'X-Amzn-Trace-Id': 'Root=1-67f8bc57-28b51f3369f4416f11799161',
      'X-Forwarded-For': '14.161.12.17, 15.158.13.4',
      'X-Forwarded-Port': '443',
      'X-Forwarded-Proto': 'https'
    },
    multiValueHeaders: {
      Accept: [Array],
      'Accept-Encoding': [Array],
      Authorization: [Array],
      'CloudFront-Forwarded-Proto': [Array],
      'CloudFront-Is-Desktop-Viewer': [Array],
      'CloudFront-Is-Mobile-Viewer': [Array],
      'CloudFront-Is-SmartTV-Viewer': [Array],
      'CloudFront-Is-Tablet-Viewer': [Array],
      'CloudFront-Viewer-ASN': [Array],
      'CloudFront-Viewer-Country': [Array],
      Host: [Array],
      'Postman-Token': [Array],
      'User-Agent': [Array],
      Via: [Array],
      'X-Amz-Cf-Id': [Array],
      'X-Amzn-Trace-Id': [Array],
      'X-Forwarded-For': [Array],
      'X-Forwarded-Port': [Array],
      'X-Forwarded-Proto': [Array]
    },
    queryStringParameters: { page: '1', pageSize: '10' },
    multiValueQueryStringParameters: { page: [Array], pageSize: [Array] },
    pathParameters: null,
    stageVariables: null,
    requestContext: {
      resourceId: 'h6nwgo',
      resourcePath: '/tours',
      httpMethod: 'GET',
      extendedRequestId: 'I2JdxEUwoAMEOcA=',
      requestTime: '11/Apr/2025:06:53:11 +0000',
      path: '/prod/tours',
      accountId: '647755634525',
      protocol: 'HTTP/1.1',
      stage: 'prod',
      domainPrefix: 'zfs1gdum83',
      requestTimeEpoch: 1744354391713,
      requestId: '9d7d786c-b2be-4f00-8594-f6b325eaf6be',
      identity: [Object],
      domainName: 'zfs1gdum83.execute-api.us-east-1.amazonaws.com',
      deploymentId: 'trt6ha',
      apiId: 'zfs1gdum83'
    },
    body: null,
    isBase64Encoded: false
  }
}
[list-tour] 1:53:13 PM END RequestId: fbb11ed7-27f6-41a8-a8c0-6dbff65db78e
[list-tour] 1:53:13 PM REPORT RequestId: fbb11ed7-27f6-41a8-a8c0-6dbff65db78e	Duration: 54.52 ms	Billed Duration: 55 ms	Memory Size: 512 MB	Max Memory Used: 316 MB	Init Duration: 941.40 ms
[start-meeting-transcription] 1:53:11 PM START RequestId: 5faa4d49-f052-4d5e-8592-846fac4e63d9 Version: $LATEST
[start-meeting-transcription] 1:53:11 PM 2025-04-11T06:53:11.061Z	5faa4d49-f052-4d5e-8592-846fac4e63d9	INFO	Start MeetingTranscription with meetingId:  dbc41934-35b2-4bb7-868f-5e0985974804 languageCode:  ja-JP
[start-meeting-transcription] 1:53:11 PM 2025-04-11T06:53:11.696Z	5faa4d49-f052-4d5e-8592-846fac4e63d9	INFO	Started Meeting Transcription Response:  {}
[start-meeting-transcription] 1:53:11 PM END RequestId: 5faa4d49-f052-4d5e-8592-846fac4e63d9
[start-meeting-transcription] 1:53:11 PM REPORT RequestId: 5faa4d49-f052-4d5e-8592-846fac4e63d9	Duration: 637.75 ms	Billed Duration: 638 ms	Memory Size: 512 MB	Max Memory Used: 316 MB
[get-meeting] 1:53:26 PM START RequestId: d0c36347-8b86-4d37-9d60-6300d04d41f1 Version: $LATEST
[get-meeting] 1:53:26 PM 2025-04-11T06:53:26.250Z	d0c36347-8b86-4d37-9d60-6300d04d41f1	INFO	Getting meeting with meetingId:  dbc41934-35b2-4bb7-868f-5e0985974804
[get-meeting] 1:53:26 PM 2025-04-11T06:53:26.867Z	d0c36347-8b86-4d37-9d60-6300d04d41f1	INFO	Get Meeting Response:  dbc41934-35b2-4bb7-868f-5e0985974804
[get-meeting] 1:53:26 PM END RequestId: d0c36347-8b86-4d37-9d60-6300d04d41f1
[get-meeting] 1:53:26 PM REPORT RequestId: d0c36347-8b86-4d37-9d60-6300d04d41f1	Duration: 619.75 ms	Billed Duration: 620 ms	Memory Size: 512 MB	Max Memory Used: 316 MB
[get-meeting] 1:53:31 PM START RequestId: ec1cfcb4-37cd-43a1-a960-a29b894eabb1 Version: $LATEST
[get-meeting] 1:53:31 PM 2025-04-11T06:53:31.143Z	ec1cfcb4-37cd-43a1-a960-a29b894eabb1	INFO	Getting meeting with meetingId:  84fcd023-f122-4124-8bac-782e0f644804
[get-meeting] 1:53:31 PM 2025-04-11T06:53:31.756Z	ec1cfcb4-37cd-43a1-a960-a29b894eabb1	INFO	Get Meeting Response:  84fcd023-f122-4124-8bac-782e0f644804
[get-meeting] 1:53:31 PM END RequestId: ec1cfcb4-37cd-43a1-a960-a29b894eabb1
[get-meeting] 1:53:31 PM REPORT RequestId: ec1cfcb4-37cd-43a1-a960-a29b894eabb1	Duration: 615.10 ms	Billed Duration: 616 ms	Memory Size: 512 MB	Max Memory Used: 316 MB
[start-meeting-transcription] 1:53:29 PM START RequestId: 8dc557de-a1c9-46b2-a8ff-48d8725b5671 Version: $LATEST
[start-meeting-transcription] 1:53:29 PM 2025-04-11T06:53:29.830Z	8dc557de-a1c9-46b2-a8ff-48d8725b5671	INFO	Start MeetingTranscription with meetingId:  dbc41934-35b2-4bb7-868f-5e0985974804 languageCode:  ja-JP
[start-meeting-transcription] 1:53:30 PM 2025-04-11T06:53:30.470Z	8dc557de-a1c9-46b2-a8ff-48d8725b5671	INFO	Started Meeting Transcription Response:  {}
[start-meeting-transcription] 1:53:30 PM END RequestId: 8dc557de-a1c9-46b2-a8ff-48d8725b5671
[start-meeting-transcription] 1:53:30 PM REPORT RequestId: 8dc557de-a1c9-46b2-a8ff-48d8725b5671	Duration: 641.35 ms	Billed Duration: 642 ms	Memory Size: 512 MB	Max Memory Used: 316 MB
[start-meeting-transcription] 1:53:35 PM START RequestId: 62f3c5c3-2a45-4c6a-ac53-accb29e34233 Version: $LATEST
[start-meeting-transcription] 1:53:35 PM 2025-04-11T06:53:35.305Z	62f3c5c3-2a45-4c6a-ac53-accb29e34233	INFO	Start MeetingTranscription with meetingId:  84fcd023-f122-4124-8bac-782e0f644804 languageCode:  ja-JP
[start-meeting-transcription] 1:53:35 PM 2025-04-11T06:53:35.944Z	62f3c5c3-2a45-4c6a-ac53-accb29e34233	INFO	Started Meeting Transcription Response:  {}
[start-meeting-transcription] 1:53:35 PM END RequestId: 62f3c5c3-2a45-4c6a-ac53-accb29e34233
[start-meeting-transcription] 1:53:35 PM REPORT RequestId: 62f3c5c3-2a45-4c6a-ac53-accb29e34233	Duration: 640.61 ms	Billed Duration: 641 ms	Memory Size: 512 MB	Max Memory Used: 316 MB
[get-meeting-by-tourid] 1:53:24 PM START RequestId: a2ce7dc8-6659-4fb2-9fae-2b0f41cdafeb Version: $LATEST
[get-meeting-by-tourid] 1:53:24 PM 2025-04-11T06:53:24.970Z	a2ce7dc8-6659-4fb2-9fae-2b0f41cdafeb	INFO	Retrieving tour with tourId:  17761f15-d360-44fc-93d3-cc3ff6787dff
[get-meeting-by-tourid] 1:53:25 PM 2025-04-11T06:53:25.439Z	a2ce7dc8-6659-4fb2-9fae-2b0f41cdafeb	INFO	Tour successfully retrieved:  {
  planningSalesOfficeName: '',
  tourNumber: 'Tour003',
  otherRemarks: 'allChat',
  updatedBy: '',
  createdBy: '64cb43c7-fc54-404e-82af-66b2dad315de',
  planningSalesOfficeTeamName: '',
  qrCodeDestination: '',
  meetingId: 'dbc41934-35b2-4bb7-868f-5e0985974804',
  departureDate: '2025-04-10',
  contactPersonName: '',
  numberOfTransmitters: '',
  phoneNumberCustomer: '',
  numberOfDevices: '',
  acceptanceDate: '',
  createdAt: '2025-04-10T04:27:01.641Z',
  planningOfficeName: '',
  contactPersonEmail: '',
  emailCustomer: '',
  returnDate: '2025-04-18',
  deleteFlag: 0,
  channelId: '0351e726-0f70-4cd8-b6ac-8ce1750ace09',
  chatRestriction: 'allChat',
  processingNumber: '0001',
  tourName: 'Tour001',
  updatedAt: '',
  tourId: '17761f15-d360-44fc-93d3-cc3ff6787dff'
}
[get-meeting-by-tourid] 1:53:25 PM END RequestId: a2ce7dc8-6659-4fb2-9fae-2b0f41cdafeb
[get-meeting-by-tourid] 1:53:25 PM REPORT RequestId: a2ce7dc8-6659-4fb2-9fae-2b0f41cdafeb	Duration: 470.81 ms	Billed Duration: 471 ms	Memory Size: 512 MB	Max Memory Used: 316 MB
[get-meeting-by-tourid] 1:53:29 PM START RequestId: 59e9192d-b259-4fca-b798-5f16477130ff Version: $LATEST
[get-meeting-by-tourid] 1:53:29 PM 2025-04-11T06:53:29.813Z	59e9192d-b259-4fca-b798-5f16477130ff	INFO	Retrieving tour with tourId:  8ee26865-df26-43ad-a8fc-2346690db9f8
[get-meeting-by-tourid] 1:53:30 PM 2025-04-11T06:53:30.283Z	59e9192d-b259-4fca-b798-5f16477130ff	INFO	Tour successfully retrieved:  {
  planningSalesOfficeName: '',
  tourNumber: 'Tour001',
  otherRemarks: '',
  updatedBy: '',
  createdBy: '64cb43c7-fc54-404e-82af-66b2dad315de',
  planningSalesOfficeTeamName: '',
  qrCodeDestination: '',
  meetingId: '84fcd023-f122-4124-8bac-782e0f644804',
  departureDate: '2025-04-10',
  contactPersonName: '',
  numberOfTransmitters: '',
  phoneNumberCustomer: '',
  numberOfDevices: '',
  tourTestStatus: 'test',
  acceptanceDate: '',
  createdAt: '2025-04-10T04:06:04.086Z',
  planningOfficeName: '',
  contactPersonEmail: '',
  emailCustomer: '',
  returnDate: '2025-04-12',
  deleteFlag: 0,
  channelId: '47618e97-fb0c-468b-b402-58eb7dcf392a',
  chatRestriction: 'allChat',
  processingNumber: 'Tour001',
  tourName: 'Tour001',
  updatedAt: '',
  tourId: '8ee26865-df26-43ad-a8fc-2346690db9f8'
}
[get-meeting-by-tourid] 1:53:30 PM END RequestId: 59e9192d-b259-4fca-b798-5f16477130ff
[get-meeting-by-tourid] 1:53:30 PM REPORT RequestId: 59e9192d-b259-4fca-b798-5f16477130ff	Duration: 472.40 ms	Billed Duration: 473 ms	Memory Size: 512 MB	Max Memory Used: 316 MB
[get-meeting] 1:54:36 PM START RequestId: 38712024-9e26-44db-b006-28f3c6c1b2a0 Version: $LATEST
[get-meeting] 1:54:36 PM 2025-04-11T06:54:36.589Z	38712024-9e26-44db-b006-28f3c6c1b2a0	INFO	Getting meeting with meetingId:  84fcd023-f122-4124-8bac-782e0f644804
[get-meeting] 1:54:37 PM 2025-04-11T06:54:37.216Z	38712024-9e26-44db-b006-28f3c6c1b2a0	INFO	Get Meeting Response:  84fcd023-f122-4124-8bac-782e0f644804
[get-meeting] 1:54:37 PM END RequestId: 38712024-9e26-44db-b006-28f3c6c1b2a0
[get-meeting] 1:54:37 PM REPORT RequestId: 38712024-9e26-44db-b006-28f3c6c1b2a0	Duration: 629.36 ms	Billed Duration: 630 ms	Memory Size: 512 MB	Max Memory Used: 316 MB
[start-meeting-transcription] 1:54:40 PM START RequestId: 01190038-130f-4988-b5ba-a70da54696f9 Version: $LATEST
[start-meeting-transcription] 1:54:40 PM 2025-04-11T06:54:40.866Z	01190038-130f-4988-b5ba-a70da54696f9	INFO	Start MeetingTranscription with meetingId:  84fcd023-f122-4124-8bac-782e0f644804 languageCode:  ja-JP
[start-meeting-transcription] 1:54:41 PM 2025-04-11T06:54:41.527Z	01190038-130f-4988-b5ba-a70da54696f9	INFO	Started Meeting Transcription Response:  {}
[start-meeting-transcription] 1:54:41 PM END RequestId: 01190038-130f-4988-b5ba-a70da54696f9
[start-meeting-transcription] 1:54:41 PM REPORT RequestId: 01190038-130f-4988-b5ba-a70da54696f9	Duration: 663.12 ms	Billed Duration: 664 ms	Memory Size: 512 MB	Max Memory Used: 316 MB
[get-meeting-by-tourid] 1:54:35 PM 2025-04-11T06:54:35.192Z	7a964907-0847-428f-b27c-a69bed23162d	INFO	Retrieving tour with tourId:  8ee26865-df26-43ad-a8fc-2346690db9f8
[get-meeting-by-tourid] 1:54:35 PM START RequestId: 7a964907-0847-428f-b27c-a69bed23162d Version: $LATEST
[get-meeting-by-tourid] 1:54:35 PM 2025-04-11T06:54:35.661Z	7a964907-0847-428f-b27c-a69bed23162d	INFO	Tour successfully retrieved:  {
  planningSalesOfficeName: '',
  tourNumber: 'Tour001',
  otherRemarks: '',
  updatedBy: '',
  createdBy: '64cb43c7-fc54-404e-82af-66b2dad315de',
  planningSalesOfficeTeamName: '',
  qrCodeDestination: '',
  meetingId: '84fcd023-f122-4124-8bac-782e0f644804',
  departureDate: '2025-04-10',
  contactPersonName: '',
  numberOfTransmitters: '',
  phoneNumberCustomer: '',
  numberOfDevices: '',
  tourTestStatus: 'test',
  acceptanceDate: '',
  createdAt: '2025-04-10T04:06:04.086Z',
  planningOfficeName: '',
  contactPersonEmail: '',
  emailCustomer: '',
  returnDate: '2025-04-12',
  deleteFlag: 0,
  channelId: '47618e97-fb0c-468b-b402-58eb7dcf392a',
  chatRestriction: 'allChat',
  processingNumber: 'Tour001',
  tourName: 'Tour001',
  updatedAt: '',
  tourId: '8ee26865-df26-43ad-a8fc-2346690db9f8'
}
[get-meeting-by-tourid] 1:54:35 PM END RequestId: 7a964907-0847-428f-b27c-a69bed23162d
[get-meeting-by-tourid] 1:54:35 PM REPORT RequestId: 7a964907-0847-428f-b27c-a69bed23162d	Duration: 470.92 ms	Billed Duration: 471 ms	Memory Size: 512 MB	Max Memory Used: 316 MB
[get-meeting] 1:56:45 PM 2025-04-11T06:56:45.592Z	2484c0e8-9aee-48c2-a324-85325afb0549	INFO	Getting meeting with meetingId:  dbc41934-35b2-4bb7-868f-5e0985974804
[get-meeting] 1:56:45 PM START RequestId: 2484c0e8-9aee-48c2-a324-85325afb0549 Version: $LATEST
[get-meeting] 1:56:46 PM 2025-04-11T06:56:46.231Z	2484c0e8-9aee-48c2-a324-85325afb0549	INFO	Get Meeting Response:  dbc41934-35b2-4bb7-868f-5e0985974804
[get-meeting] 1:56:46 PM END RequestId: 2484c0e8-9aee-48c2-a324-85325afb0549
[get-meeting] 1:56:46 PM REPORT RequestId: 2484c0e8-9aee-48c2-a324-85325afb0549	Duration: 640.55 ms	Billed Duration: 641 ms	Memory Size: 512 MB	Max Memory Used: 316 MB
[get-meeting-by-tourid] 1:56:44 PM START RequestId: cedc0db2-25a1-4598-af05-2a1cec5c46b9 Version: $LATEST
[get-meeting-by-tourid] 1:56:44 PM 2025-04-11T06:56:44.764Z	cedc0db2-25a1-4598-af05-2a1cec5c46b9	INFO	Retrieving tour with tourId:  17761f15-d360-44fc-93d3-cc3ff6787dff
[get-meeting-by-tourid] 1:56:45 PM 2025-04-11T06:56:45.228Z	cedc0db2-25a1-4598-af05-2a1cec5c46b9	INFO	Tour successfully retrieved:  {
  planningSalesOfficeName: '',
  tourNumber: 'Tour003',
  otherRemarks: 'allChat',
  updatedBy: '',
  createdBy: '64cb43c7-fc54-404e-82af-66b2dad315de',
  planningSalesOfficeTeamName: '',
  qrCodeDestination: '',
  meetingId: 'dbc41934-35b2-4bb7-868f-5e0985974804',
  departureDate: '2025-04-10',
  contactPersonName: '',
  numberOfTransmitters: '',
  phoneNumberCustomer: '',
  numberOfDevices: '',
  acceptanceDate: '',
  createdAt: '2025-04-10T04:27:01.641Z',
  planningOfficeName: '',
  contactPersonEmail: '',
  emailCustomer: '',
  returnDate: '2025-04-18',
  deleteFlag: 0,
  channelId: '0351e726-0f70-4cd8-b6ac-8ce1750ace09',
  chatRestriction: 'allChat',
  processingNumber: '0001',
  tourName: 'Tour001',
  updatedAt: '',
  tourId: '17761f15-d360-44fc-93d3-cc3ff6787dff'
}
[get-meeting-by-tourid] 1:56:45 PM END RequestId: cedc0db2-25a1-4598-af05-2a1cec5c46b9
[get-meeting-by-tourid] 1:56:45 PM REPORT RequestId: cedc0db2-25a1-4598-af05-2a1cec5c46b9	Duration: 466.40 ms	Billed Duration: 467 ms	Memory Size: 512 MB	Max Memory Used: 316 MB
[get-meeting-by-tourid] 1:56:53 PM START RequestId: 475304fd-fd26-48a6-ae69-2336114cd59d Version: $LATEST
[get-meeting-by-tourid] 1:56:53 PM 2025-04-11T06:56:53.223Z	475304fd-fd26-48a6-ae69-2336114cd59d	INFO	Retrieving tour with tourId:  17761f15-d360-44fc-93d3-cc3ff6787dff
[get-meeting-by-tourid] 1:56:53 PM 2025-04-11T06:56:53.684Z	475304fd-fd26-48a6-ae69-2336114cd59d	INFO	Tour successfully retrieved:  {
  planningSalesOfficeName: '',
  tourNumber: 'Tour003',
  otherRemarks: 'allChat',
  updatedBy: '',
  createdBy: '64cb43c7-fc54-404e-82af-66b2dad315de',
  planningSalesOfficeTeamName: '',
  qrCodeDestination: '',
  meetingId: 'dbc41934-35b2-4bb7-868f-5e0985974804',
  departureDate: '2025-04-10',
  contactPersonName: '',
  numberOfTransmitters: '',
  phoneNumberCustomer: '',
  numberOfDevices: '',
  acceptanceDate: '',
  createdAt: '2025-04-10T04:27:01.641Z',
  planningOfficeName: '',
  contactPersonEmail: '',
  emailCustomer: '',
  returnDate: '2025-04-18',
  deleteFlag: 0,
  channelId: '0351e726-0f70-4cd8-b6ac-8ce1750ace09',
  chatRestriction: 'allChat',
  processingNumber: '0001',
  tourName: 'Tour001',
  updatedAt: '',
  tourId: '17761f15-d360-44fc-93d3-cc3ff6787dff'
}
[get-meeting-by-tourid] 1:56:53 PM END RequestId: 475304fd-fd26-48a6-ae69-2336114cd59d
[get-meeting-by-tourid] 1:56:53 PM REPORT RequestId: 475304fd-fd26-48a6-ae69-2336114cd59d	Duration: 463.37 ms	Billed Duration: 464 ms	Memory Size: 512 MB	Max Memory Used: 317 MB
[start-meeting-transcription] 1:56:49 PM START RequestId: 51083082-719b-48be-9c2f-3140cc06e521 Version: $LATEST
[start-meeting-transcription] 1:56:49 PM 2025-04-11T06:56:49.924Z	51083082-719b-48be-9c2f-3140cc06e521	INFO	Start MeetingTranscription with meetingId:  dbc41934-35b2-4bb7-868f-5e0985974804 languageCode:  ja-JP
[start-meeting-transcription] 1:56:50 PM 2025-04-11T06:56:50.581Z	51083082-719b-48be-9c2f-3140cc06e521	INFO	Started Meeting Transcription Response:  {}
[start-meeting-transcription] 1:56:50 PM END RequestId: 51083082-719b-48be-9c2f-3140cc06e521
[start-meeting-transcription] 1:56:50 PM REPORT RequestId: 51083082-719b-48be-9c2f-3140cc06e521	Duration: 658.92 ms	Billed Duration: 659 ms	Memory Size: 512 MB	Max Memory Used: 316 MB
[get-meeting] 1:56:54 PM START RequestId: edc5fb42-dc89-44f0-b5f4-d06a361f3e22 Version: $LATEST
[get-meeting] 1:56:54 PM 2025-04-11T06:56:54.767Z	edc5fb42-dc89-44f0-b5f4-d06a361f3e22	INFO	Getting meeting with meetingId:  dbc41934-35b2-4bb7-868f-5e0985974804
[get-meeting] 1:56:55 PM 2025-04-11T06:56:55.391Z	edc5fb42-dc89-44f0-b5f4-d06a361f3e22	INFO	Get Meeting Response:  dbc41934-35b2-4bb7-868f-5e0985974804
[get-meeting] 1:56:55 PM END RequestId: edc5fb42-dc89-44f0-b5f4-d06a361f3e22
[get-meeting] 1:56:55 PM REPORT RequestId: edc5fb42-dc89-44f0-b5f4-d06a361f3e22	Duration: 627.07 ms	Billed Duration: 628 ms	Memory Size: 512 MB	Max Memory Used: 316 MB
[start-meeting-transcription] 1:56:59 PM START RequestId: 555996fd-b6c0-4cad-8dd3-46547e328bfa Version: $LATEST
[start-meeting-transcription] 1:56:59 PM 2025-04-11T06:56:59.673Z	555996fd-b6c0-4cad-8dd3-46547e328bfa	INFO	Start MeetingTranscription with meetingId:  dbc41934-35b2-4bb7-868f-5e0985974804 languageCode:  ja-JP
[start-meeting-transcription] 1:57:00 PM 2025-04-11T06:57:00.300Z	555996fd-b6c0-4cad-8dd3-46547e328bfa	INFO	Started Meeting Transcription Response:  {}
[start-meeting-transcription] 1:57:00 PM END RequestId: 555996fd-b6c0-4cad-8dd3-46547e328bfa
[start-meeting-transcription] 1:57:00 PM REPORT RequestId: 555996fd-b6c0-4cad-8dd3-46547e328bfa	Duration: 631.23 ms	Billed Duration: 632 ms	Memory Size: 512 MB	Max Memory Used: 316 MB
[list-tour] 1:56:56 PM START RequestId: 52f924a4-3d6d-4318-b678-7256680e7e2a Version: $LATEST
[list-tour] 1:56:56 PM 2025-04-11T06:56:56.541Z	52f924a4-3d6d-4318-b678-7256680e7e2a	INFO	Retrieving list of tours
[list-tour] 1:56:56 PM 2025-04-11T06:56:56.569Z	52f924a4-3d6d-4318-b678-7256680e7e2a	ERROR	Failed to retrieve tours:  {
  error: Error: Invalid or expired token
      at v$ (file:///var/task/index.mjs:37:51811)
      at Runtime.amt [as handler] (file:///var/task/index.mjs:37:52825)
      at Runtime.handleOnceNonStreaming (file:///var/runtime/index.mjs:1173:29) {
    statusCode: 401
  },
  event: {
    resource: '/tours',
    path: '/tours',
    httpMethod: 'GET',
    headers: {
      Accept: '*/*',
      'Accept-Encoding': 'gzip, deflate, br',
      Authorization: 'Bearer eyJhbGciOiJIUzI1NiIsInR5cCI6IkpXVCJ9.eyJ1c2VySWQiOiI2NGNiNDNjNy1mYzU0LTQwNGUtODJhZi02NmIyZGFkMzE1ZGUiLCJpYXQiOjE3NDQzNTMxOTIsImV4cCI6MTc0NDM1MzQ5Mn0.0f38p0yU4XSOBOOb6ROEBSJy-3IVvxVI3a2q4zzV1oQ',
      'CloudFront-Forwarded-Proto': 'https',
      'CloudFront-Is-Desktop-Viewer': 'true',
      'CloudFront-Is-Mobile-Viewer': 'false',
      'CloudFront-Is-SmartTV-Viewer': 'false',
      'CloudFront-Is-Tablet-Viewer': 'false',
      'CloudFront-Viewer-ASN': '45899',
      'CloudFront-Viewer-Country': 'VN',
      Host: 'zfs1gdum83.execute-api.us-east-1.amazonaws.com',
      'Postman-Token': 'e32e450f-36dc-4097-9a19-6546c44a2e0a',
      'User-Agent': 'PostmanRuntime/7.37.3',
      Via: '1.1 e4bd72cd64e52b976fc20244050944f6.cloudfront.net (CloudFront)',
      'X-Amz-Cf-Id': 'hitZfPOFEQDfK7DPMzzJS9jkp7jRfvwDn5igxptZQuUzHbw6ZBa2JA==',
      'X-Amzn-Trace-Id': 'Root=1-67f8bd38-30d0aaa87da5d14a42f34d6a',
      'X-Forwarded-For': '14.161.12.17, 15.158.13.40',
      'X-Forwarded-Port': '443',
      'X-Forwarded-Proto': 'https'
    },
    multiValueHeaders: {
      Accept: [Array],
      'Accept-Encoding': [Array],
      Authorization: [Array],
      'CloudFront-Forwarded-Proto': [Array],
      'CloudFront-Is-Desktop-Viewer': [Array],
      'CloudFront-Is-Mobile-Viewer': [Array],
      'CloudFront-Is-SmartTV-Viewer': [Array],
      'CloudFront-Is-Tablet-Viewer': [Array],
      'CloudFront-Viewer-ASN': [Array],
      'CloudFront-Viewer-Country': [Array],
      Host: [Array],
      'Postman-Token': [Array],
      'User-Agent': [Array],
      Via: [Array],
      'X-Amz-Cf-Id': [Array],
      'X-Amzn-Trace-Id': [Array],
      'X-Forwarded-For': [Array],
      'X-Forwarded-Port': [Array],
      'X-Forwarded-Proto': [Array]
    },
    queryStringParameters: { page: '1', pageSize: '10' },
    multiValueQueryStringParameters: { page: [Array], pageSize: [Array] },
    pathParameters: null,
    stageVariables: null,
    requestContext: {
      resourceId: 'h6nwgo',
      resourcePath: '/tours',
      httpMethod: 'GET',
      extendedRequestId: 'I2KA5ECloAMETSA=',
      requestTime: '11/Apr/2025:06:56:56 +0000',
      path: '/prod/tours',
      accountId: '647755634525',
      protocol: 'HTTP/1.1',
      stage: 'prod',
      domainPrefix: 'zfs1gdum83',
      requestTimeEpoch: 1744354616518,
      requestId: '8797e524-8e2d-49fb-ba8b-c7c322782a87',
      identity: [Object],
      domainName: 'zfs1gdum83.execute-api.us-east-1.amazonaws.com',
      deploymentId: 'trt6ha',
      apiId: 'zfs1gdum83'
    },
    body: null,
    isBase64Encoded: false
  }
}
[list-tour] 1:56:56 PM END RequestId: 52f924a4-3d6d-4318-b678-7256680e7e2a
[list-tour] 1:56:56 PM REPORT RequestId: 52f924a4-3d6d-4318-b678-7256680e7e2a	Duration: 71.97 ms	Billed Duration: 72 ms	Memory Size: 512 MB	Max Memory Used: 316 MB
[login] 1:57:02 PM INIT_START Runtime Version: nodejs:18.v63	Runtime Version ARN: arn:aws:lambda:us-east-1::runtime:ad007b64e69135315cba0d95ed797867707d928d1128edf4fa17a926a71f1718
[login] 1:57:03 PM START RequestId: 012c0023-22eb-4d83-b687-256aa2f325b2 Version: $LATEST
[login] 1:57:03 PM 2025-04-11T06:57:03.841Z	012c0023-22eb-4d83-b687-256aa2f325b2	INFO	Retrieving user with email:  info-admin@gmail.com
[login] 1:57:04 PM 2025-04-11T06:57:04.439Z	012c0023-22eb-4d83-b687-256aa2f325b2	INFO	User successfully retrieved:  {
  password: '$2b$10$Fk8hSSFK9yWlmyCSdMBkfuaPNnfBiNoeOxzJxnhMOkDbsyMq9v0JO',
  active: 0,
  deleteFlag: 0,
  role: 0,
  updatedAt: '2025-03-28T07:24:56.336Z',
  userId: '64cb43c7-fc54-404e-82af-66b2dad315de',
  userName: 'admin',
  createdAt: '2025-03-28T07:24:56.336Z',
  updatedBy: 'admin',
  email: 'info-admin@gmail.com',
  createdBy: 'admin'
}
[login] 1:57:04 PM END RequestId: 012c0023-22eb-4d83-b687-256aa2f325b2
[login] 1:57:04 PM REPORT RequestId: 012c0023-22eb-4d83-b687-256aa2f325b2	Duration: 1154.09 ms	Billed Duration: 1155 ms	Memory Size: 512 MB	Max Memory Used: 323 MB	Init Duration: 983.02 ms
[list-tour] 1:57:16 PM START RequestId: 7d812fd4-b76c-4ab2-925a-a10a8046a39c Version: $LATEST
[list-tour] 1:57:16 PM 2025-04-11T06:57:16.019Z	7d812fd4-b76c-4ab2-925a-a10a8046a39c	INFO	Retrieving list of tours
[list-tour] 1:57:17 PM END RequestId: 7d812fd4-b76c-4ab2-925a-a10a8046a39c
[list-tour] 1:57:17 PM REPORT RequestId: 7d812fd4-b76c-4ab2-925a-a10a8046a39c	Duration: 1697.50 ms	Billed Duration: 1698 ms	Memory Size: 512 MB	Max Memory Used: 316 MB
[get-meeting] 1:58:47 PM START RequestId: 277a07ba-408d-4bcf-bee0-f98dd66dc6c3 Version: $LATEST
[get-meeting] 1:58:47 PM 2025-04-11T06:58:47.690Z	277a07ba-408d-4bcf-bee0-f98dd66dc6c3	INFO	Getting meeting with meetingId:  dbc41934-35b2-4bb7-868f-5e0985974804
[get-meeting] 1:58:48 PM 2025-04-11T06:58:48.311Z	277a07ba-408d-4bcf-bee0-f98dd66dc6c3	INFO	Get Meeting Response:  dbc41934-35b2-4bb7-868f-5e0985974804
[get-meeting] 1:58:48 PM END RequestId: 277a07ba-408d-4bcf-bee0-f98dd66dc6c3
[get-meeting] 1:58:48 PM REPORT RequestId: 277a07ba-408d-4bcf-bee0-f98dd66dc6c3	Duration: 623.79 ms	Billed Duration: 624 ms	Memory Size: 512 MB	Max Memory Used: 316 MB
[get-meeting] 1:59:38 PM START RequestId: 7c96ffc1-8256-416f-bbda-5fe4da4786b4 Version: $LATEST
[get-meeting] 1:59:38 PM 2025-04-11T06:59:38.395Z	7c96ffc1-8256-416f-bbda-5fe4da4786b4	INFO	Getting meeting with meetingId:  dbc41934-35b2-4bb7-868f-5e0985974804
[get-meeting] 1:59:39 PM 2025-04-11T06:59:39.013Z	7c96ffc1-8256-416f-bbda-5fe4da4786b4	INFO	Get Meeting Response:  dbc41934-35b2-4bb7-868f-5e0985974804
[get-meeting] 1:59:39 PM END RequestId: 7c96ffc1-8256-416f-bbda-5fe4da4786b4
[get-meeting] 1:59:39 PM REPORT RequestId: 7c96ffc1-8256-416f-bbda-5fe4da4786b4	Duration: 619.54 ms	Billed Duration: 620 ms	Memory Size: 512 MB	Max Memory Used: 316 MB
[get-meeting] 2:01:49 PM START RequestId: 1d39315c-09dc-4d14-b533-783ce574d8cf Version: $LATEST
[get-meeting] 2:01:49 PM 2025-04-11T07:01:49.978Z	1d39315c-09dc-4d14-b533-783ce574d8cf	INFO	Getting meeting with meetingId:  dbc41934-35b2-4bb7-868f-5e0985974804
[get-meeting] 2:01:50 PM 2025-04-11T07:01:50.579Z	1d39315c-09dc-4d14-b533-783ce574d8cf	INFO	Get Meeting Response:  dbc41934-35b2-4bb7-868f-5e0985974804
[get-meeting] 2:01:50 PM END RequestId: 1d39315c-09dc-4d14-b533-783ce574d8cf
[get-meeting] 2:01:50 PM REPORT RequestId: 1d39315c-09dc-4d14-b533-783ce574d8cf	Duration: 602.67 ms	Billed Duration: 603 ms	Memory Size: 512 MB	Max Memory Used: 316 MB
[get-meeting] 2:01:57 PM START RequestId: 7ed9e5e0-7b43-47f7-86a8-064175ab1872 Version: $LATEST
[get-meeting] 2:01:57 PM 2025-04-11T07:01:57.107Z	7ed9e5e0-7b43-47f7-86a8-064175ab1872	INFO	Getting meeting with meetingId:  dbc41934-35b2-4bb7-868f-5e0985974804
[get-meeting] 2:01:57 PM 2025-04-11T07:01:57.719Z	7ed9e5e0-7b43-47f7-86a8-064175ab1872	INFO	Get Meeting Response:  dbc41934-35b2-4bb7-868f-5e0985974804
[get-meeting] 2:01:57 PM END RequestId: 7ed9e5e0-7b43-47f7-86a8-064175ab1872
[get-meeting] 2:01:57 PM REPORT RequestId: 7ed9e5e0-7b43-47f7-86a8-064175ab1872	Duration: 614.13 ms	Billed Duration: 615 ms	Memory Size: 512 MB	Max Memory Used: 316 MB
[get-meeting] 2:02:13 PM START RequestId: cbe7649c-d4d9-4b61-adc0-833a45bac6b5 Version: $LATEST
[get-meeting] 2:02:13 PM 2025-04-11T07:02:13.515Z	cbe7649c-d4d9-4b61-adc0-833a45bac6b5	INFO	Getting meeting with meetingId:  dbc41934-35b2-4bb7-868f-5e0985974804
[get-meeting] 2:02:14 PM 2025-04-11T07:02:14.158Z	cbe7649c-d4d9-4b61-adc0-833a45bac6b5	INFO	Get Meeting Response:  dbc41934-35b2-4bb7-868f-5e0985974804
[get-meeting] 2:02:14 PM END RequestId: cbe7649c-d4d9-4b61-adc0-833a45bac6b5
[get-meeting] 2:02:14 PM REPORT RequestId: cbe7649c-d4d9-4b61-adc0-833a45bac6b5	Duration: 644.92 ms	Billed Duration: 645 ms	Memory Size: 512 MB	Max Memory Used: 317 MB
[start-meeting-transcription] 1:58:50 PM 2025-04-11T06:58:50.804Z	0ecbd1bd-48bd-496d-9b18-e222d055fc3b	INFO	Start MeetingTranscription with meetingId:  dbc41934-35b2-4bb7-868f-5e0985974804 languageCode:  ja-JP
[start-meeting-transcription] 1:58:50 PM START RequestId: 0ecbd1bd-48bd-496d-9b18-e222d055fc3b Version: $LATEST
[start-meeting-transcription] 1:58:51 PM 2025-04-11T06:58:51.440Z	0ecbd1bd-48bd-496d-9b18-e222d055fc3b	INFO	Started Meeting Transcription Response:  {}
[start-meeting-transcription] 1:58:51 PM END RequestId: 0ecbd1bd-48bd-496d-9b18-e222d055fc3b
[start-meeting-transcription] 1:58:51 PM REPORT RequestId: 0ecbd1bd-48bd-496d-9b18-e222d055fc3b	Duration: 637.09 ms	Billed Duration: 638 ms	Memory Size: 512 MB	Max Memory Used: 316 MB
[start-meeting-transcription] 1:59:41 PM START RequestId: 170520c1-7228-4d21-b39d-472175e1cccb Version: $LATEST
[start-meeting-transcription] 1:59:41 PM 2025-04-11T06:59:41.778Z	170520c1-7228-4d21-b39d-472175e1cccb	INFO	Start MeetingTranscription with meetingId:  dbc41934-35b2-4bb7-868f-5e0985974804 languageCode:  ja-JP
[start-meeting-transcription] 1:59:42 PM 2025-04-11T06:59:42.398Z	170520c1-7228-4d21-b39d-472175e1cccb	INFO	Started Meeting Transcription Response:  {}
[start-meeting-transcription] 1:59:42 PM END RequestId: 170520c1-7228-4d21-b39d-472175e1cccb
[start-meeting-transcription] 1:59:42 PM REPORT RequestId: 170520c1-7228-4d21-b39d-472175e1cccb	Duration: 622.47 ms	Billed Duration: 623 ms	Memory Size: 512 MB	Max Memory Used: 316 MB
[start-meeting-transcription] 2:01:59 PM 2025-04-11T07:01:59.929Z	a269ade7-e685-4404-ba90-93906780646f	INFO	Start MeetingTranscription with meetingId:  dbc41934-35b2-4bb7-868f-5e0985974804 languageCode:  ja-JP
[start-meeting-transcription] 2:01:59 PM START RequestId: a269ade7-e685-4404-ba90-93906780646f Version: $LATEST
[start-meeting-transcription] 2:02:00 PM 2025-04-11T07:02:00.585Z	a269ade7-e685-4404-ba90-93906780646f	INFO	Started Meeting Transcription Response:  {}
[start-meeting-transcription] 2:02:00 PM END RequestId: a269ade7-e685-4404-ba90-93906780646f
[start-meeting-transcription] 2:02:00 PM REPORT RequestId: a269ade7-e685-4404-ba90-93906780646f	Duration: 657.00 ms	Billed Duration: 658 ms	Memory Size: 512 MB	Max Memory Used: 316 MB
[start-meeting-transcription] 2:02:16 PM START RequestId: 1fa56c04-8c5e-444e-a87c-6abc94392987 Version: $LATEST
[start-meeting-transcription] 2:02:16 PM 2025-04-11T07:02:16.838Z	1fa56c04-8c5e-444e-a87c-6abc94392987	INFO	Start MeetingTranscription with meetingId:  dbc41934-35b2-4bb7-868f-5e0985974804 languageCode:  ja-JP
[start-meeting-transcription] 2:02:17 PM 2025-04-11T07:02:17.452Z	1fa56c04-8c5e-444e-a87c-6abc94392987	INFO	Started Meeting Transcription Response:  {}
[start-meeting-transcription] 2:02:17 PM END RequestId: 1fa56c04-8c5e-444e-a87c-6abc94392987
[start-meeting-transcription] 2:02:17 PM REPORT RequestId: 1fa56c04-8c5e-444e-a87c-6abc94392987	Duration: 615.53 ms	Billed Duration: 616 ms	Memory Size: 512 MB	Max Memory Used: 316 MB
[get-meeting-by-tourid] 1:58:46 PM START RequestId: b53f7542-35e7-40b7-93f5-273783006f5e Version: $LATEST
[get-meeting-by-tourid] 1:58:46 PM 2025-04-11T06:58:46.342Z	b53f7542-35e7-40b7-93f5-273783006f5e	INFO	Retrieving tour with tourId:  17761f15-d360-44fc-93d3-cc3ff6787dff
[get-meeting-by-tourid] 1:58:46 PM 2025-04-11T06:58:46.814Z	b53f7542-35e7-40b7-93f5-273783006f5e	INFO	Tour successfully retrieved:  {
  planningSalesOfficeName: '',
  tourNumber: 'Tour003',
  otherRemarks: 'allChat',
  updatedBy: '',
  createdBy: '64cb43c7-fc54-404e-82af-66b2dad315de',
  planningSalesOfficeTeamName: '',
  qrCodeDestination: '',
  meetingId: 'dbc41934-35b2-4bb7-868f-5e0985974804',
  departureDate: '2025-04-10',
  contactPersonName: '',
  numberOfTransmitters: '',
  phoneNumberCustomer: '',
  numberOfDevices: '',
  acceptanceDate: '',
  createdAt: '2025-04-10T04:27:01.641Z',
  planningOfficeName: '',
  contactPersonEmail: '',
  emailCustomer: '',
  returnDate: '2025-04-18',
  deleteFlag: 0,
  channelId: '0351e726-0f70-4cd8-b6ac-8ce1750ace09',
  chatRestriction: 'allChat',
  processingNumber: '0001',
  tourName: 'Tour001',
  updatedAt: '',
  tourId: '17761f15-d360-44fc-93d3-cc3ff6787dff'
}
[get-meeting-by-tourid] 1:58:46 PM END RequestId: b53f7542-35e7-40b7-93f5-273783006f5e
[get-meeting-by-tourid] 1:58:46 PM REPORT RequestId: b53f7542-35e7-40b7-93f5-273783006f5e	Duration: 474.35 ms	Billed Duration: 475 ms	Memory Size: 512 MB	Max Memory Used: 317 MB
[get-meeting-by-tourid] 1:59:37 PM START RequestId: 4d5f0075-2c88-4647-bb8e-d35c6ca0c9a1 Version: $LATEST
[get-meeting-by-tourid] 1:59:37 PM 2025-04-11T06:59:37.092Z	4d5f0075-2c88-4647-bb8e-d35c6ca0c9a1	INFO	Retrieving tour with tourId:  17761f15-d360-44fc-93d3-cc3ff6787dff
[get-meeting-by-tourid] 1:59:37 PM 2025-04-11T06:59:37.548Z	4d5f0075-2c88-4647-bb8e-d35c6ca0c9a1	INFO	Tour successfully retrieved:  {
  planningSalesOfficeName: '',
  tourNumber: 'Tour003',
  otherRemarks: 'allChat',
  updatedBy: '',
  createdBy: '64cb43c7-fc54-404e-82af-66b2dad315de',
  planningSalesOfficeTeamName: '',
  qrCodeDestination: '',
  meetingId: 'dbc41934-35b2-4bb7-868f-5e0985974804',
  departureDate: '2025-04-10',
  contactPersonName: '',
  numberOfTransmitters: '',
  phoneNumberCustomer: '',
  numberOfDevices: '',
  acceptanceDate: '',
  createdAt: '2025-04-10T04:27:01.641Z',
  planningOfficeName: '',
  contactPersonEmail: '',
  emailCustomer: '',
  returnDate: '2025-04-18',
  deleteFlag: 0,
  channelId: '0351e726-0f70-4cd8-b6ac-8ce1750ace09',
  chatRestriction: 'allChat',
  processingNumber: '0001',
  tourName: 'Tour001',
  updatedAt: '',
  tourId: '17761f15-d360-44fc-93d3-cc3ff6787dff'
}
[get-meeting-by-tourid] 1:59:37 PM END RequestId: 4d5f0075-2c88-4647-bb8e-d35c6ca0c9a1
[get-meeting-by-tourid] 1:59:37 PM REPORT RequestId: 4d5f0075-2c88-4647-bb8e-d35c6ca0c9a1	Duration: 458.16 ms	Billed Duration: 459 ms	Memory Size: 512 MB	Max Memory Used: 317 MB
[get-meeting-by-tourid] 2:01:48 PM START RequestId: 58b8ad85-e46b-4665-8eb3-9b9e7c442694 Version: $LATEST
[get-meeting-by-tourid] 2:01:48 PM 2025-04-11T07:01:48.643Z	58b8ad85-e46b-4665-8eb3-9b9e7c442694	INFO	Retrieving tour with tourId:  17761f15-d360-44fc-93d3-cc3ff6787dff
[get-meeting-by-tourid] 2:01:49 PM 2025-04-11T07:01:49.093Z	58b8ad85-e46b-4665-8eb3-9b9e7c442694	INFO	Tour successfully retrieved:  {
  planningSalesOfficeName: '',
  tourNumber: 'Tour003',
  otherRemarks: 'allChat',
  updatedBy: '',
  createdBy: '64cb43c7-fc54-404e-82af-66b2dad315de',
  planningSalesOfficeTeamName: '',
  qrCodeDestination: '',
  meetingId: 'dbc41934-35b2-4bb7-868f-5e0985974804',
  departureDate: '2025-04-10',
  contactPersonName: '',
  numberOfTransmitters: '',
  phoneNumberCustomer: '',
  numberOfDevices: '',
  acceptanceDate: '',
  createdAt: '2025-04-10T04:27:01.641Z',
  planningOfficeName: '',
  contactPersonEmail: '',
  emailCustomer: '',
  returnDate: '2025-04-18',
  deleteFlag: 0,
  channelId: '0351e726-0f70-4cd8-b6ac-8ce1750ace09',
  chatRestriction: 'allChat',
  processingNumber: '0001',
  tourName: 'Tour001',
  updatedAt: '',
  tourId: '17761f15-d360-44fc-93d3-cc3ff6787dff'
}
[get-meeting-by-tourid] 2:01:49 PM END RequestId: 58b8ad85-e46b-4665-8eb3-9b9e7c442694
[get-meeting-by-tourid] 2:01:49 PM REPORT RequestId: 58b8ad85-e46b-4665-8eb3-9b9e7c442694	Duration: 452.60 ms	Billed Duration: 453 ms	Memory Size: 512 MB	Max Memory Used: 317 MB
[get-meeting-by-tourid] 2:01:55 PM START RequestId: 888cea48-0e2a-45a8-b14c-79ef49466e20 Version: $LATEST
[get-meeting-by-tourid] 2:01:55 PM 2025-04-11T07:01:55.796Z	888cea48-0e2a-45a8-b14c-79ef49466e20	INFO	Retrieving tour with tourId:  17761f15-d360-44fc-93d3-cc3ff6787dff
[get-meeting-by-tourid] 2:01:56 PM 2025-04-11T07:01:56.255Z	888cea48-0e2a-45a8-b14c-79ef49466e20	INFO	Tour successfully retrieved:  {
  planningSalesOfficeName: '',
  tourNumber: 'Tour003',
  otherRemarks: 'allChat',
  updatedBy: '',
  createdBy: '64cb43c7-fc54-404e-82af-66b2dad315de',
  planningSalesOfficeTeamName: '',
  qrCodeDestination: '',
  meetingId: 'dbc41934-35b2-4bb7-868f-5e0985974804',
  departureDate: '2025-04-10',
  contactPersonName: '',
  numberOfTransmitters: '',
  phoneNumberCustomer: '',
  numberOfDevices: '',
  acceptanceDate: '',
  createdAt: '2025-04-10T04:27:01.641Z',
  planningOfficeName: '',
  contactPersonEmail: '',
  emailCustomer: '',
  returnDate: '2025-04-18',
  deleteFlag: 0,
  channelId: '0351e726-0f70-4cd8-b6ac-8ce1750ace09',
  chatRestriction: 'allChat',
  processingNumber: '0001',
  tourName: 'Tour001',
  updatedAt: '',
  tourId: '17761f15-d360-44fc-93d3-cc3ff6787dff'
}
[get-meeting-by-tourid] 2:01:56 PM END RequestId: 888cea48-0e2a-45a8-b14c-79ef49466e20
[get-meeting-by-tourid] 2:01:56 PM REPORT RequestId: 888cea48-0e2a-45a8-b14c-79ef49466e20	Duration: 462.08 ms	Billed Duration: 463 ms	Memory Size: 512 MB	Max Memory Used: 317 MB
[get-meeting-by-tourid] 2:02:12 PM START RequestId: 14d209f8-fa36-4c16-957d-beacf18d6e0a Version: $LATEST
[get-meeting-by-tourid] 2:02:12 PM 2025-04-11T07:02:12.182Z	14d209f8-fa36-4c16-957d-beacf18d6e0a	INFO	Retrieving tour with tourId:  17761f15-d360-44fc-93d3-cc3ff6787dff
[get-meeting-by-tourid] 2:02:12 PM 2025-04-11T07:02:12.637Z	14d209f8-fa36-4c16-957d-beacf18d6e0a	INFO	Tour successfully retrieved:  {
  planningSalesOfficeName: '',
  tourNumber: 'Tour003',
  otherRemarks: 'allChat',
  updatedBy: '',
  createdBy: '64cb43c7-fc54-404e-82af-66b2dad315de',
  planningSalesOfficeTeamName: '',
  qrCodeDestination: '',
  meetingId: 'dbc41934-35b2-4bb7-868f-5e0985974804',
  departureDate: '2025-04-10',
  contactPersonName: '',
  numberOfTransmitters: '',
  phoneNumberCustomer: '',
  numberOfDevices: '',
  acceptanceDate: '',
  createdAt: '2025-04-10T04:27:01.641Z',
  planningOfficeName: '',
  contactPersonEmail: '',
  emailCustomer: '',
  returnDate: '2025-04-18',
  deleteFlag: 0,
  channelId: '0351e726-0f70-4cd8-b6ac-8ce1750ace09',
  chatRestriction: 'allChat',
  processingNumber: '0001',
  tourName: 'Tour001',
  updatedAt: '',
  tourId: '17761f15-d360-44fc-93d3-cc3ff6787dff'
}
[get-meeting-by-tourid] 2:02:12 PM END RequestId: 14d209f8-fa36-4c16-957d-beacf18d6e0a
[get-meeting-by-tourid] 2:02:12 PM REPORT RequestId: 14d209f8-fa36-4c16-957d-beacf18d6e0a	Duration: 457.53 ms	Billed Duration: 458 ms	Memory Size: 512 MB	Max Memory Used: 317 MB
[login] 3:54:49 PM INIT_START Runtime Version: nodejs:18.v63	Runtime Version ARN: arn:aws:lambda:us-east-1::runtime:ad007b64e69135315cba0d95ed797867707d928d1128edf4fa17a926a71f1718
[login] 3:54:50 PM START RequestId: df8e469a-789e-4bad-bc83-4d56d867e6a8 Version: $LATEST
[login] 3:54:50 PM 2025-04-11T08:54:50.452Z	df8e469a-789e-4bad-bc83-4d56d867e6a8	INFO	Retrieving user with email:  info-admin@gmail.com
[login] 3:54:51 PM 2025-04-11T08:54:51.040Z	df8e469a-789e-4bad-bc83-4d56d867e6a8	INFO	User successfully retrieved:  {
  password: '$2b$10$Fk8hSSFK9yWlmyCSdMBkfuaPNnfBiNoeOxzJxnhMOkDbsyMq9v0JO',
  active: 0,
  deleteFlag: 0,
  role: 0,
  updatedAt: '2025-03-28T07:24:56.336Z',
  userId: '64cb43c7-fc54-404e-82af-66b2dad315de',
  userName: 'admin',
  createdAt: '2025-03-28T07:24:56.336Z',
  updatedBy: 'admin',
  email: 'info-admin@gmail.com',
  createdBy: 'admin'
}
[login] 3:54:51 PM END RequestId: df8e469a-789e-4bad-bc83-4d56d867e6a8
[login] 3:54:51 PM REPORT RequestId: df8e469a-789e-4bad-bc83-4d56d867e6a8	Duration: 1078.08 ms	Billed Duration: 1079 ms	Memory Size: 512 MB	Max Memory Used: 323 MB	Init Duration: 954.15 ms
[list-tour] 3:55:04 PM INIT_START Runtime Version: nodejs:18.v63	Runtime Version ARN: arn:aws:lambda:us-east-1::runtime:ad007b64e69135315cba0d95ed797867707d928d1128edf4fa17a926a71f1718
[list-tour] 3:55:05 PM START RequestId: a76087fb-87c6-4b42-9b5e-345c3ba3b16e Version: $LATEST
[list-tour] 3:55:05 PM 2025-04-11T08:55:05.260Z	a76087fb-87c6-4b42-9b5e-345c3ba3b16e	INFO	Retrieving list of tours
[list-tour] 3:55:06 PM END RequestId: a76087fb-87c6-4b42-9b5e-345c3ba3b16e
[list-tour] 3:55:06 PM REPORT RequestId: a76087fb-87c6-4b42-9b5e-345c3ba3b16e	Duration: 1619.85 ms	Billed Duration: 1620 ms	Memory Size: 512 MB	Max Memory Used: 321 MB	Init Duration: 963.08 ms
[get-meeting] 10:01:14 AM INIT_START Runtime Version: nodejs:18.v63	Runtime Version ARN: arn:aws:lambda:us-east-1::runtime:ad007b64e69135315cba0d95ed797867707d928d1128edf4fa17a926a71f1718
[get-meeting] 10:01:15 AM START RequestId: e2c00412-fece-4a2d-9b10-a1726ffa5e34 Version: $LATEST
[get-meeting] 10:01:15 AM 2025-04-14T03:01:15.267Z	e2c00412-fece-4a2d-9b10-a1726ffa5e34	INFO	Getting meeting with meetingId:  a3c4c6b9-d003-4545-bd8e-59680c584804
[get-meeting] 10:01:15 AM 2025-04-14T03:01:15.978Z	e2c00412-fece-4a2d-9b10-a1726ffa5e34	ERROR	Failed to Get Meeting:  {
  error: NotFound: Meeting <a3c4c6b9-d003-4545-bd8e-59680c584804> not found
      at Object.kJ [as extractError] (file:///var/task/index.mjs:2:5259)
      at constructor.YJ (file:///var/task/index.mjs:2:17862)
      at constructor.callListeners (file:///var/task/index.mjs:2:48795)
      at constructor.emit (file:///var/task/index.mjs:2:48503)
      at constructor.emitEvent (file:///var/task/index.mjs:3:28427)
      at constructor.t (file:///var/task/index.mjs:3:23986)
      at Rc.runTo (file:///var/task/index.mjs:3:1217)
      at file:///var/task/index.mjs:3:1429
      at constructor.<anonymous> (file:///var/task/index.mjs:3:24200)
      at constructor.<anonymous> (file:///var/task/index.mjs:3:28482) {
    code: 'NotFound',
    '[Code]': 'See error.Code for details.',
    '[Message]': 'See error.Message for details.',
    '[RequestId]': 'See error.RequestId for details.',
    time: 2025-04-14T03:01:15.976Z,
    requestId: '8efad60a-d8a0-442a-be78-7f89dc8cbac5',
    statusCode: 404,
    retryable: false,
    retryDelay: 78.34758446604494
  },
  event: {
    resource: '/meetings/{MeetingID}',
    path: '/meetings/a3c4c6b9-d003-4545-bd8e-59680c584804',
    httpMethod: 'GET',
    headers: {
      Accept: '*/*',
      'Accept-Encoding': 'gzip, deflate, br, zstd',
      'Accept-Language': 'en-US,en;q=0.9,vi;q=0.8',
      'CloudFront-Forwarded-Proto': 'https',
      'CloudFront-Is-Desktop-Viewer': 'true',
      'CloudFront-Is-Mobile-Viewer': 'false',
      'CloudFront-Is-SmartTV-Viewer': 'false',
      'CloudFront-Is-Tablet-Viewer': 'false',
      'CloudFront-Viewer-ASN': '45899',
      'CloudFront-Viewer-Country': 'VN',
      Host: 'zyilyi1dgj.execute-api.us-east-1.amazonaws.com',
      origin: 'http://192.168.201.23:3000',
      priority: 'u=1, i',
      Referer: 'http://192.168.201.23:3000/',
      'sec-ch-ua': '"Google Chrome";v="135", "Not-A.Brand";v="8", "Chromium";v="135"',
      'sec-ch-ua-mobile': '?0',
      'sec-ch-ua-platform': '"Windows"',
      'sec-fetch-dest': 'empty',
      'sec-fetch-mode': 'cors',
      'sec-fetch-site': 'cross-site',
      'User-Agent': 'Mozilla/5.0 (Windows NT 10.0; Win64; x64) AppleWebKit/537.36 (KHTML, like Gecko) Chrome/135.0.0.0 Safari/537.36',
      Via: '2.0 42be2f5c4171ea6403329c96869121be.cloudfront.net (CloudFront)',
      'X-Amz-Cf-Id': 'En4hUC5xopxvHnwq3RuRRfwrCv1VItFDQmsiuxe2syDpN5dbMr85XQ==',
      'X-Amzn-Trace-Id': 'Root=1-67fc7a79-645d450d67a4f2d67364c65c',
      'X-Forwarded-For': '14.161.12.17, 15.158.13.114',
      'X-Forwarded-Port': '443',
      'X-Forwarded-Proto': 'https'
    },
    multiValueHeaders: {
      Accept: [Array],
      'Accept-Encoding': [Array],
      'Accept-Language': [Array],
      'CloudFront-Forwarded-Proto': [Array],
      'CloudFront-Is-Desktop-Viewer': [Array],
      'CloudFront-Is-Mobile-Viewer': [Array],
      'CloudFront-Is-SmartTV-Viewer': [Array],
      'CloudFront-Is-Tablet-Viewer': [Array],
      'CloudFront-Viewer-ASN': [Array],
      'CloudFront-Viewer-Country': [Array],
      Host: [Array],
      origin: [Array],
      priority: [Array],
      Referer: [Array],
      'sec-ch-ua': [Array],
      'sec-ch-ua-mobile': [Array],
      'sec-ch-ua-platform': [Array],
      'sec-fetch-dest': [Array],
      'sec-fetch-mode': [Array],
      'sec-fetch-site': [Array],
      'User-Agent': [Array],
      Via: [Array],
      'X-Amz-Cf-Id': [Array],
      'X-Amzn-Trace-Id': [Array],
      'X-Forwarded-For': [Array],
      'X-Forwarded-Port': [Array],
      'X-Forwarded-Proto': [Array]
    },
    queryStringParameters: null,
    multiValueQueryStringParameters: null,
    pathParameters: { MeetingID: 'a3c4c6b9-d003-4545-bd8e-59680c584804' },
    stageVariables: null,
    requestContext: {
      resourceId: 'hp5a4n',
      resourcePath: '/meetings/{MeetingID}',
      httpMethod: 'GET',
      extendedRequestId: 'I_gTFGQQIAMEV5Q=',
      requestTime: '14/Apr/2025:03:01:13 +0000',
      path: '/prod/meetings/a3c4c6b9-d003-4545-bd8e-59680c584804',
      accountId: '647755634525',
      protocol: 'HTTP/1.1',
      stage: 'prod',
      domainPrefix: 'zyilyi1dgj',
      requestTimeEpoch: 1744599673769,
      requestId: 'b2b7a342-41b6-45f3-89ad-b5b3e702b21e',
      identity: [Object],
      domainName: 'zyilyi1dgj.execute-api.us-east-1.amazonaws.com',
      deploymentId: '7rxnsl',
      apiId: 'zyilyi1dgj'
    },
    body: null,
    isBase64Encoded: false
  }
}
[get-meeting] 10:01:16 AM END RequestId: e2c00412-fece-4a2d-9b10-a1726ffa5e34
[get-meeting] 10:01:16 AM REPORT RequestId: e2c00412-fece-4a2d-9b10-a1726ffa5e34	Duration: 749.08 ms	Billed Duration: 750 ms	Memory Size: 512 MB	Max Memory Used: 316 MB	Init Duration: 897.84 ms
[get-meeting] 10:01:16 AM START RequestId: 3af1b967-7972-4147-86b4-4f170f71c184 Version: $LATEST
[get-meeting] 10:01:16 AM 2025-04-14T03:01:16.533Z	3af1b967-7972-4147-86b4-4f170f71c184	INFO	Getting meeting with meetingId:  a3c4c6b9-d003-4545-bd8e-59680c584804
[get-meeting] 10:01:17 AM 2025-04-14T03:01:17.163Z	3af1b967-7972-4147-86b4-4f170f71c184	ERROR	Failed to Get Meeting:  {
  error: NotFound: Meeting <a3c4c6b9-d003-4545-bd8e-59680c584804> not found
      at Object.kJ [as extractError] (file:///var/task/index.mjs:2:5259)
      at constructor.YJ (file:///var/task/index.mjs:2:17862)
      at constructor.callListeners (file:///var/task/index.mjs:2:48795)
      at constructor.emit (file:///var/task/index.mjs:2:48503)
      at constructor.emitEvent (file:///var/task/index.mjs:3:28427)
      at constructor.t (file:///var/task/index.mjs:3:23986)
      at Rc.runTo (file:///var/task/index.mjs:3:1217)
      at file:///var/task/index.mjs:3:1429
      at constructor.<anonymous> (file:///var/task/index.mjs:3:24200)
      at constructor.<anonymous> (file:///var/task/index.mjs:3:28482) {
    code: 'NotFound',
    '[Code]': 'See error.Code for details.',
    '[Message]': 'See error.Message for details.',
    '[RequestId]': 'See error.RequestId for details.',
    time: 2025-04-14T03:01:17.163Z,
    requestId: '471dcb46-430f-4434-a824-8a28fb651dc0',
    statusCode: 404,
    retryable: false,
    retryDelay: 87.62692767515394
  },
  event: {
    resource: '/meetings/{MeetingID}',
    path: '/meetings/a3c4c6b9-d003-4545-bd8e-59680c584804',
    httpMethod: 'GET',
    headers: {
      Accept: '*/*',
      'Accept-Encoding': 'gzip, deflate, br, zstd',
      'Accept-Language': 'en-US,en;q=0.9,vi;q=0.8',
      'CloudFront-Forwarded-Proto': 'https',
      'CloudFront-Is-Desktop-Viewer': 'true',
      'CloudFront-Is-Mobile-Viewer': 'false',
      'CloudFront-Is-SmartTV-Viewer': 'false',
      'CloudFront-Is-Tablet-Viewer': 'false',
      'CloudFront-Viewer-ASN': '45899',
      'CloudFront-Viewer-Country': 'VN',
      Host: 'zyilyi1dgj.execute-api.us-east-1.amazonaws.com',
      origin: 'http://192.168.201.23:3000',
      priority: 'u=1, i',
      Referer: 'http://192.168.201.23:3000/',
      'sec-ch-ua': '"Google Chrome";v="135", "Not-A.Brand";v="8", "Chromium";v="135"',
      'sec-ch-ua-mobile': '?0',
      'sec-ch-ua-platform': '"Windows"',
      'sec-fetch-dest': 'empty',
      'sec-fetch-mode': 'cors',
      'sec-fetch-site': 'cross-site',
      'User-Agent': 'Mozilla/5.0 (Windows NT 10.0; Win64; x64) AppleWebKit/537.36 (KHTML, like Gecko) Chrome/135.0.0.0 Safari/537.36',
      Via: '2.0 42be2f5c4171ea6403329c96869121be.cloudfront.net (CloudFront)',
      'X-Amz-Cf-Id': 'Gx5WncFx2W994u0LvE0Y6B9Zm6lSmHQaULq0CV5MmSNPO2GiyFuuhw==',
      'X-Amzn-Trace-Id': 'Root=1-67fc7a7c-36706e44648b84232ba6ba61',
      'X-Forwarded-For': '14.161.12.17, 15.158.13.83',
      'X-Forwarded-Port': '443',
      'X-Forwarded-Proto': 'https'
    },
    multiValueHeaders: {
      Accept: [Array],
      'Accept-Encoding': [Array],
      'Accept-Language': [Array],
      'CloudFront-Forwarded-Proto': [Array],
      'CloudFront-Is-Desktop-Viewer': [Array],
      'CloudFront-Is-Mobile-Viewer': [Array],
      'CloudFront-Is-SmartTV-Viewer': [Array],
      'CloudFront-Is-Tablet-Viewer': [Array],
      'CloudFront-Viewer-ASN': [Array],
      'CloudFront-Viewer-Country': [Array],
      Host: [Array],
      origin: [Array],
      priority: [Array],
      Referer: [Array],
      'sec-ch-ua': [Array],
      'sec-ch-ua-mobile': [Array],
      'sec-ch-ua-platform': [Array],
      'sec-fetch-dest': [Array],
      'sec-fetch-mode': [Array],
      'sec-fetch-site': [Array],
      'User-Agent': [Array],
      Via: [Array],
      'X-Amz-Cf-Id': [Array],
      'X-Amzn-Trace-Id': [Array],
      'X-Forwarded-For': [Array],
      'X-Forwarded-Port': [Array],
      'X-Forwarded-Proto': [Array]
    },
    queryStringParameters: null,
    multiValueQueryStringParameters: null,
    pathParameters: { MeetingID: 'a3c4c6b9-d003-4545-bd8e-59680c584804' },
    stageVariables: null,
    requestContext: {
      resourceId: 'hp5a4n',
      resourcePath: '/meetings/{MeetingID}',
      httpMethod: 'GET',
      extendedRequestId: 'I_gThE8ZIAMELeg=',
      requestTime: '14/Apr/2025:03:01:16 +0000',
      path: '/prod/meetings/a3c4c6b9-d003-4545-bd8e-59680c584804',
      accountId: '647755634525',
      protocol: 'HTTP/1.1',
      stage: 'prod',
      domainPrefix: 'zyilyi1dgj',
      requestTimeEpoch: 1744599676506,
      requestId: '0c04e412-da1c-4bd5-8198-a70d7b290f56',
      identity: [Object],
      domainName: 'zyilyi1dgj.execute-api.us-east-1.amazonaws.com',
      deploymentId: '7rxnsl',
      apiId: 'zyilyi1dgj'
    },
    body: null,
    isBase64Encoded: false
  }
}
[get-meeting] 10:01:17 AM END RequestId: 3af1b967-7972-4147-86b4-4f170f71c184
[get-meeting] 10:01:17 AM REPORT RequestId: 3af1b967-7972-4147-86b4-4f170f71c184	Duration: 633.55 ms	Billed Duration: 634 ms	Memory Size: 512 MB	Max Memory Used: 316 MB
[get-meeting] 10:01:18 AM 2025-04-14T03:01:18.349Z	c97d8b08-1e1b-4a6b-8583-3ae9eb2b5e1e	INFO	Getting meeting with meetingId:  a3c4c6b9-d003-4545-bd8e-59680c584804
[get-meeting] 10:01:18 AM START RequestId: c97d8b08-1e1b-4a6b-8583-3ae9eb2b5e1e Version: $LATEST
[get-meeting-by-tourid] 10:01:11 AM INIT_START Runtime Version: nodejs:18.v63	Runtime Version ARN: arn:aws:lambda:us-east-1::runtime:ad007b64e69135315cba0d95ed797867707d928d1128edf4fa17a926a71f1718
[get-meeting-by-tourid] 10:01:12 AM START RequestId: 56eeab63-2910-4ffb-b2a0-ff4a99be1b02 Version: $LATEST
[get-meeting-by-tourid] 10:01:12 AM 2025-04-14T03:01:12.357Z	56eeab63-2910-4ffb-b2a0-ff4a99be1b02	INFO	Retrieving tour with tourId:  8ee26865-df26-43ad-a8fc-2346690db9f8
[get-meeting-by-tourid] 10:01:12 AM 2025-04-14T03:01:12.976Z	56eeab63-2910-4ffb-b2a0-ff4a99be1b02	INFO	Tour successfully retrieved:  {
  planningSalesOfficeName: '',
  tourNumber: 'Tour001',
  otherRemarks: '',
  updatedBy: '',
  createdBy: '64cb43c7-fc54-404e-82af-66b2dad315de',
  planningSalesOfficeTeamName: '',
  qrCodeDestination: '',
  meetingId: 'a3c4c6b9-d003-4545-bd8e-59680c584804',
  departureDate: '2025-04-10',
  contactPersonName: '',
  numberOfTransmitters: '',
  phoneNumberCustomer: '',
  numberOfDevices: '',
  tourTestStatus: 'test',
  acceptanceDate: '',
  createdAt: '2025-04-10T04:06:04.086Z',
  planningOfficeName: '',
  contactPersonEmail: '',
  emailCustomer: '',
  returnDate: '2025-04-12',
  deleteFlag: 0,
  channelId: '72c1252d-d554-4c7a-b318-f5055122160d',
  chatRestriction: 'allChat',
  processingNumber: 'Tour001',
  tourName: 'Tour001',
  updatedAt: '',
  tourId: '8ee26865-df26-43ad-a8fc-2346690db9f8'
}
[get-meeting-by-tourid] 10:01:12 AM END RequestId: 56eeab63-2910-4ffb-b2a0-ff4a99be1b02
[get-meeting-by-tourid] 10:01:12 AM REPORT RequestId: 56eeab63-2910-4ffb-b2a0-ff4a99be1b02	Duration: 650.71 ms	Billed Duration: 651 ms	Memory Size: 512 MB	Max Memory Used: 316 MB	Init Duration: 970.02 ms
[create-meeting] 10:01:20 AM INIT_START Runtime Version: nodejs:18.v63	Runtime Version ARN: arn:aws:lambda:us-east-1::runtime:ad007b64e69135315cba0d95ed797867707d928d1128edf4fa17a926a71f1718
[create-meeting] 10:01:21 AM START RequestId: e8a2731b-3004-4f91-8709-84e6bc131cc3 Version: $LATEST
[create-meeting] 10:01:21 AM 2025-04-14T03:01:21.654Z	e8a2731b-3004-4f91-8709-84e6bc131cc3	INFO	Creating meeting with clientRequestToken:  002cb9a5-b931-4584-8fa3-c767520156ed externalMeetingId:  b8f1ea6e-432c-4c4b-8ebd-3840c1e2e6b9
[create-meeting] 10:01:22 AM 2025-04-14T03:01:22.493Z	e8a2731b-3004-4f91-8709-84e6bc131cc3	INFO	Created Meeting Response:  d81213bb-c8f0-4506-b3d8-c010530e4804
[create-meeting] 10:01:22 AM END RequestId: e8a2731b-3004-4f91-8709-84e6bc131cc3
[create-meeting] 10:01:22 AM REPORT RequestId: e8a2731b-3004-4f91-8709-84e6bc131cc3	Duration: 852.63 ms	Billed Duration: 853 ms	Memory Size: 512 MB	Max Memory Used: 316 MB	Init Duration: 910.30 ms
[get-meeting] 10:01:18 AM 2025-04-14T03:01:18.971Z	c97d8b08-1e1b-4a6b-8583-3ae9eb2b5e1e	ERROR	Failed to Get Meeting:  {
  error: NotFound: Meeting <a3c4c6b9-d003-4545-bd8e-59680c584804> not found
      at Object.kJ [as extractError] (file:///var/task/index.mjs:2:5259)
      at constructor.YJ (file:///var/task/index.mjs:2:17862)
      at constructor.callListeners (file:///var/task/index.mjs:2:48795)
      at constructor.emit (file:///var/task/index.mjs:2:48503)
      at constructor.emitEvent (file:///var/task/index.mjs:3:28427)
      at constructor.t (file:///var/task/index.mjs:3:23986)
      at Rc.runTo (file:///var/task/index.mjs:3:1217)
      at file:///var/task/index.mjs:3:1429
      at constructor.<anonymous> (file:///var/task/index.mjs:3:24200)
      at constructor.<anonymous> (file:///var/task/index.mjs:3:28482) {
    code: 'NotFound',
    '[Code]': 'See error.Code for details.',
    '[Message]': 'See error.Message for details.',
    '[RequestId]': 'See error.RequestId for details.',
    time: 2025-04-14T03:01:18.971Z,
    requestId: 'a606ba96-195d-409a-b370-fac94d4115bd',
    statusCode: 404,
    retryable: false,
    retryDelay: 34.05418991735956
  },
  event: {
    resource: '/meetings/{MeetingID}',
    path: '/meetings/a3c4c6b9-d003-4545-bd8e-59680c584804',
    httpMethod: 'GET',
    headers: {
      Accept: '*/*',
      'Accept-Encoding': 'gzip, deflate, br, zstd',
      'Accept-Language': 'en-US,en;q=0.9,vi;q=0.8',
      'CloudFront-Forwarded-Proto': 'https',
      'CloudFront-Is-Desktop-Viewer': 'true',
      'CloudFront-Is-Mobile-Viewer': 'false',
      'CloudFront-Is-SmartTV-Viewer': 'false',
      'CloudFront-Is-Tablet-Viewer': 'false',
      'CloudFront-Viewer-ASN': '45899',
      'CloudFront-Viewer-Country': 'VN',
      Host: 'zyilyi1dgj.execute-api.us-east-1.amazonaws.com',
      origin: 'http://192.168.201.23:3000',
      priority: 'u=1, i',
      Referer: 'http://192.168.201.23:3000/',
      'sec-ch-ua': '"Google Chrome";v="135", "Not-A.Brand";v="8", "Chromium";v="135"',
      'sec-ch-ua-mobile': '?0',
      'sec-ch-ua-platform': '"Windows"',
      'sec-fetch-dest': 'empty',
      'sec-fetch-mode': 'cors',
      'sec-fetch-site': 'cross-site',
      'User-Agent': 'Mozilla/5.0 (Windows NT 10.0; Win64; x64) AppleWebKit/537.36 (KHTML, like Gecko) Chrome/135.0.0.0 Safari/537.36',
      Via: '2.0 42be2f5c4171ea6403329c96869121be.cloudfront.net (CloudFront)',
      'X-Amz-Cf-Id': 'OXbVAe6dz5HuuHyrRtV3f2tGo9nPZ4gQFZiS2eFO7AsquVSCVKjk2Q==',
      'X-Amzn-Trace-Id': 'Root=1-67fc7a7e-1f5f994d76959cb36efb9921',
      'X-Forwarded-For': '14.161.12.17, 15.158.13.109',
      'X-Forwarded-Port': '443',
      'X-Forwarded-Proto': 'https'
    },
    multiValueHeaders: {
      Accept: [Array],
      'Accept-Encoding': [Array],
      'Accept-Language': [Array],
      'CloudFront-Forwarded-Proto': [Array],
      'CloudFront-Is-Desktop-Viewer': [Array],
      'CloudFront-Is-Mobile-Viewer': [Array],
      'CloudFront-Is-SmartTV-Viewer': [Array],
      'CloudFront-Is-Tablet-Viewer': [Array],
      'CloudFront-Viewer-ASN': [Array],
      'CloudFront-Viewer-Country': [Array],
      Host: [Array],
      origin: [Array],
      priority: [Array],
      Referer: [Array],
      'sec-ch-ua': [Array],
      'sec-ch-ua-mobile': [Array],
      'sec-ch-ua-platform': [Array],
      'sec-fetch-dest': [Array],
      'sec-fetch-mode': [Array],
      'sec-fetch-site': [Array],
      'User-Agent': [Array],
      Via: [Array],
      'X-Amz-Cf-Id': [Array],
      'X-Amzn-Trace-Id': [Array],
      'X-Forwarded-For': [Array],
      'X-Forwarded-Port': [Array],
      'X-Forwarded-Proto': [Array]
    },
    queryStringParameters: null,
    multiValueQueryStringParameters: null,
    pathParameters: { MeetingID: 'a3c4c6b9-d003-4545-bd8e-59680c584804' },
    stageVariables: null,
    requestContext: {
      resourceId: 'hp5a4n',
      resourcePath: '/meetings/{MeetingID}',
      httpMethod: 'GET',
      extendedRequestId: 'I_gTzHwCIAMEuEw=',
      requestTime: '14/Apr/2025:03:01:18 +0000',
      path: '/prod/meetings/a3c4c6b9-d003-4545-bd8e-59680c584804',
      accountId: '647755634525',
      protocol: 'HTTP/1.1',
      stage: 'prod',
      domainPrefix: 'zyilyi1dgj',
      requestTimeEpoch: 1744599678327,
      requestId: '5427cab6-f893-41b9-839b-7c0021084450',
      identity: [Object],
      domainName: 'zyilyi1dgj.execute-api.us-east-1.amazonaws.com',
      deploymentId: '7rxnsl',
      apiId: 'zyilyi1dgj'
    },
    body: null,
    isBase64Encoded: false
  }
}
[get-meeting] 10:01:18 AM END RequestId: c97d8b08-1e1b-4a6b-8583-3ae9eb2b5e1e
[get-meeting] 10:01:18 AM REPORT RequestId: c97d8b08-1e1b-4a6b-8583-3ae9eb2b5e1e	Duration: 624.51 ms	Billed Duration: 625 ms	Memory Size: 512 MB	Max Memory Used: 316 MB
[create-attendee] 10:01:24 AM INIT_START Runtime Version: nodejs:18.v63	Runtime Version ARN: arn:aws:lambda:us-east-1::runtime:ad007b64e69135315cba0d95ed797867707d928d1128edf4fa17a926a71f1718
[create-attendee] 10:01:25 AM START RequestId: 682399ef-a7db-4ba1-b996-18bfe32fd095 Version: $LATEST
[create-attendee] 10:01:25 AM 2025-04-14T03:01:25.156Z	682399ef-a7db-4ba1-b996-18bfe32fd095	INFO	Creating attendee with meetingId:  d81213bb-c8f0-4506-b3d8-c010530e4804 externalUserId:  Guide|1744599682306
[create-attendee] 10:01:25 AM 2025-04-14T03:01:25.885Z	682399ef-a7db-4ba1-b996-18bfe32fd095	INFO	Created Attendee Response:  302dc9a9-a8ef-6a65-2be7-95c293bab827
[create-attendee] 10:01:25 AM END RequestId: 682399ef-a7db-4ba1-b996-18bfe32fd095
[create-attendee] 10:01:25 AM REPORT RequestId: 682399ef-a7db-4ba1-b996-18bfe32fd095	Duration: 759.42 ms	Billed Duration: 760 ms	Memory Size: 512 MB	Max Memory Used: 316 MB	Init Duration: 903.38 ms
[create-app-instance-user] 10:01:27 AM INIT_START Runtime Version: nodejs:18.v63	Runtime Version ARN: arn:aws:lambda:us-east-1::runtime:ad007b64e69135315cba0d95ed797867707d928d1128edf4fa17a926a71f1718
[create-app-instance-user] 10:01:28 AM START RequestId: 934eeeaf-36c1-4a46-80e8-508ffe8a401b Version: $LATEST
[create-app-instance-user] 10:01:28 AM 2025-04-14T03:01:28.291Z	934eeeaf-36c1-4a46-80e8-508ffe8a401b	INFO	Creating App Instance User with appInstanceArn:  arn:aws:chime:us-east-1:647755634525:app-instance/1007fa5f-d281-43e6-ac7d-758a23201cc0 appInstanceUserId:  6f73df9b-6154-4847-bf4d-b4247b7f3818 clientRequestToken:  2d2b11b1-80f6-4c9e-a6f6-d2d42fe3c2c4 name:  Guide expirationCriterion:  CREATED_TIMESTAMP expirationDays:  1
[create-app-instance-user] 10:01:28 AM 2025-04-14T03:01:28.468Z	934eeeaf-36c1-4a46-80e8-508ffe8a401b	INFO	Created App Instance User Response:  arn:aws:chime:us-east-1:647755634525:app-instance/1007fa5f-d281-43e6-ac7d-758a23201cc0/user/6f73df9b-6154-4847-bf4d-b4247b7f3818
[create-app-instance-user] 10:01:28 AM END RequestId: 934eeeaf-36c1-4a46-80e8-508ffe8a401b
[create-app-instance-user] 10:01:28 AM REPORT RequestId: 934eeeaf-36c1-4a46-80e8-508ffe8a401b	Duration: 194.40 ms	Billed Duration: 195 ms	Memory Size: 512 MB	Max Memory Used: 316 MB	Init Duration: 999.82 ms
[create-channel] 10:01:30 AM INIT_START Runtime Version: nodejs:18.v63	Runtime Version ARN: arn:aws:lambda:us-east-1::runtime:ad007b64e69135315cba0d95ed797867707d928d1128edf4fa17a926a71f1718
[create-channel] 10:01:31 AM START RequestId: db4fbb42-74e7-4d82-be65-bca09f2a4dd6 Version: $LATEST
[create-channel] 10:01:31 AM 2025-04-14T03:01:31.196Z	db4fbb42-74e7-4d82-be65-bca09f2a4dd6	INFO	Creating channel with appInstanceArn:  arn:aws:chime:us-east-1:647755634525:app-instance/1007fa5f-d281-43e6-ac7d-758a23201cc0 name:  LiveSession mode: UNRESTRICTED privacy:  PUBLIC clientRequestToken:  a2e81686-68dc-4836-9e62-20a2184a8b5d chimeBearer:  arn:aws:chime:us-east-1:647755634525:app-instance/1007fa5f-d281-43e6-ac7d-758a23201cc0/user/6f73df9b-6154-4847-bf4d-b4247b7f3818 expirationCriterion:  LAST_MESSAGE_TIMESTAMP expirationDays:  1
[create-channel] 10:01:31 AM 2025-04-14T03:01:31.394Z	db4fbb42-74e7-4d82-be65-bca09f2a4dd6	INFO	Created Channel Response:  arn:aws:chime:us-east-1:647755634525:app-instance/1007fa5f-d281-43e6-ac7d-758a23201cc0/channel/3d4b272d-f3f5-409a-8b42-3e919eb5e38c
[create-channel] 10:01:31 AM END RequestId: db4fbb42-74e7-4d82-be65-bca09f2a4dd6
[create-channel] 10:01:31 AM REPORT RequestId: db4fbb42-74e7-4d82-be65-bca09f2a4dd6	Duration: 211.49 ms	Billed Duration: 212 ms	Memory Size: 512 MB	Max Memory Used: 316 MB	Init Duration: 863.45 ms
[add-channel-membership] 10:01:33 AM INIT_START Runtime Version: nodejs:18.v63	Runtime Version ARN: arn:aws:lambda:us-east-1::runtime:ad007b64e69135315cba0d95ed797867707d928d1128edf4fa17a926a71f1718
[add-channel-membership] 10:01:34 AM START RequestId: a1b60fcd-3cd9-4199-9173-6c93cc967c6e Version: $LATEST
[add-channel-membership] 10:01:34 AM 2025-04-14T03:01:34.369Z	a1b60fcd-3cd9-4199-9173-6c93cc967c6e	INFO	Creating Channel Membership with channelArn:  arn%3Aaws%3Achime%3Aus-east-1%3A647755634525%3Aapp-instance%2F1007fa5f-d281-43e6-ac7d-758a23201cc0%2Fchannel%2F3d4b272d-f3f5-409a-8b42-3e919eb5e38c memberArn:  arn:aws:chime:us-east-1:647755634525:app-instance/1007fa5f-d281-43e6-ac7d-758a23201cc0/user/6f73df9b-6154-4847-bf4d-b4247b7f3818 type: DEFAULT chimeBearer:  arn:aws:chime:us-east-1:647755634525:app-instance/1007fa5f-d281-43e6-ac7d-758a23201cc0/user/6f73df9b-6154-4847-bf4d-b4247b7f3818
[add-channel-membership] 10:01:34 AM 2025-04-14T03:01:34.518Z	a1b60fcd-3cd9-4199-9173-6c93cc967c6e	INFO	Created Channel Membership Response:  {
  ChannelArn: 'arn:aws:chime:us-east-1:647755634525:app-instance/1007fa5f-d281-43e6-ac7d-758a23201cc0/channel/3d4b272d-f3f5-409a-8b42-3e919eb5e38c',
  Member: {
    Arn: 'arn:aws:chime:us-east-1:647755634525:app-instance/1007fa5f-d281-43e6-ac7d-758a23201cc0/user/6f73df9b-6154-4847-bf4d-b4247b7f3818',
    Name: 'Guide'
  },
  SubChannelId: null
}
[add-channel-membership] 10:01:34 AM END RequestId: a1b60fcd-3cd9-4199-9173-6c93cc967c6e
[add-channel-membership] 10:01:34 AM REPORT RequestId: a1b60fcd-3cd9-4199-9173-6c93cc967c6e	Duration: 173.00 ms	Billed Duration: 173 ms	Memory Size: 512 MB	Max Memory Used: 316 MB	Init Duration: 898.05 ms
[start-meeting-transcription] 10:01:33 AM INIT_START Runtime Version: nodejs:18.v63	Runtime Version ARN: arn:aws:lambda:us-east-1::runtime:ad007b64e69135315cba0d95ed797867707d928d1128edf4fa17a926a71f1718
[start-meeting-transcription] 10:01:34 AM START RequestId: f7297621-2934-4a96-be57-811cc22e7c3d Version: $LATEST
[start-meeting-transcription] 10:01:34 AM 2025-04-14T03:01:34.087Z	f7297621-2934-4a96-be57-811cc22e7c3d	INFO	Start MeetingTranscription with meetingId:  d81213bb-c8f0-4506-b3d8-c010530e4804 languageCode:  ja-JP
[start-meeting-transcription] 10:01:34 AM 2025-04-14T03:01:34.814Z	f7297621-2934-4a96-be57-811cc22e7c3d	INFO	Started Meeting Transcription Response:  {}
[start-meeting-transcription] 10:01:34 AM END RequestId: f7297621-2934-4a96-be57-811cc22e7c3d
[start-meeting-transcription] 10:01:34 AM REPORT RequestId: f7297621-2934-4a96-be57-811cc22e7c3d	Duration: 759.67 ms	Billed Duration: 760 ms	Memory Size: 512 MB	Max Memory Used: 316 MB	Init Duration: 890.00 ms
[update-meeting-by-tourid] 10:01:36 AM INIT_START Runtime Version: nodejs:18.v63	Runtime Version ARN: arn:aws:lambda:us-east-1::runtime:ad007b64e69135315cba0d95ed797867707d928d1128edf4fa17a926a71f1718
[update-meeting-by-tourid] 10:01:37 AM START RequestId: 53bc2540-2a3a-494b-9c2b-590fc769beb1 Version: $LATEST
[update-meeting-by-tourid] 10:01:37 AM 2025-04-14T03:01:37.190Z	53bc2540-2a3a-494b-9c2b-590fc769beb1	INFO	Updating tour with tourId:  8ee26865-df26-43ad-a8fc-2346690db9f8 meetingId:  d81213bb-c8f0-4506-b3d8-c010530e4804 channelId:  3d4b272d-f3f5-409a-8b42-3e919eb5e38c
[update-meeting-by-tourid] 10:01:37 AM 2025-04-14T03:01:37.765Z	53bc2540-2a3a-494b-9c2b-590fc769beb1	INFO	Tour successfully updated:  {
  tourId: '8ee26865-df26-43ad-a8fc-2346690db9f8',
  ':meetingId': 'd81213bb-c8f0-4506-b3d8-c010530e4804',
  ':channelId': '3d4b272d-f3f5-409a-8b42-3e919eb5e38c'
}
[update-meeting-by-tourid] 10:01:37 AM END RequestId: 53bc2540-2a3a-494b-9c2b-590fc769beb1
[update-meeting-by-tourid] 10:01:37 AM REPORT RequestId: 53bc2540-2a3a-494b-9c2b-590fc769beb1	Duration: 606.42 ms	Billed Duration: 607 ms	Memory Size: 512 MB	Max Memory Used: 316 MB	Init Duration: 915.76 ms
[create-meeting] 10:01:20 AM INIT_START Runtime Version: nodejs:18.v63	Runtime Version ARN: arn:aws:lambda:us-east-1::runtime:ad007b64e69135315cba0d95ed797867707d928d1128edf4fa17a926a71f1718
[create-meeting] 10:01:21 AM START RequestId: e8a2731b-3004-4f91-8709-84e6bc131cc3 Version: $LATEST
[create-meeting] 10:01:21 AM 2025-04-14T03:01:21.654Z	e8a2731b-3004-4f91-8709-84e6bc131cc3	INFO	Creating meeting with clientRequestToken:  002cb9a5-b931-4584-8fa3-c767520156ed externalMeetingId:  b8f1ea6e-432c-4c4b-8ebd-3840c1e2e6b9
[create-meeting] 10:01:22 AM 2025-04-14T03:01:22.493Z	e8a2731b-3004-4f91-8709-84e6bc131cc3	INFO	Created Meeting Response:  d81213bb-c8f0-4506-b3d8-c010530e4804
[create-meeting] 10:01:22 AM END RequestId: e8a2731b-3004-4f91-8709-84e6bc131cc3
[create-meeting] 10:01:22 AM REPORT RequestId: e8a2731b-3004-4f91-8709-84e6bc131cc3	Duration: 852.63 ms	Billed Duration: 853 ms	Memory Size: 512 MB	Max Memory Used: 316 MB	Init Duration: 910.30 ms
[get-meeting] 10:01:14 AM INIT_START Runtime Version: nodejs:18.v63	Runtime Version ARN: arn:aws:lambda:us-east-1::runtime:ad007b64e69135315cba0d95ed797867707d928d1128edf4fa17a926a71f1718
[get-meeting] 10:01:15 AM START RequestId: e2c00412-fece-4a2d-9b10-a1726ffa5e34 Version: $LATEST
[get-meeting] 10:01:15 AM 2025-04-14T03:01:15.267Z	e2c00412-fece-4a2d-9b10-a1726ffa5e34	INFO	Getting meeting with meetingId:  a3c4c6b9-d003-4545-bd8e-59680c584804
[get-meeting] 10:01:15 AM 2025-04-14T03:01:15.978Z	e2c00412-fece-4a2d-9b10-a1726ffa5e34	ERROR	Failed to Get Meeting:  {
  error: NotFound: Meeting <a3c4c6b9-d003-4545-bd8e-59680c584804> not found
      at Object.kJ [as extractError] (file:///var/task/index.mjs:2:5259)
      at constructor.YJ (file:///var/task/index.mjs:2:17862)
      at constructor.callListeners (file:///var/task/index.mjs:2:48795)
      at constructor.emit (file:///var/task/index.mjs:2:48503)
      at constructor.emitEvent (file:///var/task/index.mjs:3:28427)
      at constructor.t (file:///var/task/index.mjs:3:23986)
      at Rc.runTo (file:///var/task/index.mjs:3:1217)
      at file:///var/task/index.mjs:3:1429
      at constructor.<anonymous> (file:///var/task/index.mjs:3:24200)
      at constructor.<anonymous> (file:///var/task/index.mjs:3:28482) {
    code: 'NotFound',
    '[Code]': 'See error.Code for details.',
    '[Message]': 'See error.Message for details.',
    '[RequestId]': 'See error.RequestId for details.',
    time: 2025-04-14T03:01:15.976Z,
    requestId: '8efad60a-d8a0-442a-be78-7f89dc8cbac5',
    statusCode: 404,
    retryable: false,
    retryDelay: 78.34758446604494
  },
  event: {
    resource: '/meetings/{MeetingID}',
    path: '/meetings/a3c4c6b9-d003-4545-bd8e-59680c584804',
    httpMethod: 'GET',
    headers: {
      Accept: '*/*',
      'Accept-Encoding': 'gzip, deflate, br, zstd',
      'Accept-Language': 'en-US,en;q=0.9,vi;q=0.8',
      'CloudFront-Forwarded-Proto': 'https',
      'CloudFront-Is-Desktop-Viewer': 'true',
      'CloudFront-Is-Mobile-Viewer': 'false',
      'CloudFront-Is-SmartTV-Viewer': 'false',
      'CloudFront-Is-Tablet-Viewer': 'false',
      'CloudFront-Viewer-ASN': '45899',
      'CloudFront-Viewer-Country': 'VN',
      Host: 'zyilyi1dgj.execute-api.us-east-1.amazonaws.com',
      origin: 'http://192.168.201.23:3000',
      priority: 'u=1, i',
      Referer: 'http://192.168.201.23:3000/',
      'sec-ch-ua': '"Google Chrome";v="135", "Not-A.Brand";v="8", "Chromium";v="135"',
      'sec-ch-ua-mobile': '?0',
      'sec-ch-ua-platform': '"Windows"',
      'sec-fetch-dest': 'empty',
      'sec-fetch-mode': 'cors',
      'sec-fetch-site': 'cross-site',
      'User-Agent': 'Mozilla/5.0 (Windows NT 10.0; Win64; x64) AppleWebKit/537.36 (KHTML, like Gecko) Chrome/135.0.0.0 Safari/537.36',
      Via: '2.0 42be2f5c4171ea6403329c96869121be.cloudfront.net (CloudFront)',
      'X-Amz-Cf-Id': 'En4hUC5xopxvHnwq3RuRRfwrCv1VItFDQmsiuxe2syDpN5dbMr85XQ==',
      'X-Amzn-Trace-Id': 'Root=1-67fc7a79-645d450d67a4f2d67364c65c',
      'X-Forwarded-For': '14.161.12.17, 15.158.13.114',
      'X-Forwarded-Port': '443',
      'X-Forwarded-Proto': 'https'
    },
    multiValueHeaders: {
      Accept: [Array],
      'Accept-Encoding': [Array],
      'Accept-Language': [Array],
      'CloudFront-Forwarded-Proto': [Array],
      'CloudFront-Is-Desktop-Viewer': [Array],
      'CloudFront-Is-Mobile-Viewer': [Array],
      'CloudFront-Is-SmartTV-Viewer': [Array],
      'CloudFront-Is-Tablet-Viewer': [Array],
      'CloudFront-Viewer-ASN': [Array],
      'CloudFront-Viewer-Country': [Array],
      Host: [Array],
      origin: [Array],
      priority: [Array],
      Referer: [Array],
      'sec-ch-ua': [Array],
      'sec-ch-ua-mobile': [Array],
      'sec-ch-ua-platform': [Array],
      'sec-fetch-dest': [Array],
      'sec-fetch-mode': [Array],
      'sec-fetch-site': [Array],
      'User-Agent': [Array],
      Via: [Array],
      'X-Amz-Cf-Id': [Array],
      'X-Amzn-Trace-Id': [Array],
      'X-Forwarded-For': [Array],
      'X-Forwarded-Port': [Array],
      'X-Forwarded-Proto': [Array]
    },
    queryStringParameters: null,
    multiValueQueryStringParameters: null,
    pathParameters: { MeetingID: 'a3c4c6b9-d003-4545-bd8e-59680c584804' },
    stageVariables: null,
    requestContext: {
      resourceId: 'hp5a4n',
      resourcePath: '/meetings/{MeetingID}',
      httpMethod: 'GET',
      extendedRequestId: 'I_gTFGQQIAMEV5Q=',
      requestTime: '14/Apr/2025:03:01:13 +0000',
      path: '/prod/meetings/a3c4c6b9-d003-4545-bd8e-59680c584804',
      accountId: '647755634525',
      protocol: 'HTTP/1.1',
      stage: 'prod',
      domainPrefix: 'zyilyi1dgj',
      requestTimeEpoch: 1744599673769,
      requestId: 'b2b7a342-41b6-45f3-89ad-b5b3e702b21e',
      identity: [Object],
      domainName: 'zyilyi1dgj.execute-api.us-east-1.amazonaws.com',
      deploymentId: '7rxnsl',
      apiId: 'zyilyi1dgj'
    },
    body: null,
    isBase64Encoded: false
  }
}
[get-meeting] 10:01:16 AM END RequestId: e2c00412-fece-4a2d-9b10-a1726ffa5e34
[get-meeting] 10:01:16 AM REPORT RequestId: e2c00412-fece-4a2d-9b10-a1726ffa5e34	Duration: 749.08 ms	Billed Duration: 750 ms	Memory Size: 512 MB	Max Memory Used: 316 MB	Init Duration: 897.84 ms
[get-meeting] 10:01:16 AM START RequestId: 3af1b967-7972-4147-86b4-4f170f71c184 Version: $LATEST
[get-meeting] 10:01:16 AM 2025-04-14T03:01:16.533Z	3af1b967-7972-4147-86b4-4f170f71c184	INFO	Getting meeting with meetingId:  a3c4c6b9-d003-4545-bd8e-59680c584804
[get-meeting] 10:01:17 AM 2025-04-14T03:01:17.163Z	3af1b967-7972-4147-86b4-4f170f71c184	ERROR	Failed to Get Meeting:  {
  error: NotFound: Meeting <a3c4c6b9-d003-4545-bd8e-59680c584804> not found
      at Object.kJ [as extractError] (file:///var/task/index.mjs:2:5259)
      at constructor.YJ (file:///var/task/index.mjs:2:17862)
      at constructor.callListeners (file:///var/task/index.mjs:2:48795)
      at constructor.emit (file:///var/task/index.mjs:2:48503)
      at constructor.emitEvent (file:///var/task/index.mjs:3:28427)
      at constructor.t (file:///var/task/index.mjs:3:23986)
      at Rc.runTo (file:///var/task/index.mjs:3:1217)
      at file:///var/task/index.mjs:3:1429
      at constructor.<anonymous> (file:///var/task/index.mjs:3:24200)
      at constructor.<anonymous> (file:///var/task/index.mjs:3:28482) {
    code: 'NotFound',
    '[Code]': 'See error.Code for details.',
    '[Message]': 'See error.Message for details.',
    '[RequestId]': 'See error.RequestId for details.',
    time: 2025-04-14T03:01:17.163Z,
    requestId: '471dcb46-430f-4434-a824-8a28fb651dc0',
    statusCode: 404,
    retryable: false,
    retryDelay: 87.62692767515394
  },
  event: {
    resource: '/meetings/{MeetingID}',
    path: '/meetings/a3c4c6b9-d003-4545-bd8e-59680c584804',
    httpMethod: 'GET',
    headers: {
      Accept: '*/*',
      'Accept-Encoding': 'gzip, deflate, br, zstd',
      'Accept-Language': 'en-US,en;q=0.9,vi;q=0.8',
      'CloudFront-Forwarded-Proto': 'https',
      'CloudFront-Is-Desktop-Viewer': 'true',
      'CloudFront-Is-Mobile-Viewer': 'false',
      'CloudFront-Is-SmartTV-Viewer': 'false',
      'CloudFront-Is-Tablet-Viewer': 'false',
      'CloudFront-Viewer-ASN': '45899',
      'CloudFront-Viewer-Country': 'VN',
      Host: 'zyilyi1dgj.execute-api.us-east-1.amazonaws.com',
      origin: 'http://192.168.201.23:3000',
      priority: 'u=1, i',
      Referer: 'http://192.168.201.23:3000/',
      'sec-ch-ua': '"Google Chrome";v="135", "Not-A.Brand";v="8", "Chromium";v="135"',
      'sec-ch-ua-mobile': '?0',
      'sec-ch-ua-platform': '"Windows"',
      'sec-fetch-dest': 'empty',
      'sec-fetch-mode': 'cors',
      'sec-fetch-site': 'cross-site',
      'User-Agent': 'Mozilla/5.0 (Windows NT 10.0; Win64; x64) AppleWebKit/537.36 (KHTML, like Gecko) Chrome/135.0.0.0 Safari/537.36',
      Via: '2.0 42be2f5c4171ea6403329c96869121be.cloudfront.net (CloudFront)',
      'X-Amz-Cf-Id': 'Gx5WncFx2W994u0LvE0Y6B9Zm6lSmHQaULq0CV5MmSNPO2GiyFuuhw==',
      'X-Amzn-Trace-Id': 'Root=1-67fc7a7c-36706e44648b84232ba6ba61',
      'X-Forwarded-For': '14.161.12.17, 15.158.13.83',
      'X-Forwarded-Port': '443',
      'X-Forwarded-Proto': 'https'
    },
    multiValueHeaders: {
      Accept: [Array],
      'Accept-Encoding': [Array],
      'Accept-Language': [Array],
      'CloudFront-Forwarded-Proto': [Array],
      'CloudFront-Is-Desktop-Viewer': [Array],
      'CloudFront-Is-Mobile-Viewer': [Array],
      'CloudFront-Is-SmartTV-Viewer': [Array],
      'CloudFront-Is-Tablet-Viewer': [Array],
      'CloudFront-Viewer-ASN': [Array],
      'CloudFront-Viewer-Country': [Array],
      Host: [Array],
      origin: [Array],
      priority: [Array],
      Referer: [Array],
      'sec-ch-ua': [Array],
      'sec-ch-ua-mobile': [Array],
      'sec-ch-ua-platform': [Array],
      'sec-fetch-dest': [Array],
      'sec-fetch-mode': [Array],
      'sec-fetch-site': [Array],
      'User-Agent': [Array],
      Via: [Array],
      'X-Amz-Cf-Id': [Array],
      'X-Amzn-Trace-Id': [Array],
      'X-Forwarded-For': [Array],
      'X-Forwarded-Port': [Array],
      'X-Forwarded-Proto': [Array]
    },
    queryStringParameters: null,
    multiValueQueryStringParameters: null,
    pathParameters: { MeetingID: 'a3c4c6b9-d003-4545-bd8e-59680c584804' },
    stageVariables: null,
    requestContext: {
      resourceId: 'hp5a4n',
      resourcePath: '/meetings/{MeetingID}',
      httpMethod: 'GET',
      extendedRequestId: 'I_gThE8ZIAMELeg=',
      requestTime: '14/Apr/2025:03:01:16 +0000',
      path: '/prod/meetings/a3c4c6b9-d003-4545-bd8e-59680c584804',
      accountId: '647755634525',
      protocol: 'HTTP/1.1',
      stage: 'prod',
      domainPrefix: 'zyilyi1dgj',
      requestTimeEpoch: 1744599676506,
      requestId: '0c04e412-da1c-4bd5-8198-a70d7b290f56',
      identity: [Object],
      domainName: 'zyilyi1dgj.execute-api.us-east-1.amazonaws.com',
      deploymentId: '7rxnsl',
      apiId: 'zyilyi1dgj'
    },
    body: null,
    isBase64Encoded: false
  }
}
[get-meeting] 10:01:17 AM END RequestId: 3af1b967-7972-4147-86b4-4f170f71c184
[get-meeting] 10:01:17 AM REPORT RequestId: 3af1b967-7972-4147-86b4-4f170f71c184	Duration: 633.55 ms	Billed Duration: 634 ms	Memory Size: 512 MB	Max Memory Used: 316 MB
[get-meeting] 10:01:18 AM 2025-04-14T03:01:18.349Z	c97d8b08-1e1b-4a6b-8583-3ae9eb2b5e1e	INFO	Getting meeting with meetingId:  a3c4c6b9-d003-4545-bd8e-59680c584804
[get-meeting] 10:01:18 AM START RequestId: c97d8b08-1e1b-4a6b-8583-3ae9eb2b5e1e Version: $LATEST
[get-meeting] 10:01:18 AM 2025-04-14T03:01:18.971Z	c97d8b08-1e1b-4a6b-8583-3ae9eb2b5e1e	ERROR	Failed to Get Meeting:  {
  error: NotFound: Meeting <a3c4c6b9-d003-4545-bd8e-59680c584804> not found
      at Object.kJ [as extractError] (file:///var/task/index.mjs:2:5259)
      at constructor.YJ (file:///var/task/index.mjs:2:17862)
      at constructor.callListeners (file:///var/task/index.mjs:2:48795)
      at constructor.emit (file:///var/task/index.mjs:2:48503)
      at constructor.emitEvent (file:///var/task/index.mjs:3:28427)
      at constructor.t (file:///var/task/index.mjs:3:23986)
      at Rc.runTo (file:///var/task/index.mjs:3:1217)
      at file:///var/task/index.mjs:3:1429
      at constructor.<anonymous> (file:///var/task/index.mjs:3:24200)
      at constructor.<anonymous> (file:///var/task/index.mjs:3:28482) {
    code: 'NotFound',
    '[Code]': 'See error.Code for details.',
    '[Message]': 'See error.Message for details.',
    '[RequestId]': 'See error.RequestId for details.',
    time: 2025-04-14T03:01:18.971Z,
    requestId: 'a606ba96-195d-409a-b370-fac94d4115bd',
    statusCode: 404,
    retryable: false,
    retryDelay: 34.05418991735956
  },
  event: {
    resource: '/meetings/{MeetingID}',
    path: '/meetings/a3c4c6b9-d003-4545-bd8e-59680c584804',
    httpMethod: 'GET',
    headers: {
      Accept: '*/*',
      'Accept-Encoding': 'gzip, deflate, br, zstd',
      'Accept-Language': 'en-US,en;q=0.9,vi;q=0.8',
      'CloudFront-Forwarded-Proto': 'https',
      'CloudFront-Is-Desktop-Viewer': 'true',
      'CloudFront-Is-Mobile-Viewer': 'false',
      'CloudFront-Is-SmartTV-Viewer': 'false',
      'CloudFront-Is-Tablet-Viewer': 'false',
      'CloudFront-Viewer-ASN': '45899',
      'CloudFront-Viewer-Country': 'VN',
      Host: 'zyilyi1dgj.execute-api.us-east-1.amazonaws.com',
      origin: 'http://192.168.201.23:3000',
      priority: 'u=1, i',
      Referer: 'http://192.168.201.23:3000/',
      'sec-ch-ua': '"Google Chrome";v="135", "Not-A.Brand";v="8", "Chromium";v="135"',
      'sec-ch-ua-mobile': '?0',
      'sec-ch-ua-platform': '"Windows"',
      'sec-fetch-dest': 'empty',
      'sec-fetch-mode': 'cors',
      'sec-fetch-site': 'cross-site',
      'User-Agent': 'Mozilla/5.0 (Windows NT 10.0; Win64; x64) AppleWebKit/537.36 (KHTML, like Gecko) Chrome/135.0.0.0 Safari/537.36',
      Via: '2.0 42be2f5c4171ea6403329c96869121be.cloudfront.net (CloudFront)',
      'X-Amz-Cf-Id': 'OXbVAe6dz5HuuHyrRtV3f2tGo9nPZ4gQFZiS2eFO7AsquVSCVKjk2Q==',
      'X-Amzn-Trace-Id': 'Root=1-67fc7a7e-1f5f994d76959cb36efb9921',
      'X-Forwarded-For': '14.161.12.17, 15.158.13.109',
      'X-Forwarded-Port': '443',
      'X-Forwarded-Proto': 'https'
    },
    multiValueHeaders: {
      Accept: [Array],
      'Accept-Encoding': [Array],
      'Accept-Language': [Array],
      'CloudFront-Forwarded-Proto': [Array],
      'CloudFront-Is-Desktop-Viewer': [Array],
      'CloudFront-Is-Mobile-Viewer': [Array],
      'CloudFront-Is-SmartTV-Viewer': [Array],
      'CloudFront-Is-Tablet-Viewer': [Array],
      'CloudFront-Viewer-ASN': [Array],
      'CloudFront-Viewer-Country': [Array],
      Host: [Array],
      origin: [Array],
      priority: [Array],
      Referer: [Array],
      'sec-ch-ua': [Array],
      'sec-ch-ua-mobile': [Array],
      'sec-ch-ua-platform': [Array],
      'sec-fetch-dest': [Array],
      'sec-fetch-mode': [Array],
      'sec-fetch-site': [Array],
      'User-Agent': [Array],
      Via: [Array],
      'X-Amz-Cf-Id': [Array],
      'X-Amzn-Trace-Id': [Array],
      'X-Forwarded-For': [Array],
      'X-Forwarded-Port': [Array],
      'X-Forwarded-Proto': [Array]
    },
    queryStringParameters: null,
    multiValueQueryStringParameters: null,
    pathParameters: { MeetingID: 'a3c4c6b9-d003-4545-bd8e-59680c584804' },
    stageVariables: null,
    requestContext: {
      resourceId: 'hp5a4n',
      resourcePath: '/meetings/{MeetingID}',
      httpMethod: 'GET',
      extendedRequestId: 'I_gTzHwCIAMEuEw=',
      requestTime: '14/Apr/2025:03:01:18 +0000',
      path: '/prod/meetings/a3c4c6b9-d003-4545-bd8e-59680c584804',
      accountId: '647755634525',
      protocol: 'HTTP/1.1',
      stage: 'prod',
      domainPrefix: 'zyilyi1dgj',
      requestTimeEpoch: 1744599678327,
      requestId: '5427cab6-f893-41b9-839b-7c0021084450',
      identity: [Object],
      domainName: 'zyilyi1dgj.execute-api.us-east-1.amazonaws.com',
      deploymentId: '7rxnsl',
      apiId: 'zyilyi1dgj'
    },
    body: null,
    isBase64Encoded: false
  }
}
[get-meeting] 10:01:18 AM END RequestId: c97d8b08-1e1b-4a6b-8583-3ae9eb2b5e1e
[get-meeting] 10:01:18 AM REPORT RequestId: c97d8b08-1e1b-4a6b-8583-3ae9eb2b5e1e	Duration: 624.51 ms	Billed Duration: 625 ms	Memory Size: 512 MB	Max Memory Used: 316 MB
[create-attendee] 10:01:24 AM INIT_START Runtime Version: nodejs:18.v63	Runtime Version ARN: arn:aws:lambda:us-east-1::runtime:ad007b64e69135315cba0d95ed797867707d928d1128edf4fa17a926a71f1718
[create-attendee] 10:01:25 AM START RequestId: 682399ef-a7db-4ba1-b996-18bfe32fd095 Version: $LATEST
[create-attendee] 10:01:25 AM 2025-04-14T03:01:25.156Z	682399ef-a7db-4ba1-b996-18bfe32fd095	INFO	Creating attendee with meetingId:  d81213bb-c8f0-4506-b3d8-c010530e4804 externalUserId:  Guide|1744599682306
[create-attendee] 10:01:25 AM 2025-04-14T03:01:25.885Z	682399ef-a7db-4ba1-b996-18bfe32fd095	INFO	Created Attendee Response:  302dc9a9-a8ef-6a65-2be7-95c293bab827
[create-attendee] 10:01:25 AM END RequestId: 682399ef-a7db-4ba1-b996-18bfe32fd095
[create-attendee] 10:01:25 AM REPORT RequestId: 682399ef-a7db-4ba1-b996-18bfe32fd095	Duration: 759.42 ms	Billed Duration: 760 ms	Memory Size: 512 MB	Max Memory Used: 316 MB	Init Duration: 903.38 ms
[create-app-instance-user] 10:01:27 AM INIT_START Runtime Version: nodejs:18.v63	Runtime Version ARN: arn:aws:lambda:us-east-1::runtime:ad007b64e69135315cba0d95ed797867707d928d1128edf4fa17a926a71f1718
[create-app-instance-user] 10:01:28 AM START RequestId: 934eeeaf-36c1-4a46-80e8-508ffe8a401b Version: $LATEST
[create-app-instance-user] 10:01:28 AM 2025-04-14T03:01:28.291Z	934eeeaf-36c1-4a46-80e8-508ffe8a401b	INFO	Creating App Instance User with appInstanceArn:  arn:aws:chime:us-east-1:647755634525:app-instance/1007fa5f-d281-43e6-ac7d-758a23201cc0 appInstanceUserId:  6f73df9b-6154-4847-bf4d-b4247b7f3818 clientRequestToken:  2d2b11b1-80f6-4c9e-a6f6-d2d42fe3c2c4 name:  Guide expirationCriterion:  CREATED_TIMESTAMP expirationDays:  1
[create-app-instance-user] 10:01:28 AM 2025-04-14T03:01:28.468Z	934eeeaf-36c1-4a46-80e8-508ffe8a401b	INFO	Created App Instance User Response:  arn:aws:chime:us-east-1:647755634525:app-instance/1007fa5f-d281-43e6-ac7d-758a23201cc0/user/6f73df9b-6154-4847-bf4d-b4247b7f3818
[create-app-instance-user] 10:01:28 AM END RequestId: 934eeeaf-36c1-4a46-80e8-508ffe8a401b
[create-app-instance-user] 10:01:28 AM REPORT RequestId: 934eeeaf-36c1-4a46-80e8-508ffe8a401b	Duration: 194.40 ms	Billed Duration: 195 ms	Memory Size: 512 MB	Max Memory Used: 316 MB	Init Duration: 999.82 ms
[create-channel] 10:01:30 AM INIT_START Runtime Version: nodejs:18.v63	Runtime Version ARN: arn:aws:lambda:us-east-1::runtime:ad007b64e69135315cba0d95ed797867707d928d1128edf4fa17a926a71f1718
[create-channel] 10:01:31 AM START RequestId: db4fbb42-74e7-4d82-be65-bca09f2a4dd6 Version: $LATEST
[create-channel] 10:01:31 AM 2025-04-14T03:01:31.196Z	db4fbb42-74e7-4d82-be65-bca09f2a4dd6	INFO	Creating channel with appInstanceArn:  arn:aws:chime:us-east-1:647755634525:app-instance/1007fa5f-d281-43e6-ac7d-758a23201cc0 name:  LiveSession mode: UNRESTRICTED privacy:  PUBLIC clientRequestToken:  a2e81686-68dc-4836-9e62-20a2184a8b5d chimeBearer:  arn:aws:chime:us-east-1:647755634525:app-instance/1007fa5f-d281-43e6-ac7d-758a23201cc0/user/6f73df9b-6154-4847-bf4d-b4247b7f3818 expirationCriterion:  LAST_MESSAGE_TIMESTAMP expirationDays:  1
[create-channel] 10:01:31 AM 2025-04-14T03:01:31.394Z	db4fbb42-74e7-4d82-be65-bca09f2a4dd6	INFO	Created Channel Response:  arn:aws:chime:us-east-1:647755634525:app-instance/1007fa5f-d281-43e6-ac7d-758a23201cc0/channel/3d4b272d-f3f5-409a-8b42-3e919eb5e38c
[create-channel] 10:01:31 AM END RequestId: db4fbb42-74e7-4d82-be65-bca09f2a4dd6
[create-channel] 10:01:31 AM REPORT RequestId: db4fbb42-74e7-4d82-be65-bca09f2a4dd6	Duration: 211.49 ms	Billed Duration: 212 ms	Memory Size: 512 MB	Max Memory Used: 316 MB	Init Duration: 863.45 ms
[add-channel-membership] 10:01:33 AM INIT_START Runtime Version: nodejs:18.v63	Runtime Version ARN: arn:aws:lambda:us-east-1::runtime:ad007b64e69135315cba0d95ed797867707d928d1128edf4fa17a926a71f1718
[add-channel-membership] 10:01:34 AM START RequestId: a1b60fcd-3cd9-4199-9173-6c93cc967c6e Version: $LATEST
[add-channel-membership] 10:01:34 AM 2025-04-14T03:01:34.369Z	a1b60fcd-3cd9-4199-9173-6c93cc967c6e	INFO	Creating Channel Membership with channelArn:  arn%3Aaws%3Achime%3Aus-east-1%3A647755634525%3Aapp-instance%2F1007fa5f-d281-43e6-ac7d-758a23201cc0%2Fchannel%2F3d4b272d-f3f5-409a-8b42-3e919eb5e38c memberArn:  arn:aws:chime:us-east-1:647755634525:app-instance/1007fa5f-d281-43e6-ac7d-758a23201cc0/user/6f73df9b-6154-4847-bf4d-b4247b7f3818 type: DEFAULT chimeBearer:  arn:aws:chime:us-east-1:647755634525:app-instance/1007fa5f-d281-43e6-ac7d-758a23201cc0/user/6f73df9b-6154-4847-bf4d-b4247b7f3818
[add-channel-membership] 10:01:34 AM 2025-04-14T03:01:34.518Z	a1b60fcd-3cd9-4199-9173-6c93cc967c6e	INFO	Created Channel Membership Response:  {
  ChannelArn: 'arn:aws:chime:us-east-1:647755634525:app-instance/1007fa5f-d281-43e6-ac7d-758a23201cc0/channel/3d4b272d-f3f5-409a-8b42-3e919eb5e38c',
  Member: {
    Arn: 'arn:aws:chime:us-east-1:647755634525:app-instance/1007fa5f-d281-43e6-ac7d-758a23201cc0/user/6f73df9b-6154-4847-bf4d-b4247b7f3818',
    Name: 'Guide'
  },
  SubChannelId: null
}
[add-channel-membership] 10:01:34 AM END RequestId: a1b60fcd-3cd9-4199-9173-6c93cc967c6e
[add-channel-membership] 10:01:34 AM REPORT RequestId: a1b60fcd-3cd9-4199-9173-6c93cc967c6e	Duration: 173.00 ms	Billed Duration: 173 ms	Memory Size: 512 MB	Max Memory Used: 316 MB	Init Duration: 898.05 ms
[start-meeting-transcription] 10:01:33 AM INIT_START Runtime Version: nodejs:18.v63	Runtime Version ARN: arn:aws:lambda:us-east-1::runtime:ad007b64e69135315cba0d95ed797867707d928d1128edf4fa17a926a71f1718
[start-meeting-transcription] 10:01:34 AM START RequestId: f7297621-2934-4a96-be57-811cc22e7c3d Version: $LATEST
[start-meeting-transcription] 10:01:34 AM 2025-04-14T03:01:34.087Z	f7297621-2934-4a96-be57-811cc22e7c3d	INFO	Start MeetingTranscription with meetingId:  d81213bb-c8f0-4506-b3d8-c010530e4804 languageCode:  ja-JP
[start-meeting-transcription] 10:01:34 AM 2025-04-14T03:01:34.814Z	f7297621-2934-4a96-be57-811cc22e7c3d	INFO	Started Meeting Transcription Response:  {}
[start-meeting-transcription] 10:01:34 AM END RequestId: f7297621-2934-4a96-be57-811cc22e7c3d
[start-meeting-transcription] 10:01:34 AM REPORT RequestId: f7297621-2934-4a96-be57-811cc22e7c3d	Duration: 759.67 ms	Billed Duration: 760 ms	Memory Size: 512 MB	Max Memory Used: 316 MB	Init Duration: 890.00 ms
[get-meeting-by-tourid] 10:01:11 AM INIT_START Runtime Version: nodejs:18.v63	Runtime Version ARN: arn:aws:lambda:us-east-1::runtime:ad007b64e69135315cba0d95ed797867707d928d1128edf4fa17a926a71f1718
[get-meeting-by-tourid] 10:01:12 AM START RequestId: 56eeab63-2910-4ffb-b2a0-ff4a99be1b02 Version: $LATEST
[get-meeting-by-tourid] 10:01:12 AM 2025-04-14T03:01:12.357Z	56eeab63-2910-4ffb-b2a0-ff4a99be1b02	INFO	Retrieving tour with tourId:  8ee26865-df26-43ad-a8fc-2346690db9f8
[get-meeting-by-tourid] 10:01:12 AM 2025-04-14T03:01:12.976Z	56eeab63-2910-4ffb-b2a0-ff4a99be1b02	INFO	Tour successfully retrieved:  {
  planningSalesOfficeName: '',
  tourNumber: 'Tour001',
  otherRemarks: '',
  updatedBy: '',
  createdBy: '64cb43c7-fc54-404e-82af-66b2dad315de',
  planningSalesOfficeTeamName: '',
  qrCodeDestination: '',
  meetingId: 'a3c4c6b9-d003-4545-bd8e-59680c584804',
  departureDate: '2025-04-10',
  contactPersonName: '',
  numberOfTransmitters: '',
  phoneNumberCustomer: '',
  numberOfDevices: '',
  tourTestStatus: 'test',
  acceptanceDate: '',
  createdAt: '2025-04-10T04:06:04.086Z',
  planningOfficeName: '',
  contactPersonEmail: '',
  emailCustomer: '',
  returnDate: '2025-04-12',
  deleteFlag: 0,
  channelId: '72c1252d-d554-4c7a-b318-f5055122160d',
  chatRestriction: 'allChat',
  processingNumber: 'Tour001',
  tourName: 'Tour001',
  updatedAt: '',
  tourId: '8ee26865-df26-43ad-a8fc-2346690db9f8'
}
[get-meeting-by-tourid] 10:01:12 AM END RequestId: 56eeab63-2910-4ffb-b2a0-ff4a99be1b02
[get-meeting-by-tourid] 10:01:12 AM REPORT RequestId: 56eeab63-2910-4ffb-b2a0-ff4a99be1b02	Duration: 650.71 ms	Billed Duration: 651 ms	Memory Size: 512 MB	Max Memory Used: 316 MB	Init Duration: 970.02 ms
[update-meeting-by-tourid] 10:01:36 AM INIT_START Runtime Version: nodejs:18.v63	Runtime Version ARN: arn:aws:lambda:us-east-1::runtime:ad007b64e69135315cba0d95ed797867707d928d1128edf4fa17a926a71f1718
[update-meeting-by-tourid] 10:01:37 AM START RequestId: 53bc2540-2a3a-494b-9c2b-590fc769beb1 Version: $LATEST
[update-meeting-by-tourid] 10:01:37 AM 2025-04-14T03:01:37.190Z	53bc2540-2a3a-494b-9c2b-590fc769beb1	INFO	Updating tour with tourId:  8ee26865-df26-43ad-a8fc-2346690db9f8 meetingId:  d81213bb-c8f0-4506-b3d8-c010530e4804 channelId:  3d4b272d-f3f5-409a-8b42-3e919eb5e38c
[update-meeting-by-tourid] 10:01:37 AM 2025-04-14T03:01:37.765Z	53bc2540-2a3a-494b-9c2b-590fc769beb1	INFO	Tour successfully updated:  {
  tourId: '8ee26865-df26-43ad-a8fc-2346690db9f8',
  ':meetingId': 'd81213bb-c8f0-4506-b3d8-c010530e4804',
  ':channelId': '3d4b272d-f3f5-409a-8b42-3e919eb5e38c'
}
[update-meeting-by-tourid] 10:01:37 AM END RequestId: 53bc2540-2a3a-494b-9c2b-590fc769beb1
[update-meeting-by-tourid] 10:01:37 AM REPORT RequestId: 53bc2540-2a3a-494b-9c2b-590fc769beb1	Duration: 606.42 ms	Billed Duration: 607 ms	Memory Size: 512 MB	Max Memory Used: 316 MB	Init Duration: 915.76 ms
[add-channel-membership] 10:11:04 AM START RequestId: 5c10587c-bb24-42ec-a563-692ee4190db6 Version: $LATEST
[add-channel-membership] 10:11:04 AM 2025-04-14T03:11:04.929Z	5c10587c-bb24-42ec-a563-692ee4190db6	INFO	Creating Channel Membership with channelArn:  arn%3Aaws%3Achime%3Aus-east-1%3A647755634525%3Aapp-instance%2F1007fa5f-d281-43e6-ac7d-758a23201cc0%2Fchannel%2Fb3982e42-db2e-4cff-aff8-4c3930e19c7a memberArn:  arn:aws:chime:us-east-1:647755634525:app-instance/1007fa5f-d281-43e6-ac7d-758a23201cc0/user/177b8685-ceec-43b2-8088-8f10fb833c63 type: DEFAULT chimeBearer:  arn:aws:chime:us-east-1:647755634525:app-instance/1007fa5f-d281-43e6-ac7d-758a23201cc0/user/177b8685-ceec-43b2-8088-8f10fb833c63
[add-channel-membership] 10:11:05 AM 2025-04-14T03:11:05.072Z	5c10587c-bb24-42ec-a563-692ee4190db6	INFO	Created Channel Membership Response:  {
  ChannelArn: 'arn:aws:chime:us-east-1:647755634525:app-instance/1007fa5f-d281-43e6-ac7d-758a23201cc0/channel/b3982e42-db2e-4cff-aff8-4c3930e19c7a',
  Member: {
    Arn: 'arn:aws:chime:us-east-1:647755634525:app-instance/1007fa5f-d281-43e6-ac7d-758a23201cc0/user/177b8685-ceec-43b2-8088-8f10fb833c63',
    Name: 'Guide'
  },
  SubChannelId: null
}
[add-channel-membership] 10:11:05 AM END RequestId: 5c10587c-bb24-42ec-a563-692ee4190db6
[add-channel-membership] 10:11:05 AM REPORT RequestId: 5c10587c-bb24-42ec-a563-692ee4190db6	Duration: 154.87 ms	Billed Duration: 155 ms	Memory Size: 512 MB	Max Memory Used: 316 MB
[start-meeting-transcription] 10:11:04 AM 2025-04-14T03:11:04.876Z	748a581c-2c78-4c84-a916-4b3ad8df27b0	INFO	Start MeetingTranscription with meetingId:  a666f1cf-6717-49cd-813f-29242f214804 languageCode:  ja-JP
[start-meeting-transcription] 10:11:04 AM START RequestId: 748a581c-2c78-4c84-a916-4b3ad8df27b0 Version: $LATEST
[start-meeting-transcription] 10:11:05 AM 2025-04-14T03:11:05.529Z	748a581c-2c78-4c84-a916-4b3ad8df27b0	INFO	Started Meeting Transcription Response:  {}
[start-meeting-transcription] 10:11:05 AM END RequestId: 748a581c-2c78-4c84-a916-4b3ad8df27b0
[start-meeting-transcription] 10:11:05 AM REPORT RequestId: 748a581c-2c78-4c84-a916-4b3ad8df27b0	Duration: 654.43 ms	Billed Duration: 655 ms	Memory Size: 512 MB	Max Memory Used: 316 MB
[update-meeting-by-tourid] 10:11:06 AM START RequestId: c623fe04-9eed-4df8-8c4d-765bd98f2305 Version: $LATEST
[update-meeting-by-tourid] 10:11:06 AM 2025-04-14T03:11:06.695Z	c623fe04-9eed-4df8-8c4d-765bd98f2305	INFO	Updating tour with tourId:  8ee26865-df26-43ad-a8fc-2346690db9f8 meetingId:  a666f1cf-6717-49cd-813f-29242f214804 channelId:  b3982e42-db2e-4cff-aff8-4c3930e19c7a
[update-meeting-by-tourid] 10:11:07 AM 2025-04-14T03:11:07.181Z	c623fe04-9eed-4df8-8c4d-765bd98f2305	INFO	Tour successfully updated:  {
  tourId: '8ee26865-df26-43ad-a8fc-2346690db9f8',
  ':meetingId': 'a666f1cf-6717-49cd-813f-29242f214804',
  ':channelId': 'b3982e42-db2e-4cff-aff8-4c3930e19c7a'
}
[update-meeting-by-tourid] 10:11:07 AM END RequestId: c623fe04-9eed-4df8-8c4d-765bd98f2305
[update-meeting-by-tourid] 10:11:07 AM REPORT RequestId: c623fe04-9eed-4df8-8c4d-765bd98f2305	Duration: 516.75 ms	Billed Duration: 517 ms	Memory Size: 512 MB	Max Memory Used: 316 MB
[get-tour] 10:15:44 AM INIT_START Runtime Version: nodejs:18.v63	Runtime Version ARN: arn:aws:lambda:us-east-1::runtime:ad007b64e69135315cba0d95ed797867707d928d1128edf4fa17a926a71f1718
[get-tour] 10:15:45 AM START RequestId: bd5aeca9-0d2f-474c-9d10-52b4f98b26ea Version: $LATEST
[get-tour] 10:15:45 AM 2025-04-14T03:15:45.754Z	bd5aeca9-0d2f-474c-9d10-52b4f98b26ea	INFO	Auth Header:  Bearer eyJhbGciOiJIUzI1NiIsInR5cCI6IkpXVCJ9.eyJ1c2VySWQiOiI2NGNiNDNjNy1mYzU0LTQwNGUtODJhZi02NmIyZGFkMzE1ZGUiLCJpYXQiOjE3NDQ2MDAwNTUsImV4cCI6MTc0NDYwMDk1NX0.uVqKkrQ0Yz6wYP-40GG26lN41r1iHNWZX2D5HV6PL2E
[get-tour] 10:15:46 AM 2025-04-14T03:15:46.320Z	bd5aeca9-0d2f-474c-9d10-52b4f98b26ea	INFO	Authenticated User: {
  password: '$2b$10$Fk8hSSFK9yWlmyCSdMBkfuaPNnfBiNoeOxzJxnhMOkDbsyMq9v0JO',
  active: 0,
  deleteFlag: 0,
  role: 0,
  userId: '64cb43c7-fc54-404e-82af-66b2dad315de',
  updatedAt: '2025-03-28T07:24:56.336Z',
  userName: 'admin',
  createdAt: '2025-03-28T07:24:56.336Z',
  updatedBy: 'admin',
  email: 'info-admin@gmail.com',
  createdBy: 'admin'
}
[get-tour] 10:15:46 AM 2025-04-14T03:15:46.334Z	bd5aeca9-0d2f-474c-9d10-52b4f98b26ea	INFO	Retrieving tour with tourId:  17761f15-d360-44fc-93d3-cc3ff6787dff
[get-tour] 10:15:46 AM 2025-04-14T03:15:46.831Z	bd5aeca9-0d2f-474c-9d10-52b4f98b26ea	INFO	Tour successfully retrieved:  {
  planningSalesOfficeName: '',
  tourNumber: 'Tour003',
  otherRemarks: 'allChat',
  updatedBy: '',
  createdBy: '64cb43c7-fc54-404e-82af-66b2dad315de',
  planningSalesOfficeTeamName: '',
  qrCodeDestination: '',
  meetingId: 'e66d2044-26a1-4223-be51-7d5d9fd74804',
  departureDate: '2025-04-10',
  contactPersonName: '',
  numberOfTransmitters: '',
  phoneNumberCustomer: '',
  numberOfDevices: '',
  acceptanceDate: '',
  createdAt: '2025-04-10T04:27:01.641Z',
  planningOfficeName: '',
  contactPersonEmail: '',
  emailCustomer: '',
  returnDate: '2025-04-18',
  deleteFlag: 0,
  channelId: '8917c679-dd5a-4ebd-90b9-2fdcf89a8971',
  chatRestriction: 'allChat',
  processingNumber: '0001',
  tourName: 'Tour001',
  updatedAt: '',
  tourId: '17761f15-d360-44fc-93d3-cc3ff6787dff'
}
[get-tour] 10:15:46 AM END RequestId: bd5aeca9-0d2f-474c-9d10-52b4f98b26ea
[get-tour] 10:15:46 AM REPORT RequestId: bd5aeca9-0d2f-474c-9d10-52b4f98b26ea	Duration: 1099.14 ms	Billed Duration: 1100 ms	Memory Size: 512 MB	Max Memory Used: 317 MB	Init Duration: 883.36 ms
[list-tour] 10:50:01 AM INIT_START Runtime Version: nodejs:18.v63	Runtime Version ARN: arn:aws:lambda:us-east-1::runtime:ad007b64e69135315cba0d95ed797867707d928d1128edf4fa17a926a71f1718
[list-tour] 10:50:02 AM START RequestId: 2b734f36-678d-4fe9-acca-e1ac48707122 Version: $LATEST
[list-tour] 10:50:02 AM 2025-04-14T03:50:02.905Z	2b734f36-678d-4fe9-acca-e1ac48707122	INFO	Retrieving list of tours
[list-tour] 10:50:04 AM END RequestId: 2b734f36-678d-4fe9-acca-e1ac48707122
[list-tour] 10:50:04 AM REPORT RequestId: 2b734f36-678d-4fe9-acca-e1ac48707122	Duration: 1579.05 ms	Billed Duration: 1580 ms	Memory Size: 512 MB	Max Memory Used: 320 MB	Init Duration: 936.52 ms
[login] 10:49:55 AM INIT_START Runtime Version: nodejs:18.v63	Runtime Version ARN: arn:aws:lambda:us-east-1::runtime:ad007b64e69135315cba0d95ed797867707d928d1128edf4fa17a926a71f1718
[login] 10:49:56 AM START RequestId: 13633e67-2337-4276-882a-57a96d8f5f9e Version: $LATEST
[login] 10:49:56 AM 2025-04-14T03:49:56.452Z	13633e67-2337-4276-882a-57a96d8f5f9e	INFO	Retrieving user with email:  info-admin@gmail.com
[login] 10:49:57 AM 2025-04-14T03:49:57.044Z	13633e67-2337-4276-882a-57a96d8f5f9e	INFO	User successfully retrieved:  {
  password: '$2b$10$Fk8hSSFK9yWlmyCSdMBkfuaPNnfBiNoeOxzJxnhMOkDbsyMq9v0JO',
  active: 0,
  deleteFlag: 0,
  role: 0,
  updatedAt: '2025-03-28T07:24:56.336Z',
  userId: '64cb43c7-fc54-404e-82af-66b2dad315de',
  userName: 'admin',
  createdAt: '2025-03-28T07:24:56.336Z',
  updatedBy: 'admin',
  email: 'info-admin@gmail.com',
  createdBy: 'admin'
}
[login] 10:49:57 AM END RequestId: 13633e67-2337-4276-882a-57a96d8f5f9e
[login] 10:49:57 AM REPORT RequestId: 13633e67-2337-4276-882a-57a96d8f5f9e	Duration: 1096.79 ms	Billed Duration: 1097 ms	Memory Size: 512 MB	Max Memory Used: 323 MB	Init Duration: 928.51 ms
[list-admin] 10:50:09 AM INIT_START Runtime Version: nodejs:18.v63	Runtime Version ARN: arn:aws:lambda:us-east-1::runtime:ad007b64e69135315cba0d95ed797867707d928d1128edf4fa17a926a71f1718
[list-admin] 10:50:10 AM START RequestId: f7b827da-b370-4622-bd8d-41fa47d75084 Version: $LATEST
[list-admin] 10:50:10 AM 2025-04-14T03:50:10.260Z	f7b827da-b370-4622-bd8d-41fa47d75084	INFO	Auth Header:  Bearer eyJhbGciOiJIUzI1NiIsInR5cCI6IkpXVCJ9.eyJ1c2VySWQiOiI2NGNiNDNjNy1mYzU0LTQwNGUtODJhZi02NmIyZGFkMzE1ZGUiLCJpYXQiOjE3NDQ2MDI1OTcsImV4cCI6MTc0NDYwMjg5N30.HVChFHuF-sYTDcX8j063j1HKHaw5JFrTc342GDkfszg
[list-admin] 10:50:10 AM 2025-04-14T03:50:10.842Z	f7b827da-b370-4622-bd8d-41fa47d75084	INFO	Authenticated User: {
  password: '$2b$10$Fk8hSSFK9yWlmyCSdMBkfuaPNnfBiNoeOxzJxnhMOkDbsyMq9v0JO',
  active: 0,
  deleteFlag: 0,
  role: 0,
  userId: '64cb43c7-fc54-404e-82af-66b2dad315de',
  updatedAt: '2025-03-28T07:24:56.336Z',
  userName: 'admin',
  createdAt: '2025-03-28T07:24:56.336Z',
  updatedBy: 'admin',
  email: 'info-admin@gmail.com',
  createdBy: 'admin'
}
[list-admin] 10:50:10 AM 2025-04-14T03:50:10.844Z	f7b827da-b370-4622-bd8d-41fa47d75084	INFO	Retrieving list of Users
[list-admin] 10:50:11 AM 2025-04-14T03:50:11.856Z	f7b827da-b370-4622-bd8d-41fa47d75084	INFO	Users successfully retrieved:  [
  {
    active: 0,
    password: '$2b$10$cNSs3ZIrIS8S3RGpYX43guXttgHdtzFHTCQklm9S20VuS1HFiqV1G',
    deleteFlag: 0,
    role: 0,
    updatedAt: '2025-04-11T08:22:20.127Z',
    userId: 'f1798c43-4970-4399-be72-3cdde891bc53',
    userName: 'test',
    createdAt: '2025-04-11T07:54:20.072Z',
    updatedBy: '64cb43c7-fc54-404e-82af-66b2dad315de',
    email: 'test@gmail.com',
    createdBy: '64cb43c7-fc54-404e-82af-66b2dad315de'
  },
  {
    password: '$2b$10$Fk8hSSFK9yWlmyCSdMBkfuaPNnfBiNoeOxzJxnhMOkDbsyMq9v0JO',
    active: 0,
    deleteFlag: 0,
    role: 0,
    userId: '64cb43c7-fc54-404e-82af-66b2dad315de',
    updatedAt: '2025-03-28T07:24:56.336Z',
    userName: 'admin',
    createdAt: '2025-03-28T07:24:56.336Z',
    updatedBy: 'admin',
    email: 'info-admin@gmail.com',
    createdBy: 'admin'
  },
  {
    active: 0,
    password: '$2b$10$2dsYpkVzS0oiGRMaWM/YDuN1PHDNNFDo.N2jv0uPfR5JRtPwMrcnK',
    deleteFlag: 0,
    role: 0,
    updatedAt: '2025-04-04T08:23:45.372Z',
    userId: 'd84c7df7-0be3-47a6-9e2c-4765b8b19fee',
    userName: 'minh333',
    createdAt: '2025-04-04T08:14:35.686Z',
    updatedBy: '64cb43c7-fc54-404e-82af-66b2dad315de',
    email: 'test@gmail.com',
    createdBy: '64cb43c7-fc54-404e-82af-66b2dad315de'
  },
  {
    password: '$2b$10$ZD9A.Sh40y3Jiz5R48482.XW8V7F53hagc0bUT4GrhEJyJfupw9VC',
    active: 0,
    deleteFlag: 0,
    role: 0,
    userId: 'e9635760-d6d9-4c58-8d23-4ceff2b093d3',
    updatedAt: '',
    userName: 'test',
    createdAt: '2025-04-11T06:55:27.522Z',
    updatedBy: '',
    email: 'info-admin@gmail.com',
    createdBy: '64cb43c7-fc54-404e-82af-66b2dad315de'
  },
  {
    password: '$2b$10$P0GoA4j7aICx2jwwEyALbug.tRRnRycPe/5WHmtlRo80kiojiq/g.',
    active: 0,
    deleteFlag: 0,
    role: 0,
    userId: 'd521bb43-15ca-4eb6-b0e8-a938734e29b8',
    updatedAt: '',
    userName: 'test',
    createdAt: '2025-04-04T02:56:06.742Z',
    updatedBy: '',
    email: 'test@gmail.com',
    createdBy: '64cb43c7-fc54-404e-82af-66b2dad315de'
  },
  {
    password: '$2b$10$5nLpdXoISMAdk3s7qYJa5.wCGmJGXod088F9BkyK2qN4Kl5sTkBWe',
    active: 0,
    deleteFlag: 0,
    role: 0,
    userId: 'de6d2237-ae55-4cdd-915c-da039ffeef4c',
    updatedAt: '',
    userName: 'test',
    createdAt: '2025-04-04T02:56:07.605Z',
    updatedBy: '',
    email: 'test@gmail.com',
    createdBy: '64cb43c7-fc54-404e-82af-66b2dad315de'
  },
  {
    active: 0,
    password: '$2b$10$frHsErU23As.Z3mFn2H0Xe7ZTfW.9dPCVe8f7mdGFNUA3QhZwJ5m2',
    deleteFlag: 0,
    role: 0,
    updatedAt: '2025-04-04T05:03:29.645Z',
    userId: 'acdea670-fb1e-44db-927f-7d893030e9a9',
    userName: 'jack3.5',
    createdAt: '2025-04-04T04:35:03.838Z',
    updatedBy: '64cb43c7-fc54-404e-82af-66b2dad315de',
    email: 'jack@gmail.com',
    createdBy: '64cb43c7-fc54-404e-82af-66b2dad315de'
  },
  {
    password: '$2b$10$HTbLfdQ1G3/z3ybwSCoiTuvTAszhRmUSj78Zhl9M7sGmH97J5cV16',
    active: 0,
    deleteFlag: 0,
    role: 0,
    userId: 'abe3b8ad-de7d-48a1-b32e-4ddfc32b64c9',
    updatedAt: '',
    userName: 'test20250411',
    createdAt: '2025-04-11T07:55:24.750Z',
    updatedBy: '',
    email: 'test20250411@gmail.com',
    createdBy: '64cb43c7-fc54-404e-82af-66b2dad315de'
  },
  {
    password: '$2b$10$PCUZvjs.qTUhDpEryTLyH.QjB7/kW6AGTRnpU.nkTLiN2cWRPD0tW',
    active: 0,
    deleteFlag: 0,
    role: 0,
    userId: 'b628db4c-eaf4-4341-880c-3645dbbb6c46',
    updatedAt: '',
    userName: 'test',
    createdAt: '2025-04-04T02:56:06.056Z',
    updatedBy: '',
    email: 'test@gmail.com',
    createdBy: '64cb43c7-fc54-404e-82af-66b2dad315de'
  },
  {
    active: 1,
    password: '$2b$10$juLOt2f2yiZ20gRI3.U4pOf.dkzD9q5py.6yRoH2TXXCpCgce6Ez6',
    deleteFlag: 0,
    role: 0,
    updatedAt: '2025-04-11T08:21:09.036Z',
    userId: '62ebfd27-91d3-422d-b80b-1f72143d0201',
    userName: 'test',
    createdAt: '2025-04-04T02:55:11.235Z',
    updatedBy: '64cb43c7-fc54-404e-82af-66b2dad315de',
    email: 'info-admin@gmail.com',
    createdBy: '64cb43c7-fc54-404e-82af-66b2dad315de'
  },
  {
    password: '$2b$10$GDTvQxnhMLyhn9JuUFL5.eYMXhQRAi.gTJPenIfrDm/Rb2gCPXse.',
    active: 0,
    deleteFlag: 0,
    role: 0,
    userId: '38db7063-9a50-44a1-859c-a7efccde8f57',
    updatedAt: '',
    userName: 'test6868',
    createdAt: '2025-04-11T06:51:19.409Z',
    updatedBy: '',
    email: 'test68@gmail.com',
    createdBy: '64cb43c7-fc54-404e-82af-66b2dad315de'
  },
  {
    password: '$2b$10$OaBVgKv7mypqlyXCfDWKNO/yEFavmsX9E/KvJKywYMXxN8RlSmxlO',
    active: 0,
    deleteFlag: 0,
    role: 0,
    userId: '21c18fa6-7450-4b68-bde6-79f7f9123f48',
    updatedAt: '',
    userName: 'test',
    createdAt: '2025-04-04T03:45:44.454Z',
    updatedBy: '',
    email: 'minh@gmail.com',
    createdBy: '64cb43c7-fc54-404e-82af-66b2dad315de'
  },
  {
    password: '$2b$10$inUYbVz0oIm5X8wQbf5PVuV7J7VE9BnqE/cWKhoLB4Dv1/mq.aGJm',
    active: 0,
    deleteFlag: 0,
    role: 0,
    userId: '558997f2-2e3c-4260-9c25-a587ead98804',
    updatedAt: '',
    userName: 'test',
    createdAt: '2025-04-04T03:46:58.573Z',
    updatedBy: '',
    email: 'minh@gmail.com',
    createdBy: '64cb43c7-fc54-404e-82af-66b2dad315de'
  },
  {
    password: '$2b$10$fIw9F1BFBdz4vvr3DKvn7.3xWUDj8G5fT4SV9nm8saR/K4u7Btmmy',
    active: 0,
    deleteFlag: 0,
    role: 0,
    userId: '9ba7f151-5905-43af-af11-64f69fab361d',
    updatedAt: '',
    userName: 'test',
    createdAt: '2025-04-04T03:44:39.358Z',
    updatedBy: '',
    email: 'info-admin@gmail.com',
    createdBy: '64cb43c7-fc54-404e-82af-66b2dad315de'
  },
  {
    password: '$2b$10$FZ6HZcA.VIi3eackxxeQy.GQvVETVOdMfH3NEdlvWAk6.JyjC/aZq',
    active: 0,
    deleteFlag: 0,
    role: 0,
    userId: '3aed1a5a-27e5-4363-96b8-f561e75c88bc',
    updatedAt: '',
    userName: 'test11',
    createdAt: '2025-04-04T02:57:32.917Z',
    updatedBy: '',
    email: 'hoatm@i-stech.net',
    createdBy: '64cb43c7-fc54-404e-82af-66b2dad315de'
  },
  {
    password: '$2b$10$fhlEigQXtWutTHaxCjlk..imrjlWdaQ5h8pVNWFi3spB4OW9F56fa',
    active: 0,
    deleteFlag: 0,
    role: 0,
    userId: 'cc838e49-56e5-4774-b72d-ae2c35c6d47d',
    updatedAt: '',
    userName: 'test',
    createdAt: '2025-04-04T02:56:07.794Z',
    updatedBy: '',
    email: 'test@gmail.com',
    createdBy: '64cb43c7-fc54-404e-82af-66b2dad315de'
  },
  {
    password: '$2b$10$Iy16eo5/YmMzCIHO9Of6qesrvoeUFfVc.288Nm/Iy3GpM8gdUif.m',
    active: 0,
    deleteFlag: 0,
    role: 0,
    userId: '0b81121e-991d-4a91-8fee-bc049f30bf78',
    updatedAt: '',
    userName: 'test999',
    createdAt: '2025-04-11T06:56:05.067Z',
    updatedBy: '',
    email: 'test@gmail.com',
    createdBy: '64cb43c7-fc54-404e-82af-66b2dad315de'
  },
  {
    password: '$2b$10$Sgj9EldqVSmHnr71Xv4YOu.g6/H4jqDRu.4XqRY9vUo.bU9suILBO',
    active: 0,
    deleteFlag: 0,
    role: 0,
    userId: '4138b5cb-2f4f-47f8-9995-32ff968b29cc',
    updatedAt: '',
    userName: 'test',
    createdAt: '2025-04-04T02:56:27.771Z',
    updatedBy: '',
    email: 'hoa@gmail.com',
    createdBy: '64cb43c7-fc54-404e-82af-66b2dad315de'
  },
  {
    password: '$2b$10$EicHzMQq73wxgT1Kc98dJegzfbqQRp2HCq70XuyP/I/ctmS4RVtbq',
    active: 0,
    deleteFlag: 0,
    role: 0,
    userId: 'cbd61566-82f9-4fb7-b337-9c739237e343',
    updatedAt: '',
    userName: 'test',
    createdAt: '2025-04-04T02:56:07.847Z',
    updatedBy: '',
    email: 'test@gmail.com',
    createdBy: '64cb43c7-fc54-404e-82af-66b2dad315de'
  },
  {
    password: '$2b$10$SsyOazBU39ujEAiwWnD/Hu02y3wi2M4OGl5PkHSPl4iJ/UKiazm12',
    active: 0,
    deleteFlag: 0,
    role: 0,
    userId: 'c77c4c1c-4864-4d2a-ba13-144c400e8749',
    updatedAt: '',
    userName: 'test',
    createdAt: '2025-04-04T02:55:10.411Z',
    updatedBy: '',
    email: 'info-admin@gmail.com',
    createdBy: '64cb43c7-fc54-404e-82af-66b2dad315de'
  },
  {
    password: '$2b$10$YXu1UVjmMk7twh0CMK38Iel.lvxh00zueubxDlBdpBX4Elkln.zTW',
    active: 0,
    deleteFlag: 0,
    role: 0,
    userId: 'b729f846-2890-4c16-9109-6b1cf18c728c',
    updatedAt: '',
    userName: 'key',
    createdAt: '2025-04-03T07:56:02.610Z',
    updatedBy: '',
    email: 'key@gmail.com',
    createdBy: '64cb43c7-fc54-404e-82af-66b2dad315de'
  },
  {
    password: '$2b$10$.YhjtYorZSiVU9nKb52zI.0In6d2c2ZMBydukF7KAmFuX7Qte3rpy',
    active: 0,
    deleteFlag: 0,
    role: 0,
    userId: '60ddbf26-6649-4950-8220-91fec5c71340',
    updatedAt: '',
    userName: 'test11',
    createdAt: '2025-04-04T02:57:35.234Z',
    updatedBy: '',
    email: 'hoatm@i-stech.net',
    createdBy: '64cb43c7-fc54-404e-82af-66b2dad315de'
  },
  {
    password: '$2b$10$lYCmo5XmlN3MW0KwwMdOJecIA6o3Mg.yRF3RhfK2HxeouQJRyCf72',
    active: 0,
    deleteFlag: 0,
    role: 0,
    userId: 'a75789ad-14d6-410d-9c7e-636eb2dd630c',
    updatedAt: '',
    userName: 'test',
    createdAt: '2025-04-04T03:44:41.238Z',
    updatedBy: '',
    email: 'info-admin@gmail.com',
    createdBy: '64cb43c7-fc54-404e-82af-66b2dad315de'
  },
  {
    password: '$2b$10$fOfFHII1b9KZtd/zTMVzJeHGLITLkTN6ku87BUausMn1n/tLrT0na',
    active: 0,
    deleteFlag: 0,
    role: 0,
    userId: 'ed9ac1c4-0a9a-486b-a007-b0a239cf9227',
    updatedAt: '',
    userName: 'truong11',
    createdAt: '2025-04-03T07:52:53.151Z',
    updatedBy: '',
    email: 'truong11@gmail.com',
    createdBy: '64cb43c7-fc54-404e-82af-66b2dad315de'
  },
  {
    password: '$2b$10$1IgNiude8EUA4CrpypnvjOYczt.S.llSTr8YztkN/1hR6BfkPxjCi',
    active: 0,
    deleteFlag: 0,
    role: 0,
    userId: '6ddc00fc-5e1c-4586-8528-f5684f01b013',
    updatedAt: '',
    userName: 'test',
    createdAt: '2025-04-04T02:56:05.376Z',
    updatedBy: '',
    email: 'test@gmail.com',
    createdBy: '64cb43c7-fc54-404e-82af-66b2dad315de'
  },
  {
    password: '$2b$10$aNGjWvUapiqa4UHjmRRWbOYp/qY1fjqJgvmxSUfAxMbFpdHyDXnoe',
    active: 0,
    deleteFlag: 0,
    role: 0,
    userId: '84127560-feed-41b2-9302-83850090fe67',
    updatedAt: '',
    userName: 'test11',
    createdAt: '2025-04-04T02:57:44.431Z',
    updatedBy: '',
    email: 'hoatm@i-stech.net',
    createdBy: '64cb43c7-fc54-404e-82af-66b2dad315de'
  },
  {
    password: '$2b$10$h5.JPG/XB20Bb.12ioAicelWJ7qJPhspTxsX8KdjmAWpfVJCKqvNe',
    active: 0,
    deleteFlag: 0,
    role: 0,
    userId: '834f9f30-3bb8-4a38-8d6b-7f7cd071b14b',
    updatedAt: '',
    userName: 'test',
    createdAt: '2025-04-04T02:56:06.636Z',
    updatedBy: '',
    email: 'test@gmail.com',
    createdBy: '64cb43c7-fc54-404e-82af-66b2dad315de'
  },
  {
    password: '$2b$10$OapB1/sHs4F7KUao8dsjK.pecuWgHPhc4Vaqmjmw6oC8F58LIKOS6',
    active: 0,
    deleteFlag: 0,
    role: 0,
    userId: '952e985a-2aff-4bc0-8e6a-1ba2890ebbc9',
    updatedAt: '',
    userName: 'test',
    createdAt: '2025-04-04T02:56:27.432Z',
    updatedBy: '',
    email: 'hoa@gmail.com',
    createdBy: '64cb43c7-fc54-404e-82af-66b2dad315de'
  },
  {
    password: '$2b$10$jZFwjNxRpgnxooM6gKqINu9iIxGEtG13J8iZFgoi3DmrVSF.uySsa',
    active: 0,
    deleteFlag: 0,
    role: 0,
    userId: '0ef89c3c-168d-42c8-a5d5-5c793a739871',
    updatedAt: '',
    userName: 'test',
    createdAt: '2025-04-04T02:56:04.573Z',
    updatedBy: '',
    email: 'test@gmail.com',
    createdBy: '64cb43c7-fc54-404e-82af-66b2dad315de'
  },
  {
    password: '$2b$10$WcZQivjgmPQ336P8LSS4meS5WcleU/MhbvOfsUaKPmvR9xjs5LSGG',
    active: 0,
    deleteFlag: 0,
    role: 0,
    userId: '5184b3bb-845b-4371-9d0e-ad8a6c8a44fe',
    updatedAt: '',
    userName: 'test11',
    createdAt: '2025-04-04T02:57:36.101Z',
    updatedBy: '',
    email: 'hoatm@i-stech.net',
    createdBy: '64cb43c7-fc54-404e-82af-66b2dad315de'
  }
]
[list-admin] 10:50:11 AM END RequestId: f7b827da-b370-4622-bd8d-41fa47d75084
[list-admin] 10:50:11 AM REPORT RequestId: f7b827da-b370-4622-bd8d-41fa47d75084	Duration: 1632.25 ms	Billed Duration: 1633 ms	Memory Size: 512 MB	Max Memory Used: 322 MB	Init Duration: 919.68 ms
[check-auth] 10:49:43 AM INIT_START Runtime Version: nodejs:18.v63	Runtime Version ARN: arn:aws:lambda:us-east-1::runtime:ad007b64e69135315cba0d95ed797867707d928d1128edf4fa17a926a71f1718
[check-auth] 10:49:44 AM START RequestId: bbda628b-a2cd-44f1-95ab-fba3912019cf Version: $LATEST
[check-auth] 10:49:44 AM 2025-04-14T03:49:44.619Z	bbda628b-a2cd-44f1-95ab-fba3912019cf	INFO	Token (cleaned):  eyJhbGciOiJIUzI1NiIsInR5cCI6IkpXVCJ9.eyJ1c2VySWQiOiI2NGNiNDNjNy1mYzU0LTQwNGUtODJhZi02NmIyZGFkMzE1ZGUiLCJpYXQiOjE3NDQ2MDAwNTUsImV4cCI6MTc0NDYwMDk1NX0.uVqKkrQ0Yz6wYP-40GG26lN41r1iHNWZX2D5HV6PL2E
[check-auth] 10:49:44 AM 2025-04-14T03:49:44.620Z	bbda628b-a2cd-44f1-95ab-fba3912019cf	INFO	Verifying token... a5e3696b23ce9b6e96af822f26b757d52c64b9a8e29351b9fee039dfb2d35600
[check-auth] 10:49:44 AM END RequestId: bbda628b-a2cd-44f1-95ab-fba3912019cf
[check-auth] 10:49:44 AM REPORT RequestId: bbda628b-a2cd-44f1-95ab-fba3912019cf	Duration: 41.04 ms	Billed Duration: 42 ms	Memory Size: 512 MB	Max Memory Used: 316 MB	Init Duration: 940.63 ms
[check-auth] 10:49:47 AM START RequestId: 991afdd0-c70d-4fbe-ad98-6c34df1db835 Version: $LATEST
[check-auth] 10:49:47 AM 2025-04-14T03:49:47.543Z	991afdd0-c70d-4fbe-ad98-6c34df1db835	INFO	Token (cleaned):  eyJhbGciOiJIUzI1NiIsInR5cCI6IkpXVCJ9.eyJ1c2VySWQiOiI2NGNiNDNjNy1mYzU0LTQwNGUtODJhZi02NmIyZGFkMzE1ZGUiLCJpYXQiOjE3NDQ2MDAwNTUsImV4cCI6MTc0NDYwMDk1NX0.uVqKkrQ0Yz6wYP-40GG26lN41r1iHNWZX2D5HV6PL2E
[check-auth] 10:49:47 AM 2025-04-14T03:49:47.543Z	991afdd0-c70d-4fbe-ad98-6c34df1db835	INFO	Verifying token... a5e3696b23ce9b6e96af822f26b757d52c64b9a8e29351b9fee039dfb2d35600
[check-auth] 10:49:47 AM END RequestId: 991afdd0-c70d-4fbe-ad98-6c34df1db835
[check-auth] 10:49:47 AM REPORT RequestId: 991afdd0-c70d-4fbe-ad98-6c34df1db835	Duration: 3.55 ms	Billed Duration: 4 ms	Memory Size: 512 MB	Max Memory Used: 316 MB
[check-auth] 10:49:59 AM START RequestId: 0857cd54-2211-412f-916d-67b849bacecc Version: $LATEST
[check-auth] 10:49:59 AM 2025-04-14T03:49:59.258Z	0857cd54-2211-412f-916d-67b849bacecc	INFO	Token (cleaned):  eyJhbGciOiJIUzI1NiIsInR5cCI6IkpXVCJ9.eyJ1c2VySWQiOiI2NGNiNDNjNy1mYzU0LTQwNGUtODJhZi02NmIyZGFkMzE1ZGUiLCJpYXQiOjE3NDQ2MDI1OTcsImV4cCI6MTc0NDYwMjg5N30.HVChFHuF-sYTDcX8j063j1HKHaw5JFrTc342GDkfszg
[check-auth] 10:49:59 AM 2025-04-14T03:49:59.258Z	0857cd54-2211-412f-916d-67b849bacecc	INFO	Verifying token... a5e3696b23ce9b6e96af822f26b757d52c64b9a8e29351b9fee039dfb2d35600
[check-auth] 10:49:59 AM 2025-04-14T03:49:59.278Z	0857cd54-2211-412f-916d-67b849bacecc	INFO	userId:  64cb43c7-fc54-404e-82af-66b2dad315de
[check-auth] 10:50:00 AM 2025-04-14T03:50:00.017Z	0857cd54-2211-412f-916d-67b849bacecc	INFO	DynamoDB result:  {
  Items: [
    {
      password: '$2b$10$Fk8hSSFK9yWlmyCSdMBkfuaPNnfBiNoeOxzJxnhMOkDbsyMq9v0JO',
      active: 0,
      deleteFlag: 0,
      role: 0,
      userId: '64cb43c7-fc54-404e-82af-66b2dad315de',
      updatedAt: '2025-03-28T07:24:56.336Z',
      userName: 'admin',
      createdAt: '2025-03-28T07:24:56.336Z',
      updatedBy: 'admin',
      email: 'info-admin@gmail.com',
      createdBy: 'admin'
    }
  ],
  Count: 1,
  ScannedCount: 1
}
[check-auth] 10:50:00 AM END RequestId: 0857cd54-2211-412f-916d-67b849bacecc
[check-auth] 10:50:00 AM REPORT RequestId: 0857cd54-2211-412f-916d-67b849bacecc	Duration: 814.46 ms	Billed Duration: 815 ms	Memory Size: 512 MB	Max Memory Used: 316 MB
[get-tour-by-name-and-date] 10:45:54 AM INIT_START Runtime Version: nodejs:18.v63	Runtime Version ARN: arn:aws:lambda:us-east-1::runtime:ad007b64e69135315cba0d95ed797867707d928d1128edf4fa17a926a71f1718
[get-tour-by-name-and-date] 10:45:55 AM START RequestId: 637db75c-39d8-4f29-950b-331dcacef93f Version: $LATEST
[get-tour-by-name-and-date] 10:45:55 AM 2025-04-14T03:45:55.220Z	637db75c-39d8-4f29-950b-331dcacef93f	INFO	Auth Header:
[get-tour-by-name-and-date] 10:45:55 AM 2025-04-14T03:45:55.221Z	637db75c-39d8-4f29-950b-331dcacef93f	ERROR	Failed to retrieve tour:  {
  error: Error: Missing token
      at v$ (file:///var/task/index.mjs:37:51683)
      at Runtime.amt [as handler] (file:///var/task/index.mjs:37:52494)
      at Runtime.handleOnceNonStreaming (file:///var/runtime/index.mjs:1173:29),
  event: {
    resource: '/tours/find',
    path: '/tours/find',
    httpMethod: 'POST',
    headers: null,
    multiValueHeaders: null,
    queryStringParameters: null,
    multiValueQueryStringParameters: null,
    pathParameters: null,
    stageVariables: null,
    requestContext: {
      resourceId: '0pbp3v',
      resourcePath: '/tours/find',
      httpMethod: 'POST',
      extendedRequestId: 'I_m12HSKIAMFaKg=',
      requestTime: '14/Apr/2025:03:45:53 +0000',
      path: '/tours/find',
      accountId: '647755634525',
      protocol: 'HTTP/1.1',
      stage: 'test-invoke-stage',
      domainPrefix: 'testPrefix',
      requestTimeEpoch: 1744602353902,
      requestId: 'e05cd2df-853a-47f1-b213-3c2a8a654594',
      identity: [Object],
      domainName: 'testPrefix.testDomainName',
      apiId: 'zfs1gdum83'
    },
    body: '{\r\n    "tourName": "Tour999",\r\n    "departureDate": "2025-04-10"\r\n}',
    isBase64Encoded: false
  }
}
[get-tour-by-name-and-date] 10:45:55 AM END RequestId: 637db75c-39d8-4f29-950b-331dcacef93f
[get-tour-by-name-and-date] 10:45:55 AM REPORT RequestId: 637db75c-39d8-4f29-950b-331dcacef93f	Duration: 48.91 ms	Billed Duration: 49 ms	Memory Size: 512 MB	Max Memory Used: 317 MB	Init Duration: 947.24 ms
[get-tour-by-name-and-date] 10:50:08 AM INIT_START Runtime Version: nodejs:18.v63	Runtime Version ARN: arn:aws:lambda:us-east-1::runtime:ad007b64e69135315cba0d95ed797867707d928d1128edf4fa17a926a71f1718
[get-tour-by-name-and-date] 10:50:09 AM START RequestId: 60943485-335b-4dde-8f8b-217a8f3667ce Version: $LATEST
[get-tour-by-name-and-date] 10:50:09 AM 2025-04-14T03:50:09.724Z	60943485-335b-4dde-8f8b-217a8f3667ce	INFO	Retrieving tour with tourName and departureDate:  { tourName: 'Tour999', departureDate: '2025-04-10' }
[get-tour-by-name-and-date] 10:50:10 AM 2025-04-14T03:50:10.316Z	60943485-335b-4dde-8f8b-217a8f3667ce	ERROR	Failed to retrieve tour:  {
  error: AccessDeniedException: User: arn:aws:sts::647755634525:assumed-role/amplify-myapp-THANHTD-san-gettourbynameanddatelambd-hUAtoaNwA8lK/amplify-myapp-THANHTD-san-gettourbynameanddatelamb-eGoKtccoIyvT is not authorized to perform: dynamodb:Query on resource: arn:aws:dynamodb:ap-northeast-1:647755634525:table/Tours/index/tourName-departureDate-index because no identity-based policy allows the dynamodb:Query action
      at constructor.kJ (file:///var/task/index.mjs:2:5259)
      at constructor.callListeners (file:///var/task/index.mjs:2:48795)
      at constructor.emit (file:///var/task/index.mjs:2:48503)
      at constructor.emitEvent (file:///var/task/index.mjs:3:28427)
      at constructor.t (file:///var/task/index.mjs:3:23986)
      at Rc.runTo (file:///var/task/index.mjs:3:1217)
      at file:///var/task/index.mjs:3:1429
      at constructor.<anonymous> (file:///var/task/index.mjs:3:24200)
      at constructor.<anonymous> (file:///var/task/index.mjs:3:28482)
      at constructor.callListeners (file:///var/task/index.mjs:2:48900) {
    code: 'AccessDeniedException',
    '[__type]': 'See error.__type for details.',
    '[Message]': 'See error.Message for details.',
    time: 2025-04-14T03:50:10.314Z,
    requestId: 'SNL9POG04O5H7P55KN206ONKG7VV4KQNSO5AEMVJF66Q9ASUAAJG',
    statusCode: 400,
    retryable: false,
    retryDelay: 14.026587735617934
  },
  event: {
    resource: '/tours/find',
    path: '/tours/find',
    httpMethod: 'POST',
    headers: null,
    multiValueHeaders: null,
    queryStringParameters: null,
    multiValueQueryStringParameters: null,
    pathParameters: null,
    stageVariables: null,
    requestContext: {
      resourceId: '0pbp3v',
      resourcePath: '/tours/find',
      httpMethod: 'POST',
      extendedRequestId: 'I_ndpHR3oAMFRNg=',
      requestTime: '14/Apr/2025:03:50:08 +0000',
      path: '/tours/find',
      accountId: '647755634525',
      protocol: 'HTTP/1.1',
      stage: 'test-invoke-stage',
      domainPrefix: 'testPrefix',
      requestTimeEpoch: 1744602608547,
      requestId: '3f3338c5-a18c-47d9-9a42-687c9fb4b52c',
      identity: [Object],
      domainName: 'testPrefix.testDomainName',
      apiId: 'zfs1gdum83'
    },
    body: '{\r\n    "tourName": "Tour999",\r\n    "departureDate": "2025-04-10"\r\n}',
    isBase64Encoded: false
  }
}
[get-tour-by-name-and-date] 10:50:10 AM END RequestId: 60943485-335b-4dde-8f8b-217a8f3667ce
[get-tour-by-name-and-date] 10:50:10 AM REPORT RequestId: 60943485-335b-4dde-8f8b-217a8f3667ce	Duration: 609.76 ms	Billed Duration: 610 ms	Memory Size: 512 MB	Max Memory Used: 316 MB	Init Duration: 923.93 ms
[list-admin] 10:51:18 AM START RequestId: 2a223498-770b-4412-8211-6d12d3b8cc44 Version: $LATEST
[list-admin] 10:51:18 AM 2025-04-14T03:51:18.958Z	2a223498-770b-4412-8211-6d12d3b8cc44	INFO	Auth Header:  Bearer eyJhbGciOiJIUzI1NiIsInR5cCI6IkpXVCJ9.eyJ1c2VySWQiOiI2NGNiNDNjNy1mYzU0LTQwNGUtODJhZi02NmIyZGFkMzE1ZGUiLCJpYXQiOjE3NDQ2MDI1OTcsImV4cCI6MTc0NDYwMjg5N30.HVChFHuF-sYTDcX8j063j1HKHaw5JFrTc342GDkfszg
[list-admin] 10:51:19 AM 2025-04-14T03:51:19.459Z	2a223498-770b-4412-8211-6d12d3b8cc44	INFO	Authenticated User: {
  password: '$2b$10$Fk8hSSFK9yWlmyCSdMBkfuaPNnfBiNoeOxzJxnhMOkDbsyMq9v0JO',
  active: 0,
  deleteFlag: 0,
  role: 0,
  userId: '64cb43c7-fc54-404e-82af-66b2dad315de',
  updatedAt: '2025-03-28T07:24:56.336Z',
  userName: 'admin',
  createdAt: '2025-03-28T07:24:56.336Z',
  updatedBy: 'admin',
  email: 'info-admin@gmail.com',
  createdBy: 'admin'
}
[list-admin] 10:51:19 AM 2025-04-14T03:51:19.459Z	2a223498-770b-4412-8211-6d12d3b8cc44	INFO	Retrieving list of Users
[list-admin] 10:51:20 AM 2025-04-14T03:51:20.436Z	2a223498-770b-4412-8211-6d12d3b8cc44	INFO	Users successfully retrieved:  [
  {
    active: 0,
    password: '$2b$10$cNSs3ZIrIS8S3RGpYX43guXttgHdtzFHTCQklm9S20VuS1HFiqV1G',
    deleteFlag: 0,
    role: 0,
    updatedAt: '2025-04-11T08:22:20.127Z',
    userId: 'f1798c43-4970-4399-be72-3cdde891bc53',
    userName: 'test',
    createdAt: '2025-04-11T07:54:20.072Z',
    updatedBy: '64cb43c7-fc54-404e-82af-66b2dad315de',
    email: 'test@gmail.com',
    createdBy: '64cb43c7-fc54-404e-82af-66b2dad315de'
  },
  {
    password: '$2b$10$Fk8hSSFK9yWlmyCSdMBkfuaPNnfBiNoeOxzJxnhMOkDbsyMq9v0JO',
    active: 0,
    deleteFlag: 0,
    role: 0,
    userId: '64cb43c7-fc54-404e-82af-66b2dad315de',
    updatedAt: '2025-03-28T07:24:56.336Z',
    userName: 'admin',
    createdAt: '2025-03-28T07:24:56.336Z',
    updatedBy: 'admin',
    email: 'info-admin@gmail.com',
    createdBy: 'admin'
  },
  {
    active: 0,
    password: '$2b$10$2dsYpkVzS0oiGRMaWM/YDuN1PHDNNFDo.N2jv0uPfR5JRtPwMrcnK',
    deleteFlag: 0,
    role: 0,
    updatedAt: '2025-04-04T08:23:45.372Z',
    userId: 'd84c7df7-0be3-47a6-9e2c-4765b8b19fee',
    userName: 'minh333',
    createdAt: '2025-04-04T08:14:35.686Z',
    updatedBy: '64cb43c7-fc54-404e-82af-66b2dad315de',
    email: 'test@gmail.com',
    createdBy: '64cb43c7-fc54-404e-82af-66b2dad315de'
  },
  {
    password: '$2b$10$ZD9A.Sh40y3Jiz5R48482.XW8V7F53hagc0bUT4GrhEJyJfupw9VC',
    active: 0,
    deleteFlag: 0,
    role: 0,
    userId: 'e9635760-d6d9-4c58-8d23-4ceff2b093d3',
    updatedAt: '',
    userName: 'test',
    createdAt: '2025-04-11T06:55:27.522Z',
    updatedBy: '',
    email: 'info-admin@gmail.com',
    createdBy: '64cb43c7-fc54-404e-82af-66b2dad315de'
  },
  {
    password: '$2b$10$P0GoA4j7aICx2jwwEyALbug.tRRnRycPe/5WHmtlRo80kiojiq/g.',
    active: 0,
    deleteFlag: 0,
    role: 0,
    userId: 'd521bb43-15ca-4eb6-b0e8-a938734e29b8',
    updatedAt: '',
    userName: 'test',
    createdAt: '2025-04-04T02:56:06.742Z',
    updatedBy: '',
    email: 'test@gmail.com',
    createdBy: '64cb43c7-fc54-404e-82af-66b2dad315de'
  },
  {
    password: '$2b$10$5nLpdXoISMAdk3s7qYJa5.wCGmJGXod088F9BkyK2qN4Kl5sTkBWe',
    active: 0,
    deleteFlag: 0,
    role: 0,
    userId: 'de6d2237-ae55-4cdd-915c-da039ffeef4c',
    updatedAt: '',
    userName: 'test',
    createdAt: '2025-04-04T02:56:07.605Z',
    updatedBy: '',
    email: 'test@gmail.com',
    createdBy: '64cb43c7-fc54-404e-82af-66b2dad315de'
  },
  {
    active: 0,
    password: '$2b$10$frHsErU23As.Z3mFn2H0Xe7ZTfW.9dPCVe8f7mdGFNUA3QhZwJ5m2',
    deleteFlag: 0,
    role: 0,
    updatedAt: '2025-04-04T05:03:29.645Z',
    userId: 'acdea670-fb1e-44db-927f-7d893030e9a9',
    userName: 'jack3.5',
    createdAt: '2025-04-04T04:35:03.838Z',
    updatedBy: '64cb43c7-fc54-404e-82af-66b2dad315de',
    email: 'jack@gmail.com',
    createdBy: '64cb43c7-fc54-404e-82af-66b2dad315de'
  },
  {
    password: '$2b$10$HTbLfdQ1G3/z3ybwSCoiTuvTAszhRmUSj78Zhl9M7sGmH97J5cV16',
    active: 0,
    deleteFlag: 0,
    role: 0,
    userId: 'abe3b8ad-de7d-48a1-b32e-4ddfc32b64c9',
    updatedAt: '',
    userName: 'test20250411',
    createdAt: '2025-04-11T07:55:24.750Z',
    updatedBy: '',
    email: 'test20250411@gmail.com',
    createdBy: '64cb43c7-fc54-404e-82af-66b2dad315de'
  },
  {
    password: '$2b$10$PCUZvjs.qTUhDpEryTLyH.QjB7/kW6AGTRnpU.nkTLiN2cWRPD0tW',
    active: 0,
    deleteFlag: 0,
    role: 0,
    userId: 'b628db4c-eaf4-4341-880c-3645dbbb6c46',
    updatedAt: '',
    userName: 'test',
    createdAt: '2025-04-04T02:56:06.056Z',
    updatedBy: '',
    email: 'test@gmail.com',
    createdBy: '64cb43c7-fc54-404e-82af-66b2dad315de'
  },
  {
    active: 1,
    password: '$2b$10$juLOt2f2yiZ20gRI3.U4pOf.dkzD9q5py.6yRoH2TXXCpCgce6Ez6',
    deleteFlag: 0,
    role: 0,
    updatedAt: '2025-04-11T08:21:09.036Z',
    userId: '62ebfd27-91d3-422d-b80b-1f72143d0201',
    userName: 'test',
    createdAt: '2025-04-04T02:55:11.235Z',
    updatedBy: '64cb43c7-fc54-404e-82af-66b2dad315de',
    email: 'info-admin@gmail.com',
    createdBy: '64cb43c7-fc54-404e-82af-66b2dad315de'
  },
  {
    password: '$2b$10$GDTvQxnhMLyhn9JuUFL5.eYMXhQRAi.gTJPenIfrDm/Rb2gCPXse.',
    active: 0,
    deleteFlag: 0,
    role: 0,
    userId: '38db7063-9a50-44a1-859c-a7efccde8f57',
    updatedAt: '',
    userName: 'test6868',
    createdAt: '2025-04-11T06:51:19.409Z',
    updatedBy: '',
    email: 'test68@gmail.com',
    createdBy: '64cb43c7-fc54-404e-82af-66b2dad315de'
  },
  {
    password: '$2b$10$OaBVgKv7mypqlyXCfDWKNO/yEFavmsX9E/KvJKywYMXxN8RlSmxlO',
    active: 0,
    deleteFlag: 0,
    role: 0,
    userId: '21c18fa6-7450-4b68-bde6-79f7f9123f48',
    updatedAt: '',
    userName: 'test',
    createdAt: '2025-04-04T03:45:44.454Z',
    updatedBy: '',
    email: 'minh@gmail.com',
    createdBy: '64cb43c7-fc54-404e-82af-66b2dad315de'
  },
  {
    password: '$2b$10$inUYbVz0oIm5X8wQbf5PVuV7J7VE9BnqE/cWKhoLB4Dv1/mq.aGJm',
    active: 0,
    deleteFlag: 0,
    role: 0,
    userId: '558997f2-2e3c-4260-9c25-a587ead98804',
    updatedAt: '',
    userName: 'test',
    createdAt: '2025-04-04T03:46:58.573Z',
    updatedBy: '',
    email: 'minh@gmail.com',
    createdBy: '64cb43c7-fc54-404e-82af-66b2dad315de'
  },
  {
    password: '$2b$10$fIw9F1BFBdz4vvr3DKvn7.3xWUDj8G5fT4SV9nm8saR/K4u7Btmmy',
    active: 0,
    deleteFlag: 0,
    role: 0,
    userId: '9ba7f151-5905-43af-af11-64f69fab361d',
    updatedAt: '',
    userName: 'test',
    createdAt: '2025-04-04T03:44:39.358Z',
    updatedBy: '',
    email: 'info-admin@gmail.com',
    createdBy: '64cb43c7-fc54-404e-82af-66b2dad315de'
  },
  {
    password: '$2b$10$FZ6HZcA.VIi3eackxxeQy.GQvVETVOdMfH3NEdlvWAk6.JyjC/aZq',
    active: 0,
    deleteFlag: 0,
    role: 0,
    userId: '3aed1a5a-27e5-4363-96b8-f561e75c88bc',
    updatedAt: '',
    userName: 'test11',
    createdAt: '2025-04-04T02:57:32.917Z',
    updatedBy: '',
    email: 'hoatm@i-stech.net',
    createdBy: '64cb43c7-fc54-404e-82af-66b2dad315de'
  },
  {
    password: '$2b$10$fhlEigQXtWutTHaxCjlk..imrjlWdaQ5h8pVNWFi3spB4OW9F56fa',
    active: 0,
    deleteFlag: 0,
    role: 0,
    userId: 'cc838e49-56e5-4774-b72d-ae2c35c6d47d',
    updatedAt: '',
    userName: 'test',
    createdAt: '2025-04-04T02:56:07.794Z',
    updatedBy: '',
    email: 'test@gmail.com',
    createdBy: '64cb43c7-fc54-404e-82af-66b2dad315de'
  },
  {
    password: '$2b$10$Iy16eo5/YmMzCIHO9Of6qesrvoeUFfVc.288Nm/Iy3GpM8gdUif.m',
    active: 0,
    deleteFlag: 0,
    role: 0,
    userId: '0b81121e-991d-4a91-8fee-bc049f30bf78',
    updatedAt: '',
    userName: 'test999',
    createdAt: '2025-04-11T06:56:05.067Z',
    updatedBy: '',
    email: 'test@gmail.com',
    createdBy: '64cb43c7-fc54-404e-82af-66b2dad315de'
  },
  {
    password: '$2b$10$Sgj9EldqVSmHnr71Xv4YOu.g6/H4jqDRu.4XqRY9vUo.bU9suILBO',
    active: 0,
    deleteFlag: 0,
    role: 0,
    userId: '4138b5cb-2f4f-47f8-9995-32ff968b29cc',
    updatedAt: '',
    userName: 'test',
    createdAt: '2025-04-04T02:56:27.771Z',
    updatedBy: '',
    email: 'hoa@gmail.com',
    createdBy: '64cb43c7-fc54-404e-82af-66b2dad315de'
  },
  {
    password: '$2b$10$EicHzMQq73wxgT1Kc98dJegzfbqQRp2HCq70XuyP/I/ctmS4RVtbq',
    active: 0,
    deleteFlag: 0,
    role: 0,
    userId: 'cbd61566-82f9-4fb7-b337-9c739237e343',
    updatedAt: '',
    userName: 'test',
    createdAt: '2025-04-04T02:56:07.847Z',
    updatedBy: '',
    email: 'test@gmail.com',
    createdBy: '64cb43c7-fc54-404e-82af-66b2dad315de'
  },
  {
    password: '$2b$10$SsyOazBU39ujEAiwWnD/Hu02y3wi2M4OGl5PkHSPl4iJ/UKiazm12',
    active: 0,
    deleteFlag: 0,
    role: 0,
    userId: 'c77c4c1c-4864-4d2a-ba13-144c400e8749',
    updatedAt: '',
    userName: 'test',
    createdAt: '2025-04-04T02:55:10.411Z',
    updatedBy: '',
    email: 'info-admin@gmail.com',
    createdBy: '64cb43c7-fc54-404e-82af-66b2dad315de'
  },
  {
    password: '$2b$10$YXu1UVjmMk7twh0CMK38Iel.lvxh00zueubxDlBdpBX4Elkln.zTW',
    active: 0,
    deleteFlag: 0,
    role: 0,
    userId: 'b729f846-2890-4c16-9109-6b1cf18c728c',
    updatedAt: '',
    userName: 'key',
    createdAt: '2025-04-03T07:56:02.610Z',
    updatedBy: '',
    email: 'key@gmail.com',
    createdBy: '64cb43c7-fc54-404e-82af-66b2dad315de'
  },
  {
    password: '$2b$10$.YhjtYorZSiVU9nKb52zI.0In6d2c2ZMBydukF7KAmFuX7Qte3rpy',
    active: 0,
    deleteFlag: 0,
    role: 0,
    userId: '60ddbf26-6649-4950-8220-91fec5c71340',
    updatedAt: '',
    userName: 'test11',
    createdAt: '2025-04-04T02:57:35.234Z',
    updatedBy: '',
    email: 'hoatm@i-stech.net',
    createdBy: '64cb43c7-fc54-404e-82af-66b2dad315de'
  },
  {
    password: '$2b$10$lYCmo5XmlN3MW0KwwMdOJecIA6o3Mg.yRF3RhfK2HxeouQJRyCf72',
    active: 0,
    deleteFlag: 0,
    role: 0,
    userId: 'a75789ad-14d6-410d-9c7e-636eb2dd630c',
    updatedAt: '',
    userName: 'test',
    createdAt: '2025-04-04T03:44:41.238Z',
    updatedBy: '',
    email: 'info-admin@gmail.com',
    createdBy: '64cb43c7-fc54-404e-82af-66b2dad315de'
  },
  {
    password: '$2b$10$fOfFHII1b9KZtd/zTMVzJeHGLITLkTN6ku87BUausMn1n/tLrT0na',
    active: 0,
    deleteFlag: 0,
    role: 0,
    userId: 'ed9ac1c4-0a9a-486b-a007-b0a239cf9227',
    updatedAt: '',
    userName: 'truong11',
    createdAt: '2025-04-03T07:52:53.151Z',
    updatedBy: '',
    email: 'truong11@gmail.com',
    createdBy: '64cb43c7-fc54-404e-82af-66b2dad315de'
  },
  {
    password: '$2b$10$1IgNiude8EUA4CrpypnvjOYczt.S.llSTr8YztkN/1hR6BfkPxjCi',
    active: 0,
    deleteFlag: 0,
    role: 0,
    userId: '6ddc00fc-5e1c-4586-8528-f5684f01b013',
    updatedAt: '',
    userName: 'test',
    createdAt: '2025-04-04T02:56:05.376Z',
    updatedBy: '',
    email: 'test@gmail.com',
    createdBy: '64cb43c7-fc54-404e-82af-66b2dad315de'
  },
  {
    password: '$2b$10$aNGjWvUapiqa4UHjmRRWbOYp/qY1fjqJgvmxSUfAxMbFpdHyDXnoe',
    active: 0,
    deleteFlag: 0,
    role: 0,
    userId: '84127560-feed-41b2-9302-83850090fe67',
    updatedAt: '',
    userName: 'test11',
    createdAt: '2025-04-04T02:57:44.431Z',
    updatedBy: '',
    email: 'hoatm@i-stech.net',
    createdBy: '64cb43c7-fc54-404e-82af-66b2dad315de'
  },
  {
    password: '$2b$10$h5.JPG/XB20Bb.12ioAicelWJ7qJPhspTxsX8KdjmAWpfVJCKqvNe',
    active: 0,
    deleteFlag: 0,
    role: 0,
    userId: '834f9f30-3bb8-4a38-8d6b-7f7cd071b14b',
    updatedAt: '',
    userName: 'test',
    createdAt: '2025-04-04T02:56:06.636Z',
    updatedBy: '',
    email: 'test@gmail.com',
    createdBy: '64cb43c7-fc54-404e-82af-66b2dad315de'
  },
  {
    password: '$2b$10$OapB1/sHs4F7KUao8dsjK.pecuWgHPhc4Vaqmjmw6oC8F58LIKOS6',
    active: 0,
    deleteFlag: 0,
    role: 0,
    userId: '952e985a-2aff-4bc0-8e6a-1ba2890ebbc9',
    updatedAt: '',
    userName: 'test',
    createdAt: '2025-04-04T02:56:27.432Z',
    updatedBy: '',
    email: 'hoa@gmail.com',
    createdBy: '64cb43c7-fc54-404e-82af-66b2dad315de'
  },
  {
    password: '$2b$10$jZFwjNxRpgnxooM6gKqINu9iIxGEtG13J8iZFgoi3DmrVSF.uySsa',
    active: 0,
    deleteFlag: 0,
    role: 0,
    userId: '0ef89c3c-168d-42c8-a5d5-5c793a739871',
    updatedAt: '',
    userName: 'test',
    createdAt: '2025-04-04T02:56:04.573Z',
    updatedBy: '',
    email: 'test@gmail.com',
    createdBy: '64cb43c7-fc54-404e-82af-66b2dad315de'
  },
  {
    password: '$2b$10$WcZQivjgmPQ336P8LSS4meS5WcleU/MhbvOfsUaKPmvR9xjs5LSGG',
    active: 0,
    deleteFlag: 0,
    role: 0,
    userId: '5184b3bb-845b-4371-9d0e-ad8a6c8a44fe',
    updatedAt: '',
    userName: 'test11',
    createdAt: '2025-04-04T02:57:36.101Z',
    updatedBy: '',
    email: 'hoatm@i-stech.net',
    createdBy: '64cb43c7-fc54-404e-82af-66b2dad315de'
  }
]
[list-admin] 10:51:20 AM END RequestId: 2a223498-770b-4412-8211-6d12d3b8cc44
[list-admin] 10:51:20 AM REPORT RequestId: 2a223498-770b-4412-8211-6d12d3b8cc44	Duration: 1535.20 ms	Billed Duration: 1536 ms	Memory Size: 512 MB	Max Memory Used: 323 MB
[check-auth] 10:51:28 AM START RequestId: b30326f8-cbb2-4390-afd8-1bdae8ba3e4e Version: $LATEST
[check-auth] 10:51:28 AM 2025-04-14T03:51:28.239Z	b30326f8-cbb2-4390-afd8-1bdae8ba3e4e	INFO	Token (cleaned):  eyJhbGciOiJIUzI1NiIsInR5cCI6IkpXVCJ9.eyJ1c2VySWQiOiI2NGNiNDNjNy1mYzU0LTQwNGUtODJhZi02NmIyZGFkMzE1ZGUiLCJpYXQiOjE3NDQ2MDI1OTcsImV4cCI6MTc0NDYwMjg5N30.HVChFHuF-sYTDcX8j063j1HKHaw5JFrTc342GDkfszg
[check-auth] 10:51:28 AM 2025-04-14T03:51:28.257Z	b30326f8-cbb2-4390-afd8-1bdae8ba3e4e	INFO	Verifying token... a5e3696b23ce9b6e96af822f26b757d52c64b9a8e29351b9fee039dfb2d35600
[check-auth] 10:51:28 AM 2025-04-14T03:51:28.258Z	b30326f8-cbb2-4390-afd8-1bdae8ba3e4e	INFO	userId:  64cb43c7-fc54-404e-82af-66b2dad315de
[check-auth] 10:51:28 AM 2025-04-14T03:51:28.753Z	b30326f8-cbb2-4390-afd8-1bdae8ba3e4e	INFO	DynamoDB result:  {
  Items: [
    {
      password: '$2b$10$Fk8hSSFK9yWlmyCSdMBkfuaPNnfBiNoeOxzJxnhMOkDbsyMq9v0JO',
      active: 0,
      deleteFlag: 0,
      role: 0,
      userId: '64cb43c7-fc54-404e-82af-66b2dad315de',
      updatedAt: '2025-03-28T07:24:56.336Z',
      userName: 'admin',
      createdAt: '2025-03-28T07:24:56.336Z',
      updatedBy: 'admin',
      email: 'info-admin@gmail.com',
      createdBy: 'admin'
    }
  ],
  Count: 1,
  ScannedCount: 1
}
[check-auth] 10:51:28 AM END RequestId: b30326f8-cbb2-4390-afd8-1bdae8ba3e4e
[check-auth] 10:51:28 AM REPORT RequestId: b30326f8-cbb2-4390-afd8-1bdae8ba3e4e	Duration: 547.35 ms	Billed Duration: 548 ms	Memory Size: 512 MB	Max Memory Used: 316 MB
[list-admin] 10:51:30 AM START RequestId: 5c59c04f-672d-4846-aa67-8de4b30ea6fb Version: $LATEST
[list-admin] 10:51:30 AM 2025-04-14T03:51:30.865Z	5c59c04f-672d-4846-aa67-8de4b30ea6fb	INFO	Auth Header:  Bearer eyJhbGciOiJIUzI1NiIsInR5cCI6IkpXVCJ9.eyJ1c2VySWQiOiI2NGNiNDNjNy1mYzU0LTQwNGUtODJhZi02NmIyZGFkMzE1ZGUiLCJpYXQiOjE3NDQ2MDI1OTcsImV4cCI6MTc0NDYwMjg5N30.HVChFHuF-sYTDcX8j063j1HKHaw5JFrTc342GDkfszg
[list-admin] 10:51:31 AM 2025-04-14T03:51:31.345Z	5c59c04f-672d-4846-aa67-8de4b30ea6fb	INFO	Authenticated User: {
  password: '$2b$10$Fk8hSSFK9yWlmyCSdMBkfuaPNnfBiNoeOxzJxnhMOkDbsyMq9v0JO',
  active: 0,
  deleteFlag: 0,
  role: 0,
  userId: '64cb43c7-fc54-404e-82af-66b2dad315de',
  updatedAt: '2025-03-28T07:24:56.336Z',
  userName: 'admin',
  createdAt: '2025-03-28T07:24:56.336Z',
  updatedBy: 'admin',
  email: 'info-admin@gmail.com',
  createdBy: 'admin'
}
[list-admin] 10:51:31 AM 2025-04-14T03:51:31.345Z	5c59c04f-672d-4846-aa67-8de4b30ea6fb	INFO	Retrieving list of Users
[list-admin] 10:51:32 AM 2025-04-14T03:51:32.309Z	5c59c04f-672d-4846-aa67-8de4b30ea6fb	INFO	Users successfully retrieved:  [
  {
    active: 0,
    password: '$2b$10$cNSs3ZIrIS8S3RGpYX43guXttgHdtzFHTCQklm9S20VuS1HFiqV1G',
    deleteFlag: 0,
    role: 0,
    updatedAt: '2025-04-11T08:22:20.127Z',
    userId: 'f1798c43-4970-4399-be72-3cdde891bc53',
    userName: 'test',
    createdAt: '2025-04-11T07:54:20.072Z',
    updatedBy: '64cb43c7-fc54-404e-82af-66b2dad315de',
    email: 'test@gmail.com',
    createdBy: '64cb43c7-fc54-404e-82af-66b2dad315de'
  },
  {
    password: '$2b$10$Fk8hSSFK9yWlmyCSdMBkfuaPNnfBiNoeOxzJxnhMOkDbsyMq9v0JO',
    active: 0,
    deleteFlag: 0,
    role: 0,
    userId: '64cb43c7-fc54-404e-82af-66b2dad315de',
    updatedAt: '2025-03-28T07:24:56.336Z',
    userName: 'admin',
    createdAt: '2025-03-28T07:24:56.336Z',
    updatedBy: 'admin',
    email: 'info-admin@gmail.com',
    createdBy: 'admin'
  },
  {
    active: 0,
    password: '$2b$10$2dsYpkVzS0oiGRMaWM/YDuN1PHDNNFDo.N2jv0uPfR5JRtPwMrcnK',
    deleteFlag: 0,
    role: 0,
    updatedAt: '2025-04-04T08:23:45.372Z',
    userId: 'd84c7df7-0be3-47a6-9e2c-4765b8b19fee',
    userName: 'minh333',
    createdAt: '2025-04-04T08:14:35.686Z',
    updatedBy: '64cb43c7-fc54-404e-82af-66b2dad315de',
    email: 'test@gmail.com',
    createdBy: '64cb43c7-fc54-404e-82af-66b2dad315de'
  },
  {
    password: '$2b$10$ZD9A.Sh40y3Jiz5R48482.XW8V7F53hagc0bUT4GrhEJyJfupw9VC',
    active: 0,
    deleteFlag: 0,
    role: 0,
    userId: 'e9635760-d6d9-4c58-8d23-4ceff2b093d3',
    updatedAt: '',
    userName: 'test',
    createdAt: '2025-04-11T06:55:27.522Z',
    updatedBy: '',
    email: 'info-admin@gmail.com',
    createdBy: '64cb43c7-fc54-404e-82af-66b2dad315de'
  },
  {
    password: '$2b$10$P0GoA4j7aICx2jwwEyALbug.tRRnRycPe/5WHmtlRo80kiojiq/g.',
    active: 0,
    deleteFlag: 0,
    role: 0,
    userId: 'd521bb43-15ca-4eb6-b0e8-a938734e29b8',
    updatedAt: '',
    userName: 'test',
    createdAt: '2025-04-04T02:56:06.742Z',
    updatedBy: '',
    email: 'test@gmail.com',
    createdBy: '64cb43c7-fc54-404e-82af-66b2dad315de'
  },
  {
    password: '$2b$10$5nLpdXoISMAdk3s7qYJa5.wCGmJGXod088F9BkyK2qN4Kl5sTkBWe',
    active: 0,
    deleteFlag: 0,
    role: 0,
    userId: 'de6d2237-ae55-4cdd-915c-da039ffeef4c',
    updatedAt: '',
    userName: 'test',
    createdAt: '2025-04-04T02:56:07.605Z',
    updatedBy: '',
    email: 'test@gmail.com',
    createdBy: '64cb43c7-fc54-404e-82af-66b2dad315de'
  },
  {
    active: 0,
    password: '$2b$10$frHsErU23As.Z3mFn2H0Xe7ZTfW.9dPCVe8f7mdGFNUA3QhZwJ5m2',
    deleteFlag: 0,
    role: 0,
    updatedAt: '2025-04-04T05:03:29.645Z',
    userId: 'acdea670-fb1e-44db-927f-7d893030e9a9',
    userName: 'jack3.5',
    createdAt: '2025-04-04T04:35:03.838Z',
    updatedBy: '64cb43c7-fc54-404e-82af-66b2dad315de',
    email: 'jack@gmail.com',
    createdBy: '64cb43c7-fc54-404e-82af-66b2dad315de'
  },
  {
    password: '$2b$10$HTbLfdQ1G3/z3ybwSCoiTuvTAszhRmUSj78Zhl9M7sGmH97J5cV16',
    active: 0,
    deleteFlag: 0,
    role: 0,
    userId: 'abe3b8ad-de7d-48a1-b32e-4ddfc32b64c9',
    updatedAt: '',
    userName: 'test20250411',
    createdAt: '2025-04-11T07:55:24.750Z',
    updatedBy: '',
    email: 'test20250411@gmail.com',
    createdBy: '64cb43c7-fc54-404e-82af-66b2dad315de'
  },
  {
    password: '$2b$10$PCUZvjs.qTUhDpEryTLyH.QjB7/kW6AGTRnpU.nkTLiN2cWRPD0tW',
    active: 0,
    deleteFlag: 0,
    role: 0,
    userId: 'b628db4c-eaf4-4341-880c-3645dbbb6c46',
    updatedAt: '',
    userName: 'test',
    createdAt: '2025-04-04T02:56:06.056Z',
    updatedBy: '',
    email: 'test@gmail.com',
    createdBy: '64cb43c7-fc54-404e-82af-66b2dad315de'
  },
  {
    active: 1,
    password: '$2b$10$juLOt2f2yiZ20gRI3.U4pOf.dkzD9q5py.6yRoH2TXXCpCgce6Ez6',
    deleteFlag: 0,
    role: 0,
    updatedAt: '2025-04-11T08:21:09.036Z',
    userId: '62ebfd27-91d3-422d-b80b-1f72143d0201',
    userName: 'test',
    createdAt: '2025-04-04T02:55:11.235Z',
    updatedBy: '64cb43c7-fc54-404e-82af-66b2dad315de',
    email: 'info-admin@gmail.com',
    createdBy: '64cb43c7-fc54-404e-82af-66b2dad315de'
  },
  {
    password: '$2b$10$GDTvQxnhMLyhn9JuUFL5.eYMXhQRAi.gTJPenIfrDm/Rb2gCPXse.',
    active: 0,
    deleteFlag: 0,
    role: 0,
    userId: '38db7063-9a50-44a1-859c-a7efccde8f57',
    updatedAt: '',
    userName: 'test6868',
    createdAt: '2025-04-11T06:51:19.409Z',
    updatedBy: '',
    email: 'test68@gmail.com',
    createdBy: '64cb43c7-fc54-404e-82af-66b2dad315de'
  },
  {
    password: '$2b$10$OaBVgKv7mypqlyXCfDWKNO/yEFavmsX9E/KvJKywYMXxN8RlSmxlO',
    active: 0,
    deleteFlag: 0,
    role: 0,
    userId: '21c18fa6-7450-4b68-bde6-79f7f9123f48',
    updatedAt: '',
    userName: 'test',
    createdAt: '2025-04-04T03:45:44.454Z',
    updatedBy: '',
    email: 'minh@gmail.com',
    createdBy: '64cb43c7-fc54-404e-82af-66b2dad315de'
  },
  {
    password: '$2b$10$inUYbVz0oIm5X8wQbf5PVuV7J7VE9BnqE/cWKhoLB4Dv1/mq.aGJm',
    active: 0,
    deleteFlag: 0,
    role: 0,
    userId: '558997f2-2e3c-4260-9c25-a587ead98804',
    updatedAt: '',
    userName: 'test',
    createdAt: '2025-04-04T03:46:58.573Z',
    updatedBy: '',
    email: 'minh@gmail.com',
    createdBy: '64cb43c7-fc54-404e-82af-66b2dad315de'
  },
  {
    password: '$2b$10$fIw9F1BFBdz4vvr3DKvn7.3xWUDj8G5fT4SV9nm8saR/K4u7Btmmy',
    active: 0,
    deleteFlag: 0,
    role: 0,
    userId: '9ba7f151-5905-43af-af11-64f69fab361d',
    updatedAt: '',
    userName: 'test',
    createdAt: '2025-04-04T03:44:39.358Z',
    updatedBy: '',
    email: 'info-admin@gmail.com',
    createdBy: '64cb43c7-fc54-404e-82af-66b2dad315de'
  },
  {
    password: '$2b$10$FZ6HZcA.VIi3eackxxeQy.GQvVETVOdMfH3NEdlvWAk6.JyjC/aZq',
    active: 0,
    deleteFlag: 0,
    role: 0,
    userId: '3aed1a5a-27e5-4363-96b8-f561e75c88bc',
    updatedAt: '',
    userName: 'test11',
    createdAt: '2025-04-04T02:57:32.917Z',
    updatedBy: '',
    email: 'hoatm@i-stech.net',
    createdBy: '64cb43c7-fc54-404e-82af-66b2dad315de'
  },
  {
    password: '$2b$10$fhlEigQXtWutTHaxCjlk..imrjlWdaQ5h8pVNWFi3spB4OW9F56fa',
    active: 0,
    deleteFlag: 0,
    role: 0,
    userId: 'cc838e49-56e5-4774-b72d-ae2c35c6d47d',
    updatedAt: '',
    userName: 'test',
    createdAt: '2025-04-04T02:56:07.794Z',
    updatedBy: '',
    email: 'test@gmail.com',
    createdBy: '64cb43c7-fc54-404e-82af-66b2dad315de'
  },
  {
    password: '$2b$10$Iy16eo5/YmMzCIHO9Of6qesrvoeUFfVc.288Nm/Iy3GpM8gdUif.m',
    active: 0,
    deleteFlag: 0,
    role: 0,
    userId: '0b81121e-991d-4a91-8fee-bc049f30bf78',
    updatedAt: '',
    userName: 'test999',
    createdAt: '2025-04-11T06:56:05.067Z',
    updatedBy: '',
    email: 'test@gmail.com',
    createdBy: '64cb43c7-fc54-404e-82af-66b2dad315de'
  },
  {
    password: '$2b$10$Sgj9EldqVSmHnr71Xv4YOu.g6/H4jqDRu.4XqRY9vUo.bU9suILBO',
    active: 0,
    deleteFlag: 0,
    role: 0,
    userId: '4138b5cb-2f4f-47f8-9995-32ff968b29cc',
    updatedAt: '',
    userName: 'test',
    createdAt: '2025-04-04T02:56:27.771Z',
    updatedBy: '',
    email: 'hoa@gmail.com',
    createdBy: '64cb43c7-fc54-404e-82af-66b2dad315de'
  },
  {
    password: '$2b$10$EicHzMQq73wxgT1Kc98dJegzfbqQRp2HCq70XuyP/I/ctmS4RVtbq',
    active: 0,
    deleteFlag: 0,
    role: 0,
    userId: 'cbd61566-82f9-4fb7-b337-9c739237e343',
    updatedAt: '',
    userName: 'test',
    createdAt: '2025-04-04T02:56:07.847Z',
    updatedBy: '',
    email: 'test@gmail.com',
    createdBy: '64cb43c7-fc54-404e-82af-66b2dad315de'
  },
  {
    password: '$2b$10$SsyOazBU39ujEAiwWnD/Hu02y3wi2M4OGl5PkHSPl4iJ/UKiazm12',
    active: 0,
    deleteFlag: 0,
    role: 0,
    userId: 'c77c4c1c-4864-4d2a-ba13-144c400e8749',
    updatedAt: '',
    userName: 'test',
    createdAt: '2025-04-04T02:55:10.411Z',
    updatedBy: '',
    email: 'info-admin@gmail.com',
    createdBy: '64cb43c7-fc54-404e-82af-66b2dad315de'
  },
  {
    password: '$2b$10$YXu1UVjmMk7twh0CMK38Iel.lvxh00zueubxDlBdpBX4Elkln.zTW',
    active: 0,
    deleteFlag: 0,
    role: 0,
    userId: 'b729f846-2890-4c16-9109-6b1cf18c728c',
    updatedAt: '',
    userName: 'key',
    createdAt: '2025-04-03T07:56:02.610Z',
    updatedBy: '',
    email: 'key@gmail.com',
    createdBy: '64cb43c7-fc54-404e-82af-66b2dad315de'
  },
  {
    password: '$2b$10$.YhjtYorZSiVU9nKb52zI.0In6d2c2ZMBydukF7KAmFuX7Qte3rpy',
    active: 0,
    deleteFlag: 0,
    role: 0,
    userId: '60ddbf26-6649-4950-8220-91fec5c71340',
    updatedAt: '',
    userName: 'test11',
    createdAt: '2025-04-04T02:57:35.234Z',
    updatedBy: '',
    email: 'hoatm@i-stech.net',
    createdBy: '64cb43c7-fc54-404e-82af-66b2dad315de'
  },
  {
    password: '$2b$10$lYCmo5XmlN3MW0KwwMdOJecIA6o3Mg.yRF3RhfK2HxeouQJRyCf72',
    active: 0,
    deleteFlag: 0,
    role: 0,
    userId: 'a75789ad-14d6-410d-9c7e-636eb2dd630c',
    updatedAt: '',
    userName: 'test',
    createdAt: '2025-04-04T03:44:41.238Z',
    updatedBy: '',
    email: 'info-admin@gmail.com',
    createdBy: '64cb43c7-fc54-404e-82af-66b2dad315de'
  },
  {
    password: '$2b$10$fOfFHII1b9KZtd/zTMVzJeHGLITLkTN6ku87BUausMn1n/tLrT0na',
    active: 0,
    deleteFlag: 0,
    role: 0,
    userId: 'ed9ac1c4-0a9a-486b-a007-b0a239cf9227',
    updatedAt: '',
    userName: 'truong11',
    createdAt: '2025-04-03T07:52:53.151Z',
    updatedBy: '',
    email: 'truong11@gmail.com',
    createdBy: '64cb43c7-fc54-404e-82af-66b2dad315de'
  },
  {
    password: '$2b$10$1IgNiude8EUA4CrpypnvjOYczt.S.llSTr8YztkN/1hR6BfkPxjCi',
    active: 0,
    deleteFlag: 0,
    role: 0,
    userId: '6ddc00fc-5e1c-4586-8528-f5684f01b013',
    updatedAt: '',
    userName: 'test',
    createdAt: '2025-04-04T02:56:05.376Z',
    updatedBy: '',
    email: 'test@gmail.com',
    createdBy: '64cb43c7-fc54-404e-82af-66b2dad315de'
  },
  {
    password: '$2b$10$aNGjWvUapiqa4UHjmRRWbOYp/qY1fjqJgvmxSUfAxMbFpdHyDXnoe',
    active: 0,
    deleteFlag: 0,
    role: 0,
    userId: '84127560-feed-41b2-9302-83850090fe67',
    updatedAt: '',
    userName: 'test11',
    createdAt: '2025-04-04T02:57:44.431Z',
    updatedBy: '',
    email: 'hoatm@i-stech.net',
    createdBy: '64cb43c7-fc54-404e-82af-66b2dad315de'
  },
  {
    password: '$2b$10$h5.JPG/XB20Bb.12ioAicelWJ7qJPhspTxsX8KdjmAWpfVJCKqvNe',
    active: 0,
    deleteFlag: 0,
    role: 0,
    userId: '834f9f30-3bb8-4a38-8d6b-7f7cd071b14b',
    updatedAt: '',
    userName: 'test',
    createdAt: '2025-04-04T02:56:06.636Z',
    updatedBy: '',
    email: 'test@gmail.com',
    createdBy: '64cb43c7-fc54-404e-82af-66b2dad315de'
  },
  {
    password: '$2b$10$OapB1/sHs4F7KUao8dsjK.pecuWgHPhc4Vaqmjmw6oC8F58LIKOS6',
    active: 0,
    deleteFlag: 0,
    role: 0,
    userId: '952e985a-2aff-4bc0-8e6a-1ba2890ebbc9',
    updatedAt: '',
    userName: 'test',
    createdAt: '2025-04-04T02:56:27.432Z',
    updatedBy: '',
    email: 'hoa@gmail.com',
    createdBy: '64cb43c7-fc54-404e-82af-66b2dad315de'
  },
  {
    password: '$2b$10$jZFwjNxRpgnxooM6gKqINu9iIxGEtG13J8iZFgoi3DmrVSF.uySsa',
    active: 0,
    deleteFlag: 0,
    role: 0,
    userId: '0ef89c3c-168d-42c8-a5d5-5c793a739871',
    updatedAt: '',
    userName: 'test',
    createdAt: '2025-04-04T02:56:04.573Z',
    updatedBy: '',
    email: 'test@gmail.com',
    createdBy: '64cb43c7-fc54-404e-82af-66b2dad315de'
  },
  {
    password: '$2b$10$WcZQivjgmPQ336P8LSS4meS5WcleU/MhbvOfsUaKPmvR9xjs5LSGG',
    active: 0,
    deleteFlag: 0,
    role: 0,
    userId: '5184b3bb-845b-4371-9d0e-ad8a6c8a44fe',
    updatedAt: '',
    userName: 'test11',
    createdAt: '2025-04-04T02:57:36.101Z',
    updatedBy: '',
    email: 'hoatm@i-stech.net',
    createdBy: '64cb43c7-fc54-404e-82af-66b2dad315de'
  }
]
[list-admin] 10:51:32 AM END RequestId: 5c59c04f-672d-4846-aa67-8de4b30ea6fb
[list-admin] 10:51:32 AM REPORT RequestId: 5c59c04f-672d-4846-aa67-8de4b30ea6fb	Duration: 1447.49 ms	Billed Duration: 1448 ms	Memory Size: 512 MB	Max Memory Used: 323 MB
[list-admin] 10:52:58 AM START RequestId: 21ed2e50-1885-401c-883d-8ab182f2eaf7 Version: $LATEST
[list-admin] 10:52:58 AM 2025-04-14T03:52:58.141Z	21ed2e50-1885-401c-883d-8ab182f2eaf7	INFO	Auth Header:  Bearer eyJhbGciOiJIUzI1NiIsInR5cCI6IkpXVCJ9.eyJ1c2VySWQiOiI2NGNiNDNjNy1mYzU0LTQwNGUtODJhZi02NmIyZGFkMzE1ZGUiLCJpYXQiOjE3NDQ2MDI1OTcsImV4cCI6MTc0NDYwMjg5N30.HVChFHuF-sYTDcX8j063j1HKHaw5JFrTc342GDkfszg
[list-admin] 10:52:58 AM 2025-04-14T03:52:58.619Z	21ed2e50-1885-401c-883d-8ab182f2eaf7	INFO	Authenticated User: {
  password: '$2b$10$Fk8hSSFK9yWlmyCSdMBkfuaPNnfBiNoeOxzJxnhMOkDbsyMq9v0JO',
  active: 0,
  deleteFlag: 0,
  role: 0,
  userId: '64cb43c7-fc54-404e-82af-66b2dad315de',
  updatedAt: '2025-03-28T07:24:56.336Z',
  userName: 'admin',
  createdAt: '2025-03-28T07:24:56.336Z',
  updatedBy: 'admin',
  email: 'info-admin@gmail.com',
  createdBy: 'admin'
}
[list-admin] 10:52:58 AM 2025-04-14T03:52:58.619Z	21ed2e50-1885-401c-883d-8ab182f2eaf7	INFO	Retrieving list of Users
[list-admin] 10:52:59 AM 2025-04-14T03:52:59.561Z	21ed2e50-1885-401c-883d-8ab182f2eaf7	INFO	Users successfully retrieved:  [
  {
    active: 0,
    password: '$2b$10$cNSs3ZIrIS8S3RGpYX43guXttgHdtzFHTCQklm9S20VuS1HFiqV1G',
    deleteFlag: 0,
    role: 0,
    updatedAt: '2025-04-11T08:22:20.127Z',
    userId: 'f1798c43-4970-4399-be72-3cdde891bc53',
    userName: 'test',
    createdAt: '2025-04-11T07:54:20.072Z',
    updatedBy: '64cb43c7-fc54-404e-82af-66b2dad315de',
    email: 'test@gmail.com',
    createdBy: '64cb43c7-fc54-404e-82af-66b2dad315de'
  },
  {
    password: '$2b$10$Fk8hSSFK9yWlmyCSdMBkfuaPNnfBiNoeOxzJxnhMOkDbsyMq9v0JO',
    active: 0,
    deleteFlag: 0,
    role: 0,
    userId: '64cb43c7-fc54-404e-82af-66b2dad315de',
    updatedAt: '2025-03-28T07:24:56.336Z',
    userName: 'admin',
    createdAt: '2025-03-28T07:24:56.336Z',
    updatedBy: 'admin',
    email: 'info-admin@gmail.com',
    createdBy: 'admin'
  },
  {
    active: 0,
    password: '$2b$10$2dsYpkVzS0oiGRMaWM/YDuN1PHDNNFDo.N2jv0uPfR5JRtPwMrcnK',
    deleteFlag: 0,
    role: 0,
    updatedAt: '2025-04-04T08:23:45.372Z',
    userId: 'd84c7df7-0be3-47a6-9e2c-4765b8b19fee',
    userName: 'minh333',
    createdAt: '2025-04-04T08:14:35.686Z',
    updatedBy: '64cb43c7-fc54-404e-82af-66b2dad315de',
    email: 'test@gmail.com',
    createdBy: '64cb43c7-fc54-404e-82af-66b2dad315de'
  },
  {
    password: '$2b$10$ZD9A.Sh40y3Jiz5R48482.XW8V7F53hagc0bUT4GrhEJyJfupw9VC',
    active: 0,
    deleteFlag: 0,
    role: 0,
    userId: 'e9635760-d6d9-4c58-8d23-4ceff2b093d3',
    updatedAt: '',
    userName: 'test',
    createdAt: '2025-04-11T06:55:27.522Z',
    updatedBy: '',
    email: 'info-admin@gmail.com',
    createdBy: '64cb43c7-fc54-404e-82af-66b2dad315de'
  },
  {
    password: '$2b$10$P0GoA4j7aICx2jwwEyALbug.tRRnRycPe/5WHmtlRo80kiojiq/g.',
    active: 0,
    deleteFlag: 0,
    role: 0,
    userId: 'd521bb43-15ca-4eb6-b0e8-a938734e29b8',
    updatedAt: '',
    userName: 'test',
    createdAt: '2025-04-04T02:56:06.742Z',
    updatedBy: '',
    email: 'test@gmail.com',
    createdBy: '64cb43c7-fc54-404e-82af-66b2dad315de'
  },
  {
    password: '$2b$10$5nLpdXoISMAdk3s7qYJa5.wCGmJGXod088F9BkyK2qN4Kl5sTkBWe',
    active: 0,
    deleteFlag: 0,
    role: 0,
    userId: 'de6d2237-ae55-4cdd-915c-da039ffeef4c',
    updatedAt: '',
    userName: 'test',
    createdAt: '2025-04-04T02:56:07.605Z',
    updatedBy: '',
    email: 'test@gmail.com',
    createdBy: '64cb43c7-fc54-404e-82af-66b2dad315de'
  },
  {
    active: 0,
    password: '$2b$10$frHsErU23As.Z3mFn2H0Xe7ZTfW.9dPCVe8f7mdGFNUA3QhZwJ5m2',
    deleteFlag: 0,
    role: 0,
    updatedAt: '2025-04-04T05:03:29.645Z',
    userId: 'acdea670-fb1e-44db-927f-7d893030e9a9',
    userName: 'jack3.5',
    createdAt: '2025-04-04T04:35:03.838Z',
    updatedBy: '64cb43c7-fc54-404e-82af-66b2dad315de',
    email: 'jack@gmail.com',
    createdBy: '64cb43c7-fc54-404e-82af-66b2dad315de'
  },
  {
    password: '$2b$10$HTbLfdQ1G3/z3ybwSCoiTuvTAszhRmUSj78Zhl9M7sGmH97J5cV16',
    active: 0,
    deleteFlag: 0,
    role: 0,
    userId: 'abe3b8ad-de7d-48a1-b32e-4ddfc32b64c9',
    updatedAt: '',
    userName: 'test20250411',
    createdAt: '2025-04-11T07:55:24.750Z',
    updatedBy: '',
    email: 'test20250411@gmail.com',
    createdBy: '64cb43c7-fc54-404e-82af-66b2dad315de'
  },
  {
    password: '$2b$10$PCUZvjs.qTUhDpEryTLyH.QjB7/kW6AGTRnpU.nkTLiN2cWRPD0tW',
    active: 0,
    deleteFlag: 0,
    role: 0,
    userId: 'b628db4c-eaf4-4341-880c-3645dbbb6c46',
    updatedAt: '',
    userName: 'test',
    createdAt: '2025-04-04T02:56:06.056Z',
    updatedBy: '',
    email: 'test@gmail.com',
    createdBy: '64cb43c7-fc54-404e-82af-66b2dad315de'
  },
  {
    active: 1,
    password: '$2b$10$juLOt2f2yiZ20gRI3.U4pOf.dkzD9q5py.6yRoH2TXXCpCgce6Ez6',
    deleteFlag: 0,
    role: 0,
    updatedAt: '2025-04-11T08:21:09.036Z',
    userId: '62ebfd27-91d3-422d-b80b-1f72143d0201',
    userName: 'test',
    createdAt: '2025-04-04T02:55:11.235Z',
    updatedBy: '64cb43c7-fc54-404e-82af-66b2dad315de',
    email: 'info-admin@gmail.com',
    createdBy: '64cb43c7-fc54-404e-82af-66b2dad315de'
  },
  {
    password: '$2b$10$GDTvQxnhMLyhn9JuUFL5.eYMXhQRAi.gTJPenIfrDm/Rb2gCPXse.',
    active: 0,
    deleteFlag: 0,
    role: 0,
    userId: '38db7063-9a50-44a1-859c-a7efccde8f57',
    updatedAt: '',
    userName: 'test6868',
    createdAt: '2025-04-11T06:51:19.409Z',
    updatedBy: '',
    email: 'test68@gmail.com',
    createdBy: '64cb43c7-fc54-404e-82af-66b2dad315de'
  },
  {
    password: '$2b$10$OaBVgKv7mypqlyXCfDWKNO/yEFavmsX9E/KvJKywYMXxN8RlSmxlO',
    active: 0,
    deleteFlag: 0,
    role: 0,
    userId: '21c18fa6-7450-4b68-bde6-79f7f9123f48',
    updatedAt: '',
    userName: 'test',
    createdAt: '2025-04-04T03:45:44.454Z',
    updatedBy: '',
    email: 'minh@gmail.com',
    createdBy: '64cb43c7-fc54-404e-82af-66b2dad315de'
  },
  {
    password: '$2b$10$inUYbVz0oIm5X8wQbf5PVuV7J7VE9BnqE/cWKhoLB4Dv1/mq.aGJm',
    active: 0,
    deleteFlag: 0,
    role: 0,
    userId: '558997f2-2e3c-4260-9c25-a587ead98804',
    updatedAt: '',
    userName: 'test',
    createdAt: '2025-04-04T03:46:58.573Z',
    updatedBy: '',
    email: 'minh@gmail.com',
    createdBy: '64cb43c7-fc54-404e-82af-66b2dad315de'
  },
  {
    password: '$2b$10$fIw9F1BFBdz4vvr3DKvn7.3xWUDj8G5fT4SV9nm8saR/K4u7Btmmy',
    active: 0,
    deleteFlag: 0,
    role: 0,
    userId: '9ba7f151-5905-43af-af11-64f69fab361d',
    updatedAt: '',
    userName: 'test',
    createdAt: '2025-04-04T03:44:39.358Z',
    updatedBy: '',
    email: 'info-admin@gmail.com',
    createdBy: '64cb43c7-fc54-404e-82af-66b2dad315de'
  },
  {
    password: '$2b$10$FZ6HZcA.VIi3eackxxeQy.GQvVETVOdMfH3NEdlvWAk6.JyjC/aZq',
    active: 0,
    deleteFlag: 0,
    role: 0,
    userId: '3aed1a5a-27e5-4363-96b8-f561e75c88bc',
    updatedAt: '',
    userName: 'test11',
    createdAt: '2025-04-04T02:57:32.917Z',
    updatedBy: '',
    email: 'hoatm@i-stech.net',
    createdBy: '64cb43c7-fc54-404e-82af-66b2dad315de'
  },
  {
    password: '$2b$10$fhlEigQXtWutTHaxCjlk..imrjlWdaQ5h8pVNWFi3spB4OW9F56fa',
    active: 0,
    deleteFlag: 0,
    role: 0,
    userId: 'cc838e49-56e5-4774-b72d-ae2c35c6d47d',
    updatedAt: '',
    userName: 'test',
    createdAt: '2025-04-04T02:56:07.794Z',
    updatedBy: '',
    email: 'test@gmail.com',
    createdBy: '64cb43c7-fc54-404e-82af-66b2dad315de'
  },
  {
    password: '$2b$10$Iy16eo5/YmMzCIHO9Of6qesrvoeUFfVc.288Nm/Iy3GpM8gdUif.m',
    active: 0,
    deleteFlag: 0,
    role: 0,
    userId: '0b81121e-991d-4a91-8fee-bc049f30bf78',
    updatedAt: '',
    userName: 'test999',
    createdAt: '2025-04-11T06:56:05.067Z',
    updatedBy: '',
    email: 'test@gmail.com',
    createdBy: '64cb43c7-fc54-404e-82af-66b2dad315de'
  },
  {
    password: '$2b$10$Sgj9EldqVSmHnr71Xv4YOu.g6/H4jqDRu.4XqRY9vUo.bU9suILBO',
    active: 0,
    deleteFlag: 0,
    role: 0,
    userId: '4138b5cb-2f4f-47f8-9995-32ff968b29cc',
    updatedAt: '',
    userName: 'test',
    createdAt: '2025-04-04T02:56:27.771Z',
    updatedBy: '',
    email: 'hoa@gmail.com',
    createdBy: '64cb43c7-fc54-404e-82af-66b2dad315de'
  },
  {
    password: '$2b$10$EicHzMQq73wxgT1Kc98dJegzfbqQRp2HCq70XuyP/I/ctmS4RVtbq',
    active: 0,
    deleteFlag: 0,
    role: 0,
    userId: 'cbd61566-82f9-4fb7-b337-9c739237e343',
    updatedAt: '',
    userName: 'test',
    createdAt: '2025-04-04T02:56:07.847Z',
    updatedBy: '',
    email: 'test@gmail.com',
    createdBy: '64cb43c7-fc54-404e-82af-66b2dad315de'
  },
  {
    password: '$2b$10$SsyOazBU39ujEAiwWnD/Hu02y3wi2M4OGl5PkHSPl4iJ/UKiazm12',
    active: 0,
    deleteFlag: 0,
    role: 0,
    userId: 'c77c4c1c-4864-4d2a-ba13-144c400e8749',
    updatedAt: '',
    userName: 'test',
    createdAt: '2025-04-04T02:55:10.411Z',
    updatedBy: '',
    email: 'info-admin@gmail.com',
    createdBy: '64cb43c7-fc54-404e-82af-66b2dad315de'
  },
  {
    password: '$2b$10$YXu1UVjmMk7twh0CMK38Iel.lvxh00zueubxDlBdpBX4Elkln.zTW',
    active: 0,
    deleteFlag: 0,
    role: 0,
    userId: 'b729f846-2890-4c16-9109-6b1cf18c728c',
    updatedAt: '',
    userName: 'key',
    createdAt: '2025-04-03T07:56:02.610Z',
    updatedBy: '',
    email: 'key@gmail.com',
    createdBy: '64cb43c7-fc54-404e-82af-66b2dad315de'
  },
  {
    password: '$2b$10$.YhjtYorZSiVU9nKb52zI.0In6d2c2ZMBydukF7KAmFuX7Qte3rpy',
    active: 0,
    deleteFlag: 0,
    role: 0,
    userId: '60ddbf26-6649-4950-8220-91fec5c71340',
    updatedAt: '',
    userName: 'test11',
    createdAt: '2025-04-04T02:57:35.234Z',
    updatedBy: '',
    email: 'hoatm@i-stech.net',
    createdBy: '64cb43c7-fc54-404e-82af-66b2dad315de'
  },
  {
    password: '$2b$10$lYCmo5XmlN3MW0KwwMdOJecIA6o3Mg.yRF3RhfK2HxeouQJRyCf72',
    active: 0,
    deleteFlag: 0,
    role: 0,
    userId: 'a75789ad-14d6-410d-9c7e-636eb2dd630c',
    updatedAt: '',
    userName: 'test',
    createdAt: '2025-04-04T03:44:41.238Z',
    updatedBy: '',
    email: 'info-admin@gmail.com',
    createdBy: '64cb43c7-fc54-404e-82af-66b2dad315de'
  },
  {
    password: '$2b$10$fOfFHII1b9KZtd/zTMVzJeHGLITLkTN6ku87BUausMn1n/tLrT0na',
    active: 0,
    deleteFlag: 0,
    role: 0,
    userId: 'ed9ac1c4-0a9a-486b-a007-b0a239cf9227',
    updatedAt: '',
    userName: 'truong11',
    createdAt: '2025-04-03T07:52:53.151Z',
    updatedBy: '',
    email: 'truong11@gmail.com',
    createdBy: '64cb43c7-fc54-404e-82af-66b2dad315de'
  },
  {
    password: '$2b$10$1IgNiude8EUA4CrpypnvjOYczt.S.llSTr8YztkN/1hR6BfkPxjCi',
    active: 0,
    deleteFlag: 0,
    role: 0,
    userId: '6ddc00fc-5e1c-4586-8528-f5684f01b013',
    updatedAt: '',
    userName: 'test',
    createdAt: '2025-04-04T02:56:05.376Z',
    updatedBy: '',
    email: 'test@gmail.com',
    createdBy: '64cb43c7-fc54-404e-82af-66b2dad315de'
  },
  {
    password: '$2b$10$aNGjWvUapiqa4UHjmRRWbOYp/qY1fjqJgvmxSUfAxMbFpdHyDXnoe',
    active: 0,
    deleteFlag: 0,
    role: 0,
    userId: '84127560-feed-41b2-9302-83850090fe67',
    updatedAt: '',
    userName: 'test11',
    createdAt: '2025-04-04T02:57:44.431Z',
    updatedBy: '',
    email: 'hoatm@i-stech.net',
    createdBy: '64cb43c7-fc54-404e-82af-66b2dad315de'
  },
  {
    password: '$2b$10$h5.JPG/XB20Bb.12ioAicelWJ7qJPhspTxsX8KdjmAWpfVJCKqvNe',
    active: 0,
    deleteFlag: 0,
    role: 0,
    userId: '834f9f30-3bb8-4a38-8d6b-7f7cd071b14b',
    updatedAt: '',
    userName: 'test',
    createdAt: '2025-04-04T02:56:06.636Z',
    updatedBy: '',
    email: 'test@gmail.com',
    createdBy: '64cb43c7-fc54-404e-82af-66b2dad315de'
  },
  {
    password: '$2b$10$OapB1/sHs4F7KUao8dsjK.pecuWgHPhc4Vaqmjmw6oC8F58LIKOS6',
    active: 0,
    deleteFlag: 0,
    role: 0,
    userId: '952e985a-2aff-4bc0-8e6a-1ba2890ebbc9',
    updatedAt: '',
    userName: 'test',
    createdAt: '2025-04-04T02:56:27.432Z',
    updatedBy: '',
    email: 'hoa@gmail.com',
    createdBy: '64cb43c7-fc54-404e-82af-66b2dad315de'
  },
  {
    password: '$2b$10$jZFwjNxRpgnxooM6gKqINu9iIxGEtG13J8iZFgoi3DmrVSF.uySsa',
    active: 0,
    deleteFlag: 0,
    role: 0,
    userId: '0ef89c3c-168d-42c8-a5d5-5c793a739871',
    updatedAt: '',
    userName: 'test',
    createdAt: '2025-04-04T02:56:04.573Z',
    updatedBy: '',
    email: 'test@gmail.com',
    createdBy: '64cb43c7-fc54-404e-82af-66b2dad315de'
  },
  {
    password: '$2b$10$WcZQivjgmPQ336P8LSS4meS5WcleU/MhbvOfsUaKPmvR9xjs5LSGG',
    active: 0,
    deleteFlag: 0,
    role: 0,
    userId: '5184b3bb-845b-4371-9d0e-ad8a6c8a44fe',
    updatedAt: '',
    userName: 'test11',
    createdAt: '2025-04-04T02:57:36.101Z',
    updatedBy: '',
    email: 'hoatm@i-stech.net',
    createdBy: '64cb43c7-fc54-404e-82af-66b2dad315de'
  }
]
[list-admin] 10:52:59 AM END RequestId: 21ed2e50-1885-401c-883d-8ab182f2eaf7
[list-admin] 10:52:59 AM REPORT RequestId: 21ed2e50-1885-401c-883d-8ab182f2eaf7	Duration: 1422.85 ms	Billed Duration: 1423 ms	Memory Size: 512 MB	Max Memory Used: 323 MB
[check-auth] 10:52:55 AM START RequestId: a9a0ef82-9906-4d83-b106-93697ac50003 Version: $LATEST
[check-auth] 10:52:55 AM 2025-04-14T03:52:55.953Z	a9a0ef82-9906-4d83-b106-93697ac50003	INFO	Token (cleaned):  eyJhbGciOiJIUzI1NiIsInR5cCI6IkpXVCJ9.eyJ1c2VySWQiOiI2NGNiNDNjNy1mYzU0LTQwNGUtODJhZi02NmIyZGFkMzE1ZGUiLCJpYXQiOjE3NDQ2MDI1OTcsImV4cCI6MTc0NDYwMjg5N30.HVChFHuF-sYTDcX8j063j1HKHaw5JFrTc342GDkfszg
[check-auth] 10:52:55 AM 2025-04-14T03:52:55.953Z	a9a0ef82-9906-4d83-b106-93697ac50003	INFO	Verifying token... a5e3696b23ce9b6e96af822f26b757d52c64b9a8e29351b9fee039dfb2d35600
[check-auth] 10:52:55 AM 2025-04-14T03:52:55.954Z	a9a0ef82-9906-4d83-b106-93697ac50003	INFO	userId:  64cb43c7-fc54-404e-82af-66b2dad315de
[check-auth] 10:52:56 AM 2025-04-14T03:52:56.422Z	a9a0ef82-9906-4d83-b106-93697ac50003	INFO	DynamoDB result:  {
  Items: [
    {
      password: '$2b$10$Fk8hSSFK9yWlmyCSdMBkfuaPNnfBiNoeOxzJxnhMOkDbsyMq9v0JO',
      active: 0,
      deleteFlag: 0,
      role: 0,
      userId: '64cb43c7-fc54-404e-82af-66b2dad315de',
      updatedAt: '2025-03-28T07:24:56.336Z',
      userName: 'admin',
      createdAt: '2025-03-28T07:24:56.336Z',
      updatedBy: 'admin',
      email: 'info-admin@gmail.com',
      createdBy: 'admin'
    }
  ],
  Count: 1,
  ScannedCount: 1
}
[check-auth] 10:52:56 AM END RequestId: a9a0ef82-9906-4d83-b106-93697ac50003
[check-auth] 10:52:56 AM REPORT RequestId: a9a0ef82-9906-4d83-b106-93697ac50003	Duration: 471.99 ms	Billed Duration: 472 ms	Memory Size: 512 MB	Max Memory Used: 316 MB
[check-auth] 10:53:18 AM START RequestId: 57f6a912-2359-48d9-9bcf-551c216fb637 Version: $LATEST
[check-auth] 10:53:18 AM 2025-04-14T03:53:18.298Z	57f6a912-2359-48d9-9bcf-551c216fb637	INFO	Token (cleaned):  eyJhbGciOiJIUzI1NiIsInR5cCI6IkpXVCJ9.eyJ1c2VySWQiOiI2NGNiNDNjNy1mYzU0LTQwNGUtODJhZi02NmIyZGFkMzE1ZGUiLCJpYXQiOjE3NDQ2MDI1OTcsImV4cCI6MTc0NDYwMjg5N30.HVChFHuF-sYTDcX8j063j1HKHaw5JFrTc342GDkfszg
[check-auth] 10:53:18 AM 2025-04-14T03:53:18.298Z	57f6a912-2359-48d9-9bcf-551c216fb637	INFO	Verifying token... a5e3696b23ce9b6e96af822f26b757d52c64b9a8e29351b9fee039dfb2d35600
[check-auth] 10:53:18 AM 2025-04-14T03:53:18.298Z	57f6a912-2359-48d9-9bcf-551c216fb637	INFO	userId:  64cb43c7-fc54-404e-82af-66b2dad315de
[check-auth] 10:53:18 AM 2025-04-14T03:53:18.768Z	57f6a912-2359-48d9-9bcf-551c216fb637	INFO	DynamoDB result:  {
  Items: [
    {
      password: '$2b$10$Fk8hSSFK9yWlmyCSdMBkfuaPNnfBiNoeOxzJxnhMOkDbsyMq9v0JO',
      active: 0,
      deleteFlag: 0,
      role: 0,
      userId: '64cb43c7-fc54-404e-82af-66b2dad315de',
      updatedAt: '2025-03-28T07:24:56.336Z',
      userName: 'admin',
      createdAt: '2025-03-28T07:24:56.336Z',
      updatedBy: 'admin',
      email: 'info-admin@gmail.com',
      createdBy: 'admin'
    }
  ],
  Count: 1,
  ScannedCount: 1
}
[check-auth] 10:53:18 AM END RequestId: 57f6a912-2359-48d9-9bcf-551c216fb637
[check-auth] 10:53:18 AM REPORT RequestId: 57f6a912-2359-48d9-9bcf-551c216fb637	Duration: 472.93 ms	Billed Duration: 473 ms	Memory Size: 512 MB	Max Memory Used: 316 MB
[list-admin] 10:53:20 AM START RequestId: 19c5fe17-6b79-41a9-8c36-87c52d4ed5fa Version: $LATEST
[list-admin] 10:53:20 AM 2025-04-14T03:53:20.256Z	19c5fe17-6b79-41a9-8c36-87c52d4ed5fa	INFO	Auth Header:  Bearer eyJhbGciOiJIUzI1NiIsInR5cCI6IkpXVCJ9.eyJ1c2VySWQiOiI2NGNiNDNjNy1mYzU0LTQwNGUtODJhZi02NmIyZGFkMzE1ZGUiLCJpYXQiOjE3NDQ2MDI1OTcsImV4cCI6MTc0NDYwMjg5N30.HVChFHuF-sYTDcX8j063j1HKHaw5JFrTc342GDkfszg
[list-admin] 10:53:20 AM 2025-04-14T03:53:20.745Z	19c5fe17-6b79-41a9-8c36-87c52d4ed5fa	INFO	Authenticated User: {
  password: '$2b$10$Fk8hSSFK9yWlmyCSdMBkfuaPNnfBiNoeOxzJxnhMOkDbsyMq9v0JO',
  active: 0,
  deleteFlag: 0,
  role: 0,
  userId: '64cb43c7-fc54-404e-82af-66b2dad315de',
  updatedAt: '2025-03-28T07:24:56.336Z',
  userName: 'admin',
  createdAt: '2025-03-28T07:24:56.336Z',
  updatedBy: 'admin',
  email: 'info-admin@gmail.com',
  createdBy: 'admin'
}
[list-admin] 10:53:20 AM 2025-04-14T03:53:20.746Z	19c5fe17-6b79-41a9-8c36-87c52d4ed5fa	INFO	Retrieving list of Users
[list-admin] 10:53:21 AM 2025-04-14T03:53:21.686Z	19c5fe17-6b79-41a9-8c36-87c52d4ed5fa	INFO	Users successfully retrieved:  [
  {
    active: 0,
    password: '$2b$10$cNSs3ZIrIS8S3RGpYX43guXttgHdtzFHTCQklm9S20VuS1HFiqV1G',
    deleteFlag: 0,
    role: 0,
    updatedAt: '2025-04-11T08:22:20.127Z',
    userId: 'f1798c43-4970-4399-be72-3cdde891bc53',
    userName: 'test',
    createdAt: '2025-04-11T07:54:20.072Z',
    updatedBy: '64cb43c7-fc54-404e-82af-66b2dad315de',
    email: 'test@gmail.com',
    createdBy: '64cb43c7-fc54-404e-82af-66b2dad315de'
  },
  {
    password: '$2b$10$Fk8hSSFK9yWlmyCSdMBkfuaPNnfBiNoeOxzJxnhMOkDbsyMq9v0JO',
    active: 0,
    deleteFlag: 0,
    role: 0,
    userId: '64cb43c7-fc54-404e-82af-66b2dad315de',
    updatedAt: '2025-03-28T07:24:56.336Z',
    userName: 'admin',
    createdAt: '2025-03-28T07:24:56.336Z',
    updatedBy: 'admin',
    email: 'info-admin@gmail.com',
    createdBy: 'admin'
  },
  {
    active: 0,
    password: '$2b$10$2dsYpkVzS0oiGRMaWM/YDuN1PHDNNFDo.N2jv0uPfR5JRtPwMrcnK',
    deleteFlag: 0,
    role: 0,
    updatedAt: '2025-04-04T08:23:45.372Z',
    userId: 'd84c7df7-0be3-47a6-9e2c-4765b8b19fee',
    userName: 'minh333',
    createdAt: '2025-04-04T08:14:35.686Z',
    updatedBy: '64cb43c7-fc54-404e-82af-66b2dad315de',
    email: 'test@gmail.com',
    createdBy: '64cb43c7-fc54-404e-82af-66b2dad315de'
  },
  {
    password: '$2b$10$ZD9A.Sh40y3Jiz5R48482.XW8V7F53hagc0bUT4GrhEJyJfupw9VC',
    active: 0,
    deleteFlag: 0,
    role: 0,
    userId: 'e9635760-d6d9-4c58-8d23-4ceff2b093d3',
    updatedAt: '',
    userName: 'test',
    createdAt: '2025-04-11T06:55:27.522Z',
    updatedBy: '',
    email: 'info-admin@gmail.com',
    createdBy: '64cb43c7-fc54-404e-82af-66b2dad315de'
  },
  {
    password: '$2b$10$P0GoA4j7aICx2jwwEyALbug.tRRnRycPe/5WHmtlRo80kiojiq/g.',
    active: 0,
    deleteFlag: 0,
    role: 0,
    userId: 'd521bb43-15ca-4eb6-b0e8-a938734e29b8',
    updatedAt: '',
    userName: 'test',
    createdAt: '2025-04-04T02:56:06.742Z',
    updatedBy: '',
    email: 'test@gmail.com',
    createdBy: '64cb43c7-fc54-404e-82af-66b2dad315de'
  },
  {
    password: '$2b$10$5nLpdXoISMAdk3s7qYJa5.wCGmJGXod088F9BkyK2qN4Kl5sTkBWe',
    active: 0,
    deleteFlag: 0,
    role: 0,
    userId: 'de6d2237-ae55-4cdd-915c-da039ffeef4c',
    updatedAt: '',
    userName: 'test',
    createdAt: '2025-04-04T02:56:07.605Z',
    updatedBy: '',
    email: 'test@gmail.com',
    createdBy: '64cb43c7-fc54-404e-82af-66b2dad315de'
  },
  {
    active: 0,
    password: '$2b$10$frHsErU23As.Z3mFn2H0Xe7ZTfW.9dPCVe8f7mdGFNUA3QhZwJ5m2',
    deleteFlag: 0,
    role: 0,
    updatedAt: '2025-04-04T05:03:29.645Z',
    userId: 'acdea670-fb1e-44db-927f-7d893030e9a9',
    userName: 'jack3.5',
    createdAt: '2025-04-04T04:35:03.838Z',
    updatedBy: '64cb43c7-fc54-404e-82af-66b2dad315de',
    email: 'jack@gmail.com',
    createdBy: '64cb43c7-fc54-404e-82af-66b2dad315de'
  },
  {
    password: '$2b$10$HTbLfdQ1G3/z3ybwSCoiTuvTAszhRmUSj78Zhl9M7sGmH97J5cV16',
    active: 0,
    deleteFlag: 0,
    role: 0,
    userId: 'abe3b8ad-de7d-48a1-b32e-4ddfc32b64c9',
    updatedAt: '',
    userName: 'test20250411',
    createdAt: '2025-04-11T07:55:24.750Z',
    updatedBy: '',
    email: 'test20250411@gmail.com',
    createdBy: '64cb43c7-fc54-404e-82af-66b2dad315de'
  },
  {
    password: '$2b$10$PCUZvjs.qTUhDpEryTLyH.QjB7/kW6AGTRnpU.nkTLiN2cWRPD0tW',
    active: 0,
    deleteFlag: 0,
    role: 0,
    userId: 'b628db4c-eaf4-4341-880c-3645dbbb6c46',
    updatedAt: '',
    userName: 'test',
    createdAt: '2025-04-04T02:56:06.056Z',
    updatedBy: '',
    email: 'test@gmail.com',
    createdBy: '64cb43c7-fc54-404e-82af-66b2dad315de'
  },
  {
    active: 1,
    password: '$2b$10$juLOt2f2yiZ20gRI3.U4pOf.dkzD9q5py.6yRoH2TXXCpCgce6Ez6',
    deleteFlag: 0,
    role: 0,
    updatedAt: '2025-04-11T08:21:09.036Z',
    userId: '62ebfd27-91d3-422d-b80b-1f72143d0201',
    userName: 'test',
    createdAt: '2025-04-04T02:55:11.235Z',
    updatedBy: '64cb43c7-fc54-404e-82af-66b2dad315de',
    email: 'info-admin@gmail.com',
    createdBy: '64cb43c7-fc54-404e-82af-66b2dad315de'
  },
  {
    password: '$2b$10$GDTvQxnhMLyhn9JuUFL5.eYMXhQRAi.gTJPenIfrDm/Rb2gCPXse.',
    active: 0,
    deleteFlag: 0,
    role: 0,
    userId: '38db7063-9a50-44a1-859c-a7efccde8f57',
    updatedAt: '',
    userName: 'test6868',
    createdAt: '2025-04-11T06:51:19.409Z',
    updatedBy: '',
    email: 'test68@gmail.com',
    createdBy: '64cb43c7-fc54-404e-82af-66b2dad315de'
  },
  {
    password: '$2b$10$OaBVgKv7mypqlyXCfDWKNO/yEFavmsX9E/KvJKywYMXxN8RlSmxlO',
    active: 0,
    deleteFlag: 0,
    role: 0,
    userId: '21c18fa6-7450-4b68-bde6-79f7f9123f48',
    updatedAt: '',
    userName: 'test',
    createdAt: '2025-04-04T03:45:44.454Z',
    updatedBy: '',
    email: 'minh@gmail.com',
    createdBy: '64cb43c7-fc54-404e-82af-66b2dad315de'
  },
  {
    password: '$2b$10$inUYbVz0oIm5X8wQbf5PVuV7J7VE9BnqE/cWKhoLB4Dv1/mq.aGJm',
    active: 0,
    deleteFlag: 0,
    role: 0,
    userId: '558997f2-2e3c-4260-9c25-a587ead98804',
    updatedAt: '',
    userName: 'test',
    createdAt: '2025-04-04T03:46:58.573Z',
    updatedBy: '',
    email: 'minh@gmail.com',
    createdBy: '64cb43c7-fc54-404e-82af-66b2dad315de'
  },
  {
    password: '$2b$10$fIw9F1BFBdz4vvr3DKvn7.3xWUDj8G5fT4SV9nm8saR/K4u7Btmmy',
    active: 0,
    deleteFlag: 0,
    role: 0,
    userId: '9ba7f151-5905-43af-af11-64f69fab361d',
    updatedAt: '',
    userName: 'test',
    createdAt: '2025-04-04T03:44:39.358Z',
    updatedBy: '',
    email: 'info-admin@gmail.com',
    createdBy: '64cb43c7-fc54-404e-82af-66b2dad315de'
  },
  {
    password: '$2b$10$FZ6HZcA.VIi3eackxxeQy.GQvVETVOdMfH3NEdlvWAk6.JyjC/aZq',
    active: 0,
    deleteFlag: 0,
    role: 0,
    userId: '3aed1a5a-27e5-4363-96b8-f561e75c88bc',
    updatedAt: '',
    userName: 'test11',
    createdAt: '2025-04-04T02:57:32.917Z',
    updatedBy: '',
    email: 'hoatm@i-stech.net',
    createdBy: '64cb43c7-fc54-404e-82af-66b2dad315de'
  },
  {
    password: '$2b$10$fhlEigQXtWutTHaxCjlk..imrjlWdaQ5h8pVNWFi3spB4OW9F56fa',
    active: 0,
    deleteFlag: 0,
    role: 0,
    userId: 'cc838e49-56e5-4774-b72d-ae2c35c6d47d',
    updatedAt: '',
    userName: 'test',
    createdAt: '2025-04-04T02:56:07.794Z',
    updatedBy: '',
    email: 'test@gmail.com',
    createdBy: '64cb43c7-fc54-404e-82af-66b2dad315de'
  },
  {
    password: '$2b$10$Iy16eo5/YmMzCIHO9Of6qesrvoeUFfVc.288Nm/Iy3GpM8gdUif.m',
    active: 0,
    deleteFlag: 0,
    role: 0,
    userId: '0b81121e-991d-4a91-8fee-bc049f30bf78',
    updatedAt: '',
    userName: 'test999',
    createdAt: '2025-04-11T06:56:05.067Z',
    updatedBy: '',
    email: 'test@gmail.com',
    createdBy: '64cb43c7-fc54-404e-82af-66b2dad315de'
  },
  {
    password: '$2b$10$Sgj9EldqVSmHnr71Xv4YOu.g6/H4jqDRu.4XqRY9vUo.bU9suILBO',
    active: 0,
    deleteFlag: 0,
    role: 0,
    userId: '4138b5cb-2f4f-47f8-9995-32ff968b29cc',
    updatedAt: '',
    userName: 'test',
    createdAt: '2025-04-04T02:56:27.771Z',
    updatedBy: '',
    email: 'hoa@gmail.com',
    createdBy: '64cb43c7-fc54-404e-82af-66b2dad315de'
  },
  {
    password: '$2b$10$EicHzMQq73wxgT1Kc98dJegzfbqQRp2HCq70XuyP/I/ctmS4RVtbq',
    active: 0,
    deleteFlag: 0,
    role: 0,
    userId: 'cbd61566-82f9-4fb7-b337-9c739237e343',
    updatedAt: '',
    userName: 'test',
    createdAt: '2025-04-04T02:56:07.847Z',
    updatedBy: '',
    email: 'test@gmail.com',
    createdBy: '64cb43c7-fc54-404e-82af-66b2dad315de'
  },
  {
    password: '$2b$10$SsyOazBU39ujEAiwWnD/Hu02y3wi2M4OGl5PkHSPl4iJ/UKiazm12',
    active: 0,
    deleteFlag: 0,
    role: 0,
    userId: 'c77c4c1c-4864-4d2a-ba13-144c400e8749',
    updatedAt: '',
    userName: 'test',
    createdAt: '2025-04-04T02:55:10.411Z',
    updatedBy: '',
    email: 'info-admin@gmail.com',
    createdBy: '64cb43c7-fc54-404e-82af-66b2dad315de'
  },
  {
    password: '$2b$10$YXu1UVjmMk7twh0CMK38Iel.lvxh00zueubxDlBdpBX4Elkln.zTW',
    active: 0,
    deleteFlag: 0,
    role: 0,
    userId: 'b729f846-2890-4c16-9109-6b1cf18c728c',
    updatedAt: '',
    userName: 'key',
    createdAt: '2025-04-03T07:56:02.610Z',
    updatedBy: '',
    email: 'key@gmail.com',
    createdBy: '64cb43c7-fc54-404e-82af-66b2dad315de'
  },
  {
    password: '$2b$10$.YhjtYorZSiVU9nKb52zI.0In6d2c2ZMBydukF7KAmFuX7Qte3rpy',
    active: 0,
    deleteFlag: 0,
    role: 0,
    userId: '60ddbf26-6649-4950-8220-91fec5c71340',
    updatedAt: '',
    userName: 'test11',
    createdAt: '2025-04-04T02:57:35.234Z',
    updatedBy: '',
    email: 'hoatm@i-stech.net',
    createdBy: '64cb43c7-fc54-404e-82af-66b2dad315de'
  },
  {
    password: '$2b$10$lYCmo5XmlN3MW0KwwMdOJecIA6o3Mg.yRF3RhfK2HxeouQJRyCf72',
    active: 0,
    deleteFlag: 0,
    role: 0,
    userId: 'a75789ad-14d6-410d-9c7e-636eb2dd630c',
    updatedAt: '',
    userName: 'test',
    createdAt: '2025-04-04T03:44:41.238Z',
    updatedBy: '',
    email: 'info-admin@gmail.com',
    createdBy: '64cb43c7-fc54-404e-82af-66b2dad315de'
  },
  {
    password: '$2b$10$fOfFHII1b9KZtd/zTMVzJeHGLITLkTN6ku87BUausMn1n/tLrT0na',
    active: 0,
    deleteFlag: 0,
    role: 0,
    userId: 'ed9ac1c4-0a9a-486b-a007-b0a239cf9227',
    updatedAt: '',
    userName: 'truong11',
    createdAt: '2025-04-03T07:52:53.151Z',
    updatedBy: '',
    email: 'truong11@gmail.com',
    createdBy: '64cb43c7-fc54-404e-82af-66b2dad315de'
  },
  {
    password: '$2b$10$1IgNiude8EUA4CrpypnvjOYczt.S.llSTr8YztkN/1hR6BfkPxjCi',
    active: 0,
    deleteFlag: 0,
    role: 0,
    userId: '6ddc00fc-5e1c-4586-8528-f5684f01b013',
    updatedAt: '',
    userName: 'test',
    createdAt: '2025-04-04T02:56:05.376Z',
    updatedBy: '',
    email: 'test@gmail.com',
    createdBy: '64cb43c7-fc54-404e-82af-66b2dad315de'
  },
  {
    password: '$2b$10$aNGjWvUapiqa4UHjmRRWbOYp/qY1fjqJgvmxSUfAxMbFpdHyDXnoe',
    active: 0,
    deleteFlag: 0,
    role: 0,
    userId: '84127560-feed-41b2-9302-83850090fe67',
    updatedAt: '',
    userName: 'test11',
    createdAt: '2025-04-04T02:57:44.431Z',
    updatedBy: '',
    email: 'hoatm@i-stech.net',
    createdBy: '64cb43c7-fc54-404e-82af-66b2dad315de'
  },
  {
    password: '$2b$10$h5.JPG/XB20Bb.12ioAicelWJ7qJPhspTxsX8KdjmAWpfVJCKqvNe',
    active: 0,
    deleteFlag: 0,
    role: 0,
    userId: '834f9f30-3bb8-4a38-8d6b-7f7cd071b14b',
    updatedAt: '',
    userName: 'test',
    createdAt: '2025-04-04T02:56:06.636Z',
    updatedBy: '',
    email: 'test@gmail.com',
    createdBy: '64cb43c7-fc54-404e-82af-66b2dad315de'
  },
  {
    password: '$2b$10$OapB1/sHs4F7KUao8dsjK.pecuWgHPhc4Vaqmjmw6oC8F58LIKOS6',
    active: 0,
    deleteFlag: 0,
    role: 0,
    userId: '952e985a-2aff-4bc0-8e6a-1ba2890ebbc9',
    updatedAt: '',
    userName: 'test',
    createdAt: '2025-04-04T02:56:27.432Z',
    updatedBy: '',
    email: 'hoa@gmail.com',
    createdBy: '64cb43c7-fc54-404e-82af-66b2dad315de'
  },
  {
    password: '$2b$10$jZFwjNxRpgnxooM6gKqINu9iIxGEtG13J8iZFgoi3DmrVSF.uySsa',
    active: 0,
    deleteFlag: 0,
    role: 0,
    userId: '0ef89c3c-168d-42c8-a5d5-5c793a739871',
    updatedAt: '',
    userName: 'test',
    createdAt: '2025-04-04T02:56:04.573Z',
    updatedBy: '',
    email: 'test@gmail.com',
    createdBy: '64cb43c7-fc54-404e-82af-66b2dad315de'
  },
  {
    password: '$2b$10$WcZQivjgmPQ336P8LSS4meS5WcleU/MhbvOfsUaKPmvR9xjs5LSGG',
    active: 0,
    deleteFlag: 0,
    role: 0,
    userId: '5184b3bb-845b-4371-9d0e-ad8a6c8a44fe',
    updatedAt: '',
    userName: 'test11',
    createdAt: '2025-04-04T02:57:36.101Z',
    updatedBy: '',
    email: 'hoatm@i-stech.net',
    createdBy: '64cb43c7-fc54-404e-82af-66b2dad315de'
  }
]
[list-admin] 10:53:21 AM END RequestId: 19c5fe17-6b79-41a9-8c36-87c52d4ed5fa
[list-admin] 10:53:21 AM REPORT RequestId: 19c5fe17-6b79-41a9-8c36-87c52d4ed5fa	Duration: 1433.26 ms	Billed Duration: 1434 ms	Memory Size: 512 MB	Max Memory Used: 323 MB
[list-admin] 11:03:09 AM INIT_START Runtime Version: nodejs:18.v63	Runtime Version ARN: arn:aws:lambda:us-east-1::runtime:ad007b64e69135315cba0d95ed797867707d928d1128edf4fa17a926a71f1718
[list-admin] 11:03:10 AM START RequestId: 3e37d674-96d3-4073-9443-a2e7f6600884 Version: $LATEST
[list-admin] 11:03:10 AM 2025-04-14T04:03:10.607Z	3e37d674-96d3-4073-9443-a2e7f6600884	INFO	Auth Header:  Bearer eyJhbGciOiJIUzI1NiIsInR5cCI6IkpXVCJ9.eyJ1c2VySWQiOiI2NGNiNDNjNy1mYzU0LTQwNGUtODJhZi02NmIyZGFkMzE1ZGUiLCJpYXQiOjE3NDQxOTY3MTYsImV4cCI6MTc0NDE5NzYxNn0.8rvDux8PPiSAGuaxtegGzJLD3tl4AwC5uRRoGaBtwQs
[list-admin] 11:03:10 AM 2025-04-14T04:03:10.628Z	3e37d674-96d3-4073-9443-a2e7f6600884	ERROR	Failed to retrieve Users:  {
  error: Error: Invalid or expired token
      at v$ (file:///var/task/index.mjs:37:51811)
      at Runtime.amt [as handler] (file:///var/task/index.mjs:37:52881)
      at Runtime.handleOnceNonStreaming (file:///var/runtime/index.mjs:1173:29) {
    statusCode: 401
  },
  event: {
    resource: '/users',
    path: '/users',
    httpMethod: 'GET',
    headers: {
      Accept: '*/*',
      'Accept-Encoding': 'gzip, deflate, br',
      Authorization: 'Bearer eyJhbGciOiJIUzI1NiIsInR5cCI6IkpXVCJ9.eyJ1c2VySWQiOiI2NGNiNDNjNy1mYzU0LTQwNGUtODJhZi02NmIyZGFkMzE1ZGUiLCJpYXQiOjE3NDQxOTY3MTYsImV4cCI6MTc0NDE5NzYxNn0.8rvDux8PPiSAGuaxtegGzJLD3tl4AwC5uRRoGaBtwQs',
      'Cache-Control': 'no-cache',
      'CloudFront-Forwarded-Proto': 'https',
      'CloudFront-Is-Desktop-Viewer': 'true',
      'CloudFront-Is-Mobile-Viewer': 'false',
      'CloudFront-Is-SmartTV-Viewer': 'false',
      'CloudFront-Is-Tablet-Viewer': 'false',
      'CloudFront-Viewer-ASN': '45899',
      'CloudFront-Viewer-Country': 'VN',
      Host: 'jmkfjlxu63.execute-api.us-east-1.amazonaws.com',
      'Postman-Token': '6f42524c-b585-4ea6-a6be-ae98e9e8af43',
      'User-Agent': 'PostmanRuntime/7.43.3',
      Via: '1.1 bf653ae78afdf80b87dc9277ac703e9a.cloudfront.net (CloudFront)',
      'X-Amz-Cf-Id': 'z4u8kgKgojLu5G8ij1JGv45IloVtycN_JsrweSvQX-0-jNtlmFdt5A==',
      'X-Amzn-Trace-Id': 'Root=1-67fc88fd-4acc957b27a349126240041f',
      'X-Forwarded-For': '14.161.12.17, 15.158.13.42',
      'X-Forwarded-Port': '443',
      'X-Forwarded-Proto': 'https'
    },
    multiValueHeaders: {
      Accept: [Array],
      'Accept-Encoding': [Array],
      Authorization: [Array],
      'Cache-Control': [Array],
      'CloudFront-Forwarded-Proto': [Array],
      'CloudFront-Is-Desktop-Viewer': [Array],
      'CloudFront-Is-Mobile-Viewer': [Array],
      'CloudFront-Is-SmartTV-Viewer': [Array],
      'CloudFront-Is-Tablet-Viewer': [Array],
      'CloudFront-Viewer-ASN': [Array],
      'CloudFront-Viewer-Country': [Array],
      Host: [Array],
      'Postman-Token': [Array],
      'User-Agent': [Array],
      Via: [Array],
      'X-Amz-Cf-Id': [Array],
      'X-Amzn-Trace-Id': [Array],
      'X-Forwarded-For': [Array],
      'X-Forwarded-Port': [Array],
      'X-Forwarded-Proto': [Array]
    },
    queryStringParameters: null,
    multiValueQueryStringParameters: null,
    pathParameters: null,
    stageVariables: null,
    requestContext: {
      resourceId: '3rsr17',
      resourcePath: '/users',
      httpMethod: 'GET',
      extendedRequestId: 'I_pXoHFeIAMEjpQ=',
      requestTime: '14/Apr/2025:04:03:09 +0000',
      path: '/prod/users',
      accountId: '647755634525',
      protocol: 'HTTP/1.1',
      stage: 'prod',
      domainPrefix: 'jmkfjlxu63',
      requestTimeEpoch: 1744603389276,
      requestId: 'bb8020b8-3e60-4b7c-a219-c32e2cf566e7',
      identity: [Object],
      domainName: 'jmkfjlxu63.execute-api.us-east-1.amazonaws.com',
      deploymentId: 'sf0sq6',
      apiId: 'jmkfjlxu63'
    },
    body: null,
    isBase64Encoded: false
  }
}
[list-admin] 11:03:10 AM END RequestId: 3e37d674-96d3-4073-9443-a2e7f6600884
[list-admin] 11:03:10 AM REPORT RequestId: 3e37d674-96d3-4073-9443-a2e7f6600884	Duration: 68.49 ms	Billed Duration: 69 ms	Memory Size: 512 MB	Max Memory Used: 317 MB	Init Duration: 974.03 ms
[check-auth] 11:03:23 AM INIT_START Runtime Version: nodejs:18.v63	Runtime Version ARN: arn:aws:lambda:us-east-1::runtime:ad007b64e69135315cba0d95ed797867707d928d1128edf4fa17a926a71f1718
[list-admin] 11:03:26 AM START RequestId: 31bc4290-b824-4588-b698-dd9cedab3dd9 Version: $LATEST
[list-admin] 11:03:26 AM 2025-04-14T04:03:26.328Z	31bc4290-b824-4588-b698-dd9cedab3dd9	INFO	Auth Header:  Bearer eyJhbGciOiJIUzI1NiIsInR5cCI6IkpXVCJ9.eyJ1c2VySWQiOiI2NGNiNDNjNy1mYzU0LTQwNGUtODJhZi02NmIyZGFkMzE1ZGUiLCJpYXQiOjE3NDQ2MDI1OTcsImV4cCI6MTc0NDYwMjg5N30.HVChFHuF-sYTDcX8j063j1HKHaw5JFrTc342GDkfszg
[list-admin] 11:03:26 AM 2025-04-14T04:03:26.329Z	31bc4290-b824-4588-b698-dd9cedab3dd9	ERROR	Failed to retrieve Users:  {
  error: Error: Invalid or expired token
      at v$ (file:///var/task/index.mjs:37:51811)
      at Runtime.amt [as handler] (file:///var/task/index.mjs:37:52881)
      at Runtime.handleOnceNonStreaming (file:///var/runtime/index.mjs:1173:29) {
    statusCode: 401
  },
  event: {
    resource: '/users',
    path: '/users/',
    httpMethod: 'GET',
    headers: {
      Accept: '*/*',
      'Accept-Encoding': 'gzip, deflate, br, zstd',
      'Accept-Language': 'en-US,en;q=0.9,vi;q=0.8,zh-CN;q=0.7,zh;q=0.6',
      Authorization: 'Bearer eyJhbGciOiJIUzI1NiIsInR5cCI6IkpXVCJ9.eyJ1c2VySWQiOiI2NGNiNDNjNy1mYzU0LTQwNGUtODJhZi02NmIyZGFkMzE1ZGUiLCJpYXQiOjE3NDQ2MDI1OTcsImV4cCI6MTc0NDYwMjg5N30.HVChFHuF-sYTDcX8j063j1HKHaw5JFrTc342GDkfszg',
      'CloudFront-Forwarded-Proto': 'https',
      'CloudFront-Is-Desktop-Viewer': 'true',
      'CloudFront-Is-Mobile-Viewer': 'false',
      'CloudFront-Is-SmartTV-Viewer': 'false',
      'CloudFront-Is-Tablet-Viewer': 'false',
      'CloudFront-Viewer-ASN': '45899',
      'CloudFront-Viewer-Country': 'VN',
      Host: 'jmkfjlxu63.execute-api.us-east-1.amazonaws.com',
      origin: 'http://localhost:3000',
      priority: 'u=1, i',
      Referer: 'http://localhost:3000/',
      'sec-ch-ua': '"Google Chrome";v="135", "Not-A.Brand";v="8", "Chromium";v="135"',
      'sec-ch-ua-mobile': '?0',
      'sec-ch-ua-platform': '"Windows"',
      'sec-fetch-dest': 'empty',
      'sec-fetch-mode': 'cors',
      'sec-fetch-site': 'cross-site',
      'User-Agent': 'Mozilla/5.0 (Windows NT 10.0; Win64; x64) AppleWebKit/537.36 (KHTML, like Gecko) Chrome/135.0.0.0 Safari/537.36',
      Via: '2.0 b005823ccfa8d2adef57dbd62c82d3b4.cloudfront.net (CloudFront)',
      'X-Amz-Cf-Id': 'mOwoKG8sEIo1NsvY9zROlSiOh3d06vLOD9GfCleq-q2roBZjN6H0zA==',
      'X-Amzn-Trace-Id': 'Root=1-67fc890e-6ba132af7b86bd4d56a79808',
      'X-Forwarded-For': '14.161.12.17, 15.158.13.50',
      'X-Forwarded-Port': '443',
      'X-Forwarded-Proto': 'https'
    },
    multiValueHeaders: {
      Accept: [Array],
      'Accept-Encoding': [Array],
      'Accept-Language': [Array],
      Authorization: [Array],
      'CloudFront-Forwarded-Proto': [Array],
      'CloudFront-Is-Desktop-Viewer': [Array],
      'CloudFront-Is-Mobile-Viewer': [Array],
      'CloudFront-Is-SmartTV-Viewer': [Array],
      'CloudFront-Is-Tablet-Viewer': [Array],
      'CloudFront-Viewer-ASN': [Array],
      'CloudFront-Viewer-Country': [Array],
      Host: [Array],
      origin: [Array],
      priority: [Array],
      Referer: [Array],
      'sec-ch-ua': [Array],
      'sec-ch-ua-mobile': [Array],
      'sec-ch-ua-platform': [Array],
      'sec-fetch-dest': [Array],
      'sec-fetch-mode': [Array],
      'sec-fetch-site': [Array],
      'User-Agent': [Array],
      Via: [Array],
      'X-Amz-Cf-Id': [Array],
      'X-Amzn-Trace-Id': [Array],
      'X-Forwarded-For': [Array],
      'X-Forwarded-Port': [Array],
      'X-Forwarded-Proto': [Array]
    },
    queryStringParameters: { page: '1', pageSize: 'undefined', query: '' },
    multiValueQueryStringParameters: { page: [Array], pageSize: [Array], query: [Array] },
    pathParameters: null,
    stageVariables: null,
    requestContext: {
      resourceId: '3rsr17',
      resourcePath: '/users',
      httpMethod: 'GET',
      extendedRequestId: 'I_paSH-hoAMEImA=',
      requestTime: '14/Apr/2025:04:03:26 +0000',
      path: '/prod/users/',
      accountId: '647755634525',
      protocol: 'HTTP/1.1',
      stage: 'prod',
      domainPrefix: 'jmkfjlxu63',
      requestTimeEpoch: 1744603406230,
      requestId: '6a88d83f-148b-4f47-aaf4-d5c2dc74f2c3',
      identity: [Object],
      domainName: 'jmkfjlxu63.execute-api.us-east-1.amazonaws.com',
      deploymentId: 'sf0sq6',
      apiId: 'jmkfjlxu63'
    },
    body: null,
    isBase64Encoded: false
  }
}
[list-admin] 11:03:26 AM END RequestId: 31bc4290-b824-4588-b698-dd9cedab3dd9
[list-admin] 11:03:26 AM REPORT RequestId: 31bc4290-b824-4588-b698-dd9cedab3dd9	Duration: 81.08 ms	Billed Duration: 82 ms	Memory Size: 512 MB	Max Memory Used: 317 MB
[check-auth] 11:03:24 AM START RequestId: 068343e4-c22b-472d-96db-680c8f83117e Version: $LATEST
[check-auth] 11:03:24 AM 2025-04-14T04:03:24.030Z	068343e4-c22b-472d-96db-680c8f83117e	INFO	Token (cleaned):  eyJhbGciOiJIUzI1NiIsInR5cCI6IkpXVCJ9.eyJ1c2VySWQiOiI2NGNiNDNjNy1mYzU0LTQwNGUtODJhZi02NmIyZGFkMzE1ZGUiLCJpYXQiOjE3NDQ2MDI1OTcsImV4cCI6MTc0NDYwMjg5N30.HVChFHuF-sYTDcX8j063j1HKHaw5JFrTc342GDkfszg
[check-auth] 11:03:24 AM 2025-04-14T04:03:24.031Z	068343e4-c22b-472d-96db-680c8f83117e	INFO	Verifying token... a5e3696b23ce9b6e96af822f26b757d52c64b9a8e29351b9fee039dfb2d35600
[check-auth] 11:03:24 AM END RequestId: 068343e4-c22b-472d-96db-680c8f83117e
[check-auth] 11:03:24 AM REPORT RequestId: 068343e4-c22b-472d-96db-680c8f83117e	Duration: 48.38 ms	Billed Duration: 49 ms	Memory Size: 512 MB	Max Memory Used: 317 MB	Init Duration: 992.21 ms
[check-auth] 11:03:30 AM START RequestId: 2f406c4b-6f01-422c-a9b4-1ff48402e7c7 Version: $LATEST
[check-auth] 11:03:30 AM 2025-04-14T04:03:30.267Z	2f406c4b-6f01-422c-a9b4-1ff48402e7c7	INFO	Token (cleaned):  eyJhbGciOiJIUzI1NiIsInR5cCI6IkpXVCJ9.eyJ1c2VySWQiOiI2NGNiNDNjNy1mYzU0LTQwNGUtODJhZi02NmIyZGFkMzE1ZGUiLCJpYXQiOjE3NDQ2MDI1OTcsImV4cCI6MTc0NDYwMjg5N30.HVChFHuF-sYTDcX8j063j1HKHaw5JFrTc342GDkfszg
[check-auth] 11:03:30 AM 2025-04-14T04:03:30.267Z	2f406c4b-6f01-422c-a9b4-1ff48402e7c7	INFO	Verifying token... a5e3696b23ce9b6e96af822f26b757d52c64b9a8e29351b9fee039dfb2d35600
[check-auth] 11:03:30 AM END RequestId: 2f406c4b-6f01-422c-a9b4-1ff48402e7c7
[check-auth] 11:03:30 AM REPORT RequestId: 2f406c4b-6f01-422c-a9b4-1ff48402e7c7	Duration: 3.80 ms	Billed Duration: 4 ms	Memory Size: 512 MB	Max Memory Used: 317 MB
[list-tour] 11:03:51 AM INIT_START Runtime Version: nodejs:18.v63	Runtime Version ARN: arn:aws:lambda:us-east-1::runtime:ad007b64e69135315cba0d95ed797867707d928d1128edf4fa17a926a71f1718
[list-tour] 11:03:52 AM START RequestId: b4d8e3d5-375d-487d-b707-6fdd1db3cd0a Version: $LATEST
[list-tour] 11:03:52 AM 2025-04-14T04:03:52.798Z	b4d8e3d5-375d-487d-b707-6fdd1db3cd0a	INFO	Retrieving list of tours
[list-tour] 11:03:54 AM END RequestId: b4d8e3d5-375d-487d-b707-6fdd1db3cd0a
[list-tour] 11:03:54 AM REPORT RequestId: b4d8e3d5-375d-487d-b707-6fdd1db3cd0a	Duration: 1557.96 ms	Billed Duration: 1558 ms	Memory Size: 512 MB	Max Memory Used: 322 MB	Init Duration: 867.77 ms
[login] 11:03:45 AM INIT_START Runtime Version: nodejs:18.v63	Runtime Version ARN: arn:aws:lambda:us-east-1::runtime:ad007b64e69135315cba0d95ed797867707d928d1128edf4fa17a926a71f1718
[login] 11:03:46 AM START RequestId: 47bc38e7-4423-433a-8597-047f3d4dc8a7 Version: $LATEST
[login] 11:03:46 AM 2025-04-14T04:03:46.202Z	47bc38e7-4423-433a-8597-047f3d4dc8a7	INFO	Retrieving user with email:  info-admin@gmail.com
[login] 11:03:46 AM 2025-04-14T04:03:46.795Z	47bc38e7-4423-433a-8597-047f3d4dc8a7	INFO	User successfully retrieved:  {
  password: '$2b$10$Fk8hSSFK9yWlmyCSdMBkfuaPNnfBiNoeOxzJxnhMOkDbsyMq9v0JO',
  active: 0,
  deleteFlag: 0,
  role: 0,
  updatedAt: '2025-03-28T07:24:56.336Z',
  userId: '64cb43c7-fc54-404e-82af-66b2dad315de',
  userName: 'admin',
  createdAt: '2025-03-28T07:24:56.336Z',
  updatedBy: 'admin',
  email: 'info-admin@gmail.com',
  createdBy: 'admin'
}
[login] 11:03:47 AM END RequestId: 47bc38e7-4423-433a-8597-047f3d4dc8a7
[login] 11:03:47 AM REPORT RequestId: 47bc38e7-4423-433a-8597-047f3d4dc8a7	Duration: 1064.93 ms	Billed Duration: 1065 ms	Memory Size: 512 MB	Max Memory Used: 323 MB	Init Duration: 921.57 ms
[check-auth] 11:03:48 AM START RequestId: d4f8fb51-b39a-4664-a5df-44634f1a6b80 Version: $LATEST
[check-auth] 11:03:48 AM 2025-04-14T04:03:48.910Z	d4f8fb51-b39a-4664-a5df-44634f1a6b80	INFO	Token (cleaned):  eyJhbGciOiJIUzI1NiIsInR5cCI6IkpXVCJ9.eyJ1c2VySWQiOiI2NGNiNDNjNy1mYzU0LTQwNGUtODJhZi02NmIyZGFkMzE1ZGUiLCJpYXQiOjE3NDQ2MDM0MjcsImV4cCI6MTc0NDYwMzcyN30.8A3o-naSUur77f0ljOnt0y8CIve4HKwlq5MPVGzrLX4
[check-auth] 11:03:48 AM 2025-04-14T04:03:48.910Z	d4f8fb51-b39a-4664-a5df-44634f1a6b80	INFO	Verifying token... a5e3696b23ce9b6e96af822f26b757d52c64b9a8e29351b9fee039dfb2d35600
[check-auth] 11:03:48 AM 2025-04-14T04:03:48.932Z	d4f8fb51-b39a-4664-a5df-44634f1a6b80	INFO	userId:  64cb43c7-fc54-404e-82af-66b2dad315de
[check-auth] 11:03:49 AM 2025-04-14T04:03:49.571Z	d4f8fb51-b39a-4664-a5df-44634f1a6b80	INFO	DynamoDB result:  {
  Items: [
    {
      password: '$2b$10$Fk8hSSFK9yWlmyCSdMBkfuaPNnfBiNoeOxzJxnhMOkDbsyMq9v0JO',
      active: 0,
      deleteFlag: 0,
      role: 0,
      userId: '64cb43c7-fc54-404e-82af-66b2dad315de',
      updatedAt: '2025-03-28T07:24:56.336Z',
      userName: 'admin',
      createdAt: '2025-03-28T07:24:56.336Z',
      updatedBy: 'admin',
      email: 'info-admin@gmail.com',
      createdBy: 'admin'
    }
  ],
  Count: 1,
  ScannedCount: 1
}
[check-auth] 11:03:49 AM END RequestId: d4f8fb51-b39a-4664-a5df-44634f1a6b80
[check-auth] 11:03:49 AM REPORT RequestId: d4f8fb51-b39a-4664-a5df-44634f1a6b80	Duration: 694.75 ms	Billed Duration: 695 ms	Memory Size: 512 MB	Max Memory Used: 317 MB
[list-admin] 11:04:07 AM START RequestId: 8d279bdc-8d87-4011-99a0-5002cf52164c Version: $LATEST
[list-admin] 11:04:07 AM 2025-04-14T04:04:07.526Z	8d279bdc-8d87-4011-99a0-5002cf52164c	INFO	Auth Header:  Bearer eyJhbGciOiJIUzI1NiIsInR5cCI6IkpXVCJ9.eyJ1c2VySWQiOiI2NGNiNDNjNy1mYzU0LTQwNGUtODJhZi02NmIyZGFkMzE1ZGUiLCJpYXQiOjE3NDQ2MDM0MjcsImV4cCI6MTc0NDYwMzcyN30.8A3o-naSUur77f0ljOnt0y8CIve4HKwlq5MPVGzrLX4
[list-admin] 11:04:08 AM 2025-04-14T04:04:08.186Z	8d279bdc-8d87-4011-99a0-5002cf52164c	INFO	Authenticated User: {
  password: '$2b$10$Fk8hSSFK9yWlmyCSdMBkfuaPNnfBiNoeOxzJxnhMOkDbsyMq9v0JO',
  active: 0,
  deleteFlag: 0,
  role: 0,
  userId: '64cb43c7-fc54-404e-82af-66b2dad315de',
  updatedAt: '2025-03-28T07:24:56.336Z',
  userName: 'admin',
  createdAt: '2025-03-28T07:24:56.336Z',
  updatedBy: 'admin',
  email: 'info-admin@gmail.com',
  createdBy: 'admin'
}
[list-admin] 11:04:08 AM 2025-04-14T04:04:08.187Z	8d279bdc-8d87-4011-99a0-5002cf52164c	INFO	Retrieving list of Users
[list-admin] 11:04:09 AM 2025-04-14T04:04:09.167Z	8d279bdc-8d87-4011-99a0-5002cf52164c	INFO	Users successfully retrieved:  [
  {
    active: 0,
    password: '$2b$10$cNSs3ZIrIS8S3RGpYX43guXttgHdtzFHTCQklm9S20VuS1HFiqV1G',
    deleteFlag: 0,
    role: 0,
    updatedAt: '2025-04-11T08:22:20.127Z',
    userId: 'f1798c43-4970-4399-be72-3cdde891bc53',
    userName: 'test',
    createdAt: '2025-04-11T07:54:20.072Z',
    updatedBy: '64cb43c7-fc54-404e-82af-66b2dad315de',
    email: 'test@gmail.com',
    createdBy: '64cb43c7-fc54-404e-82af-66b2dad315de'
  },
  {
    password: '$2b$10$Fk8hSSFK9yWlmyCSdMBkfuaPNnfBiNoeOxzJxnhMOkDbsyMq9v0JO',
    active: 0,
    deleteFlag: 0,
    role: 0,
    userId: '64cb43c7-fc54-404e-82af-66b2dad315de',
    updatedAt: '2025-03-28T07:24:56.336Z',
    userName: 'admin',
    createdAt: '2025-03-28T07:24:56.336Z',
    updatedBy: 'admin',
    email: 'info-admin@gmail.com',
    createdBy: 'admin'
  },
  {
    active: 0,
    password: '$2b$10$2dsYpkVzS0oiGRMaWM/YDuN1PHDNNFDo.N2jv0uPfR5JRtPwMrcnK',
    deleteFlag: 0,
    role: 0,
    updatedAt: '2025-04-04T08:23:45.372Z',
    userId: 'd84c7df7-0be3-47a6-9e2c-4765b8b19fee',
    userName: 'minh333',
    createdAt: '2025-04-04T08:14:35.686Z',
    updatedBy: '64cb43c7-fc54-404e-82af-66b2dad315de',
    email: 'test@gmail.com',
    createdBy: '64cb43c7-fc54-404e-82af-66b2dad315de'
  },
  {
    password: '$2b$10$ZD9A.Sh40y3Jiz5R48482.XW8V7F53hagc0bUT4GrhEJyJfupw9VC',
    active: 0,
    deleteFlag: 0,
    role: 0,
    userId: 'e9635760-d6d9-4c58-8d23-4ceff2b093d3',
    updatedAt: '',
    userName: 'test',
    createdAt: '2025-04-11T06:55:27.522Z',
    updatedBy: '',
    email: 'info-admin@gmail.com',
    createdBy: '64cb43c7-fc54-404e-82af-66b2dad315de'
  },
  {
    password: '$2b$10$P0GoA4j7aICx2jwwEyALbug.tRRnRycPe/5WHmtlRo80kiojiq/g.',
    active: 0,
    deleteFlag: 0,
    role: 0,
    userId: 'd521bb43-15ca-4eb6-b0e8-a938734e29b8',
    updatedAt: '',
    userName: 'test',
    createdAt: '2025-04-04T02:56:06.742Z',
    updatedBy: '',
    email: 'test@gmail.com',
    createdBy: '64cb43c7-fc54-404e-82af-66b2dad315de'
  }
]
[list-admin] 11:04:09 AM END RequestId: 8d279bdc-8d87-4011-99a0-5002cf52164c
[list-admin] 11:04:09 AM REPORT RequestId: 8d279bdc-8d87-4011-99a0-5002cf52164c	Duration: 1688.11 ms	Billed Duration: 1689 ms	Memory Size: 512 MB	Max Memory Used: 317 MB
[list-admin] 11:04:54 AM START RequestId: 68059cfb-b278-4f3c-b6ca-52b8bf580cd5 Version: $LATEST
[list-admin] 11:04:54 AM 2025-04-14T04:04:54.030Z	68059cfb-b278-4f3c-b6ca-52b8bf580cd5	INFO	Auth Header:  Bearer eyJhbGciOiJIUzI1NiIsInR5cCI6IkpXVCJ9.eyJ1c2VySWQiOiI2NGNiNDNjNy1mYzU0LTQwNGUtODJhZi02NmIyZGFkMzE1ZGUiLCJpYXQiOjE3NDQ2MDM0MjcsImV4cCI6MTc0NDYwMzcyN30.8A3o-naSUur77f0ljOnt0y8CIve4HKwlq5MPVGzrLX4
[list-admin] 11:04:54 AM 2025-04-14T04:04:54.488Z	68059cfb-b278-4f3c-b6ca-52b8bf580cd5	INFO	Authenticated User: {
  password: '$2b$10$Fk8hSSFK9yWlmyCSdMBkfuaPNnfBiNoeOxzJxnhMOkDbsyMq9v0JO',
  active: 0,
  deleteFlag: 0,
  role: 0,
  userId: '64cb43c7-fc54-404e-82af-66b2dad315de',
  updatedAt: '2025-03-28T07:24:56.336Z',
  userName: 'admin',
  createdAt: '2025-03-28T07:24:56.336Z',
  updatedBy: 'admin',
  email: 'info-admin@gmail.com',
  createdBy: 'admin'
}
[list-admin] 11:04:54 AM 2025-04-14T04:04:54.488Z	68059cfb-b278-4f3c-b6ca-52b8bf580cd5	INFO	Retrieving list of Users
[list-admin] 11:04:55 AM 2025-04-14T04:04:55.486Z	68059cfb-b278-4f3c-b6ca-52b8bf580cd5	INFO	Users successfully retrieved:  [
  {
    active: 0,
    password: '$2b$10$cNSs3ZIrIS8S3RGpYX43guXttgHdtzFHTCQklm9S20VuS1HFiqV1G',
    deleteFlag: 0,
    role: 0,
    updatedAt: '2025-04-11T08:22:20.127Z',
    userId: 'f1798c43-4970-4399-be72-3cdde891bc53',
    userName: 'test',
    createdAt: '2025-04-11T07:54:20.072Z',
    updatedBy: '64cb43c7-fc54-404e-82af-66b2dad315de',
    email: 'test@gmail.com',
    createdBy: '64cb43c7-fc54-404e-82af-66b2dad315de'
  },
  {
    password: '$2b$10$Fk8hSSFK9yWlmyCSdMBkfuaPNnfBiNoeOxzJxnhMOkDbsyMq9v0JO',
    active: 0,
    deleteFlag: 0,
    role: 0,
    userId: '64cb43c7-fc54-404e-82af-66b2dad315de',
    updatedAt: '2025-03-28T07:24:56.336Z',
    userName: 'admin',
    createdAt: '2025-03-28T07:24:56.336Z',
    updatedBy: 'admin',
    email: 'info-admin@gmail.com',
    createdBy: 'admin'
  },
  {
    active: 0,
    password: '$2b$10$2dsYpkVzS0oiGRMaWM/YDuN1PHDNNFDo.N2jv0uPfR5JRtPwMrcnK',
    deleteFlag: 0,
    role: 0,
    updatedAt: '2025-04-04T08:23:45.372Z',
    userId: 'd84c7df7-0be3-47a6-9e2c-4765b8b19fee',
    userName: 'minh333',
    createdAt: '2025-04-04T08:14:35.686Z',
    updatedBy: '64cb43c7-fc54-404e-82af-66b2dad315de',
    email: 'test@gmail.com',
    createdBy: '64cb43c7-fc54-404e-82af-66b2dad315de'
  },
  {
    password: '$2b$10$ZD9A.Sh40y3Jiz5R48482.XW8V7F53hagc0bUT4GrhEJyJfupw9VC',
    active: 0,
    deleteFlag: 0,
    role: 0,
    userId: 'e9635760-d6d9-4c58-8d23-4ceff2b093d3',
    updatedAt: '',
    userName: 'test',
    createdAt: '2025-04-11T06:55:27.522Z',
    updatedBy: '',
    email: 'info-admin@gmail.com',
    createdBy: '64cb43c7-fc54-404e-82af-66b2dad315de'
  },
  {
    password: '$2b$10$P0GoA4j7aICx2jwwEyALbug.tRRnRycPe/5WHmtlRo80kiojiq/g.',
    active: 0,
    deleteFlag: 0,
    role: 0,
    userId: 'd521bb43-15ca-4eb6-b0e8-a938734e29b8',
    updatedAt: '',
    userName: 'test',
    createdAt: '2025-04-04T02:56:06.742Z',
    updatedBy: '',
    email: 'test@gmail.com',
    createdBy: '64cb43c7-fc54-404e-82af-66b2dad315de'
  },
  {
    password: '$2b$10$5nLpdXoISMAdk3s7qYJa5.wCGmJGXod088F9BkyK2qN4Kl5sTkBWe',
    active: 0,
    deleteFlag: 0,
    role: 0,
    userId: 'de6d2237-ae55-4cdd-915c-da039ffeef4c',
    updatedAt: '',
    userName: 'test',
    createdAt: '2025-04-04T02:56:07.605Z',
    updatedBy: '',
    email: 'test@gmail.com',
    createdBy: '64cb43c7-fc54-404e-82af-66b2dad315de'
  },
  {
    active: 0,
    password: '$2b$10$frHsErU23As.Z3mFn2H0Xe7ZTfW.9dPCVe8f7mdGFNUA3QhZwJ5m2',
    deleteFlag: 0,
    role: 0,
    updatedAt: '2025-04-04T05:03:29.645Z',
    userId: 'acdea670-fb1e-44db-927f-7d893030e9a9',
    userName: 'jack3.5',
    createdAt: '2025-04-04T04:35:03.838Z',
    updatedBy: '64cb43c7-fc54-404e-82af-66b2dad315de',
    email: 'jack@gmail.com',
    createdBy: '64cb43c7-fc54-404e-82af-66b2dad315de'
  },
  {
    password: '$2b$10$HTbLfdQ1G3/z3ybwSCoiTuvTAszhRmUSj78Zhl9M7sGmH97J5cV16',
    active: 0,
    deleteFlag: 0,
    role: 0,
    userId: 'abe3b8ad-de7d-48a1-b32e-4ddfc32b64c9',
    updatedAt: '',
    userName: 'test20250411',
    createdAt: '2025-04-11T07:55:24.750Z',
    updatedBy: '',
    email: 'test20250411@gmail.com',
    createdBy: '64cb43c7-fc54-404e-82af-66b2dad315de'
  },
  {
    password: '$2b$10$PCUZvjs.qTUhDpEryTLyH.QjB7/kW6AGTRnpU.nkTLiN2cWRPD0tW',
    active: 0,
    deleteFlag: 0,
    role: 0,
    userId: 'b628db4c-eaf4-4341-880c-3645dbbb6c46',
    updatedAt: '',
    userName: 'test',
    createdAt: '2025-04-04T02:56:06.056Z',
    updatedBy: '',
    email: 'test@gmail.com',
    createdBy: '64cb43c7-fc54-404e-82af-66b2dad315de'
  },
  {
    active: 1,
    password: '$2b$10$juLOt2f2yiZ20gRI3.U4pOf.dkzD9q5py.6yRoH2TXXCpCgce6Ez6',
    deleteFlag: 0,
    role: 0,
    updatedAt: '2025-04-11T08:21:09.036Z',
    userId: '62ebfd27-91d3-422d-b80b-1f72143d0201',
    userName: 'test',
    createdAt: '2025-04-04T02:55:11.235Z',
    updatedBy: '64cb43c7-fc54-404e-82af-66b2dad315de',
    email: 'info-admin@gmail.com',
    createdBy: '64cb43c7-fc54-404e-82af-66b2dad315de'
  },
  {
    password: '$2b$10$GDTvQxnhMLyhn9JuUFL5.eYMXhQRAi.gTJPenIfrDm/Rb2gCPXse.',
    active: 0,
    deleteFlag: 0,
    role: 0,
    userId: '38db7063-9a50-44a1-859c-a7efccde8f57',
    updatedAt: '',
    userName: 'test6868',
    createdAt: '2025-04-11T06:51:19.409Z',
    updatedBy: '',
    email: 'test68@gmail.com',
    createdBy: '64cb43c7-fc54-404e-82af-66b2dad315de'
  },
  {
    password: '$2b$10$OaBVgKv7mypqlyXCfDWKNO/yEFavmsX9E/KvJKywYMXxN8RlSmxlO',
    active: 0,
    deleteFlag: 0,
    role: 0,
    userId: '21c18fa6-7450-4b68-bde6-79f7f9123f48',
    updatedAt: '',
    userName: 'test',
    createdAt: '2025-04-04T03:45:44.454Z',
    updatedBy: '',
    email: 'minh@gmail.com',
    createdBy: '64cb43c7-fc54-404e-82af-66b2dad315de'
  },
  {
    password: '$2b$10$inUYbVz0oIm5X8wQbf5PVuV7J7VE9BnqE/cWKhoLB4Dv1/mq.aGJm',
    active: 0,
    deleteFlag: 0,
    role: 0,
    userId: '558997f2-2e3c-4260-9c25-a587ead98804',
    updatedAt: '',
    userName: 'test',
    createdAt: '2025-04-04T03:46:58.573Z',
    updatedBy: '',
    email: 'minh@gmail.com',
    createdBy: '64cb43c7-fc54-404e-82af-66b2dad315de'
  },
  {
    password: '$2b$10$fIw9F1BFBdz4vvr3DKvn7.3xWUDj8G5fT4SV9nm8saR/K4u7Btmmy',
    active: 0,
    deleteFlag: 0,
    role: 0,
    userId: '9ba7f151-5905-43af-af11-64f69fab361d',
    updatedAt: '',
    userName: 'test',
    createdAt: '2025-04-04T03:44:39.358Z',
    updatedBy: '',
    email: 'info-admin@gmail.com',
    createdBy: '64cb43c7-fc54-404e-82af-66b2dad315de'
  },
  {
    password: '$2b$10$FZ6HZcA.VIi3eackxxeQy.GQvVETVOdMfH3NEdlvWAk6.JyjC/aZq',
    active: 0,
    deleteFlag: 0,
    role: 0,
    userId: '3aed1a5a-27e5-4363-96b8-f561e75c88bc',
    updatedAt: '',
    userName: 'test11',
    createdAt: '2025-04-04T02:57:32.917Z',
    updatedBy: '',
    email: 'hoatm@i-stech.net',
    createdBy: '64cb43c7-fc54-404e-82af-66b2dad315de'
  },
  {
    password: '$2b$10$fhlEigQXtWutTHaxCjlk..imrjlWdaQ5h8pVNWFi3spB4OW9F56fa',
    active: 0,
    deleteFlag: 0,
    role: 0,
    userId: 'cc838e49-56e5-4774-b72d-ae2c35c6d47d',
    updatedAt: '',
    userName: 'test',
    createdAt: '2025-04-04T02:56:07.794Z',
    updatedBy: '',
    email: 'test@gmail.com',
    createdBy: '64cb43c7-fc54-404e-82af-66b2dad315de'
  },
  {
    password: '$2b$10$Iy16eo5/YmMzCIHO9Of6qesrvoeUFfVc.288Nm/Iy3GpM8gdUif.m',
    active: 0,
    deleteFlag: 0,
    role: 0,
    userId: '0b81121e-991d-4a91-8fee-bc049f30bf78',
    updatedAt: '',
    userName: 'test999',
    createdAt: '2025-04-11T06:56:05.067Z',
    updatedBy: '',
    email: 'test@gmail.com',
    createdBy: '64cb43c7-fc54-404e-82af-66b2dad315de'
  },
  {
    password: '$2b$10$Sgj9EldqVSmHnr71Xv4YOu.g6/H4jqDRu.4XqRY9vUo.bU9suILBO',
    active: 0,
    deleteFlag: 0,
    role: 0,
    userId: '4138b5cb-2f4f-47f8-9995-32ff968b29cc',
    updatedAt: '',
    userName: 'test',
    createdAt: '2025-04-04T02:56:27.771Z',
    updatedBy: '',
    email: 'hoa@gmail.com',
    createdBy: '64cb43c7-fc54-404e-82af-66b2dad315de'
  },
  {
    password: '$2b$10$EicHzMQq73wxgT1Kc98dJegzfbqQRp2HCq70XuyP/I/ctmS4RVtbq',
    active: 0,
    deleteFlag: 0,
    role: 0,
    userId: 'cbd61566-82f9-4fb7-b337-9c739237e343',
    updatedAt: '',
    userName: 'test',
    createdAt: '2025-04-04T02:56:07.847Z',
    updatedBy: '',
    email: 'test@gmail.com',
    createdBy: '64cb43c7-fc54-404e-82af-66b2dad315de'
  },
  {
    password: '$2b$10$SsyOazBU39ujEAiwWnD/Hu02y3wi2M4OGl5PkHSPl4iJ/UKiazm12',
    active: 0,
    deleteFlag: 0,
    role: 0,
    userId: 'c77c4c1c-4864-4d2a-ba13-144c400e8749',
    updatedAt: '',
    userName: 'test',
    createdAt: '2025-04-04T02:55:10.411Z',
    updatedBy: '',
    email: 'info-admin@gmail.com',
    createdBy: '64cb43c7-fc54-404e-82af-66b2dad315de'
  },
  {
    password: '$2b$10$YXu1UVjmMk7twh0CMK38Iel.lvxh00zueubxDlBdpBX4Elkln.zTW',
    active: 0,
    deleteFlag: 0,
    role: 0,
    userId: 'b729f846-2890-4c16-9109-6b1cf18c728c',
    updatedAt: '',
    userName: 'key',
    createdAt: '2025-04-03T07:56:02.610Z',
    updatedBy: '',
    email: 'key@gmail.com',
    createdBy: '64cb43c7-fc54-404e-82af-66b2dad315de'
  },
  {
    password: '$2b$10$.YhjtYorZSiVU9nKb52zI.0In6d2c2ZMBydukF7KAmFuX7Qte3rpy',
    active: 0,
    deleteFlag: 0,
    role: 0,
    userId: '60ddbf26-6649-4950-8220-91fec5c71340',
    updatedAt: '',
    userName: 'test11',
    createdAt: '2025-04-04T02:57:35.234Z',
    updatedBy: '',
    email: 'hoatm@i-stech.net',
    createdBy: '64cb43c7-fc54-404e-82af-66b2dad315de'
  },
  {
    password: '$2b$10$lYCmo5XmlN3MW0KwwMdOJecIA6o3Mg.yRF3RhfK2HxeouQJRyCf72',
    active: 0,
    deleteFlag: 0,
    role: 0,
    userId: 'a75789ad-14d6-410d-9c7e-636eb2dd630c',
    updatedAt: '',
    userName: 'test',
    createdAt: '2025-04-04T03:44:41.238Z',
    updatedBy: '',
    email: 'info-admin@gmail.com',
    createdBy: '64cb43c7-fc54-404e-82af-66b2dad315de'
  },
  {
    password: '$2b$10$fOfFHII1b9KZtd/zTMVzJeHGLITLkTN6ku87BUausMn1n/tLrT0na',
    active: 0,
    deleteFlag: 0,
    role: 0,
    userId: 'ed9ac1c4-0a9a-486b-a007-b0a239cf9227',
    updatedAt: '',
    userName: 'truong11',
    createdAt: '2025-04-03T07:52:53.151Z',
    updatedBy: '',
    email: 'truong11@gmail.com',
    createdBy: '64cb43c7-fc54-404e-82af-66b2dad315de'
  },
  {
    password: '$2b$10$1IgNiude8EUA4CrpypnvjOYczt.S.llSTr8YztkN/1hR6BfkPxjCi',
    active: 0,
    deleteFlag: 0,
    role: 0,
    userId: '6ddc00fc-5e1c-4586-8528-f5684f01b013',
    updatedAt: '',
    userName: 'test',
    createdAt: '2025-04-04T02:56:05.376Z',
    updatedBy: '',
    email: 'test@gmail.com',
    createdBy: '64cb43c7-fc54-404e-82af-66b2dad315de'
  },
  {
    password: '$2b$10$aNGjWvUapiqa4UHjmRRWbOYp/qY1fjqJgvmxSUfAxMbFpdHyDXnoe',
    active: 0,
    deleteFlag: 0,
    role: 0,
    userId: '84127560-feed-41b2-9302-83850090fe67',
    updatedAt: '',
    userName: 'test11',
    createdAt: '2025-04-04T02:57:44.431Z',
    updatedBy: '',
    email: 'hoatm@i-stech.net',
    createdBy: '64cb43c7-fc54-404e-82af-66b2dad315de'
  },
  {
    password: '$2b$10$h5.JPG/XB20Bb.12ioAicelWJ7qJPhspTxsX8KdjmAWpfVJCKqvNe',
    active: 0,
    deleteFlag: 0,
    role: 0,
    userId: '834f9f30-3bb8-4a38-8d6b-7f7cd071b14b',
    updatedAt: '',
    userName: 'test',
    createdAt: '2025-04-04T02:56:06.636Z',
    updatedBy: '',
    email: 'test@gmail.com',
    createdBy: '64cb43c7-fc54-404e-82af-66b2dad315de'
  },
  {
    password: '$2b$10$OapB1/sHs4F7KUao8dsjK.pecuWgHPhc4Vaqmjmw6oC8F58LIKOS6',
    active: 0,
    deleteFlag: 0,
    role: 0,
    userId: '952e985a-2aff-4bc0-8e6a-1ba2890ebbc9',
    updatedAt: '',
    userName: 'test',
    createdAt: '2025-04-04T02:56:27.432Z',
    updatedBy: '',
    email: 'hoa@gmail.com',
    createdBy: '64cb43c7-fc54-404e-82af-66b2dad315de'
  },
  {
    password: '$2b$10$jZFwjNxRpgnxooM6gKqINu9iIxGEtG13J8iZFgoi3DmrVSF.uySsa',
    active: 0,
    deleteFlag: 0,
    role: 0,
    userId: '0ef89c3c-168d-42c8-a5d5-5c793a739871',
    updatedAt: '',
    userName: 'test',
    createdAt: '2025-04-04T02:56:04.573Z',
    updatedBy: '',
    email: 'test@gmail.com',
    createdBy: '64cb43c7-fc54-404e-82af-66b2dad315de'
  },
  {
    password: '$2b$10$WcZQivjgmPQ336P8LSS4meS5WcleU/MhbvOfsUaKPmvR9xjs5LSGG',
    active: 0,
    deleteFlag: 0,
    role: 0,
    userId: '5184b3bb-845b-4371-9d0e-ad8a6c8a44fe',
    updatedAt: '',
    userName: 'test11',
    createdAt: '2025-04-04T02:57:36.101Z',
    updatedBy: '',
    email: 'hoatm@i-stech.net',
    createdBy: '64cb43c7-fc54-404e-82af-66b2dad315de'
  }
]
[list-admin] 11:04:55 AM END RequestId: 68059cfb-b278-4f3c-b6ca-52b8bf580cd5
[list-admin] 11:04:55 AM REPORT RequestId: 68059cfb-b278-4f3c-b6ca-52b8bf580cd5	Duration: 1460.22 ms	Billed Duration: 1461 ms	Memory Size: 512 MB	Max Memory Used: 317 MB
[list-admin] 11:06:04 AM START RequestId: 1fc862a1-8eb4-42c7-9bfd-023029c65b9c Version: $LATEST
[list-admin] 11:06:04 AM 2025-04-14T04:06:04.527Z	1fc862a1-8eb4-42c7-9bfd-023029c65b9c	INFO	Auth Header:  Bearer eyJhbGciOiJIUzI1NiIsInR5cCI6IkpXVCJ9.eyJ1c2VySWQiOiI2NGNiNDNjNy1mYzU0LTQwNGUtODJhZi02NmIyZGFkMzE1ZGUiLCJpYXQiOjE3NDQ2MDM0MjcsImV4cCI6MTc0NDYwMzcyN30.8A3o-naSUur77f0ljOnt0y8CIve4HKwlq5MPVGzrLX4
[list-admin] 11:06:05 AM 2025-04-14T04:06:05.014Z	1fc862a1-8eb4-42c7-9bfd-023029c65b9c	INFO	Authenticated User: {
  password: '$2b$10$Fk8hSSFK9yWlmyCSdMBkfuaPNnfBiNoeOxzJxnhMOkDbsyMq9v0JO',
  active: 0,
  deleteFlag: 0,
  role: 0,
  userId: '64cb43c7-fc54-404e-82af-66b2dad315de',
  updatedAt: '2025-03-28T07:24:56.336Z',
  userName: 'admin',
  createdAt: '2025-03-28T07:24:56.336Z',
  updatedBy: 'admin',
  email: 'info-admin@gmail.com',
  createdBy: 'admin'
}
[list-admin] 11:06:05 AM 2025-04-14T04:06:05.014Z	1fc862a1-8eb4-42c7-9bfd-023029c65b9c	INFO	Retrieving list of Users
[list-admin] 11:06:05 AM 2025-04-14T04:06:05.963Z	1fc862a1-8eb4-42c7-9bfd-023029c65b9c	INFO	Users successfully retrieved:  [
  {
    active: 0,
    password: '$2b$10$cNSs3ZIrIS8S3RGpYX43guXttgHdtzFHTCQklm9S20VuS1HFiqV1G',
    deleteFlag: 0,
    role: 0,
    updatedAt: '2025-04-11T08:22:20.127Z',
    userId: 'f1798c43-4970-4399-be72-3cdde891bc53',
    userName: 'test',
    createdAt: '2025-04-11T07:54:20.072Z',
    updatedBy: '64cb43c7-fc54-404e-82af-66b2dad315de',
    email: 'test@gmail.com',
    createdBy: '64cb43c7-fc54-404e-82af-66b2dad315de'
  },
  {
    password: '$2b$10$Fk8hSSFK9yWlmyCSdMBkfuaPNnfBiNoeOxzJxnhMOkDbsyMq9v0JO',
    active: 0,
    deleteFlag: 0,
    role: 0,
    userId: '64cb43c7-fc54-404e-82af-66b2dad315de',
    updatedAt: '2025-03-28T07:24:56.336Z',
    userName: 'admin',
    createdAt: '2025-03-28T07:24:56.336Z',
    updatedBy: 'admin',
    email: 'info-admin@gmail.com',
    createdBy: 'admin'
  },
  {
    active: 0,
    password: '$2b$10$2dsYpkVzS0oiGRMaWM/YDuN1PHDNNFDo.N2jv0uPfR5JRtPwMrcnK',
    deleteFlag: 0,
    role: 0,
    updatedAt: '2025-04-04T08:23:45.372Z',
    userId: 'd84c7df7-0be3-47a6-9e2c-4765b8b19fee',
    userName: 'minh333',
    createdAt: '2025-04-04T08:14:35.686Z',
    updatedBy: '64cb43c7-fc54-404e-82af-66b2dad315de',
    email: 'test@gmail.com',
    createdBy: '64cb43c7-fc54-404e-82af-66b2dad315de'
  },
  {
    password: '$2b$10$ZD9A.Sh40y3Jiz5R48482.XW8V7F53hagc0bUT4GrhEJyJfupw9VC',
    active: 0,
    deleteFlag: 0,
    role: 0,
    userId: 'e9635760-d6d9-4c58-8d23-4ceff2b093d3',
    updatedAt: '',
    userName: 'test',
    createdAt: '2025-04-11T06:55:27.522Z',
    updatedBy: '',
    email: 'info-admin@gmail.com',
    createdBy: '64cb43c7-fc54-404e-82af-66b2dad315de'
  },
  {
    password: '$2b$10$P0GoA4j7aICx2jwwEyALbug.tRRnRycPe/5WHmtlRo80kiojiq/g.',
    active: 0,
    deleteFlag: 0,
    role: 0,
    userId: 'd521bb43-15ca-4eb6-b0e8-a938734e29b8',
    updatedAt: '',
    userName: 'test',
    createdAt: '2025-04-04T02:56:06.742Z',
    updatedBy: '',
    email: 'test@gmail.com',
    createdBy: '64cb43c7-fc54-404e-82af-66b2dad315de'
  }
]
[list-admin] 11:06:05 AM END RequestId: 1fc862a1-8eb4-42c7-9bfd-023029c65b9c
[list-admin] 11:06:05 AM REPORT RequestId: 1fc862a1-8eb4-42c7-9bfd-023029c65b9c	Duration: 1438.87 ms	Billed Duration: 1439 ms	Memory Size: 512 MB	Max Memory Used: 317 MB
[get-meeting-by-tourid] 11:16:30 AM INIT_START Runtime Version: nodejs:18.v63	Runtime Version ARN: arn:aws:lambda:us-east-1::runtime:ad007b64e69135315cba0d95ed797867707d928d1128edf4fa17a926a71f1718
[get-meeting-by-tourid] 11:16:30 AM START RequestId: 94fd2eb2-dccf-4dc9-a868-ccfbcd18fde0 Version: $LATEST
[get-meeting-by-tourid] 11:16:30 AM 2025-04-14T04:16:30.969Z	94fd2eb2-dccf-4dc9-a868-ccfbcd18fde0	INFO	Retrieving tour with tourId:  8ee26865-df26-43ad-a8fc-2346690db9f8
[get-meeting-by-tourid] 11:16:31 AM 2025-04-14T04:16:31.569Z	94fd2eb2-dccf-4dc9-a868-ccfbcd18fde0	INFO	Tour successfully retrieved:  {
  planningSalesOfficeName: '',
  tourNumber: 'Tour001',
  otherRemarks: '',
  updatedBy: '',
  createdBy: '64cb43c7-fc54-404e-82af-66b2dad315de',
  planningSalesOfficeTeamName: '',
  qrCodeDestination: '',
  meetingId: 'a666f1cf-6717-49cd-813f-29242f214804',
  departureDate: '2025-04-10',
  contactPersonName: '',
  numberOfTransmitters: '',
  phoneNumberCustomer: '',
  numberOfDevices: '',
  tourTestStatus: 'test',
  acceptanceDate: '',
  createdAt: '2025-04-10T04:06:04.086Z',
  planningOfficeName: '',
  contactPersonEmail: '',
  emailCustomer: '',
  returnDate: '2025-04-12',
  deleteFlag: 0,
  channelId: 'b3982e42-db2e-4cff-aff8-4c3930e19c7a',
  chatRestriction: 'allChat',
  processingNumber: 'Tour001',
  tourName: 'Tour001',
  updatedAt: '',
  tourId: '8ee26865-df26-43ad-a8fc-2346690db9f8'
}
[get-meeting-by-tourid] 11:16:31 AM END RequestId: 94fd2eb2-dccf-4dc9-a868-ccfbcd18fde0
[get-meeting-by-tourid] 11:16:31 AM REPORT RequestId: 94fd2eb2-dccf-4dc9-a868-ccfbcd18fde0	Duration: 630.61 ms	Billed Duration: 631 ms	Memory Size: 512 MB	Max Memory Used: 316 MB	Init Duration: 904.31 ms
